ID,X,Y,ODI,ODI归一化,类别,厚度Ti,间距Hi,埋深Di,采高Mi,垮落角,面宽,煤柱宽
50-14,495394.96,5404813.13,139.4738,0.210272,geo,7.00,100.13,299.7948,0.00,0.0,0.0,0.0
50-15,495558.87,5404339.03,120.8530,0.121428,geo,10.70,94.97,203.8481,0.00,0.0,0.0,0.0
50-16,495724.71,5403865.27,127.4736,0.153017,geo,67.88,62.11,178.5582,0.00,0.0,0.0,0.0
52-17,495869.64,5404980.28,122.9718,0.131537,geo,13.79,76.60,290.7766,0.00,0.0,0.0,0.0
52-18,496022.31,5404502.09,243.3227,0.705754,geo,10.80,118.00,229.7122,4.00,0.0,264.3,0.0
52-19,496166.57,5404015.05,117.0694,0.103376,geo,12.20,91.45,192.8016,0.00,0.0,0.0,0.0
54-16,496497.74,5404659.17,140.0199,0.212877,geo,7.30,115.48,231.9091,0.00,0.0,0.0,0.0
54-17,496655.46,5404184.68,232.2210,0.652786,geo,31.63,88.85,244.4627,15.84,0.0,223.1,0.0
54-18,496814.18,5403710.73,122.5983,0.129756,geo,23.18,95.83,163.4604,0.00,0.0,0.0,0.0
56-18,496675.16,5405766.01,145.6838,0.239901,geo,31.36,73.01,367.9716,0.00,0.0,0.0,0.0
56-20,497136.01,5404331.36,177.0824,0.389709,geo,42.30,153.69,96.3401,4.00,0.0,10.3,0.0
56-22,497291.62,5403856.01,196.7346,0.483473,geo,23.99,194.58,131.9908,0.00,0.0,0.0,0.0
60-18,497934.73,5405121.27,234.2805,0.662612,geo,7.78,85.04,393.3244,4.00,0.0,238.1,0.0
60-20,498232.97,5404152.17,255.0965,0.761929,geo,21.95,90.75,248.8583,19.48,0.0,288.1,0.0
64-24,498879.63,5405400.98,181.6546,0.411524,geo,19.68,126.49,372.1935,0.00,0.0,0.0,0.0
BK12-2,497464.39,5404959.31,168.9118,0.350726,geo,14.60,101.83,356.8387,4.00,0.0,25.8,0.0
BK12-3,497621.50,5404458.17,237.0676,0.675910,geo,47.71,62.24,311.5349,4.00,0.0,263.9,0.0
BK12-4,497754.00,5403998.03,136.4085,0.195647,geo,12.19,62.66,284.3160,20.74,0.0,19.6,0.0
BK12-7,498083.15,5404638.49,119.9016,0.116889,geo,19.18,46.22,388.7325,0.00,0.0,0.0,0.0
BK12-8,498378.44,5403689.89,97.4280,0.009663,geo,12.27,49.23,273.1153,0.00,0.0,0.0,0.0
BK14-9,499027.94,5404918.19,184.6977,0.426043,geo,47.18,119.97,317.0020,0.00,0.0,0.0,0.0
BK17-6,498782.26,5404074.31,191.1744,0.456945,geo,33.91,41.61,284.1628,23.14,0.0,172.2,0.0
BK20-1,498695.79,5404381.00,130.8207,0.168986,geo,7.95,28.60,326.3662,4.00,0.0,109.6,0.0
BK23-3,498046.92,5404790.11,254.7528,0.760289,geo,11.42,111.04,349.5780,4.00,0.0,251.8,0.0
BK23-4,498616.54,5404670.77,187.4071,0.438970,geo,23.33,134.90,305.1006,4.00,0.0,13.1,0.0
BK23-5,496173.39,5405602.25,212.2897,0.557690,geo,9.65,164.54,200.2891,4.00,0.0,91.9,0.0
BK23-6,496830.86,5405285.47,187.5687,0.439741,geo,8.21,123.58,338.9049,4.00,0.0,49.5,0.0
BK23-8,497760.29,5405592.22,184.4133,0.424686,geo,9.27,73.25,417.5623,4.00,0.0,112.0,0.0
BND-1,495394.96,5403689.89,131.4026,0.171763,gray,38.98,83.40,211.3800,0.00,0.0,0.0,0.0
BND-2,499027.94,5403689.89,122.9575,0.131470,gray,22.85,69.48,286.6189,0.00,0.0,0.0,0.0
BND-3,499027.94,5405766.01,161.9690,0.317600,gray,21.25,107.83,339.5717,0.00,0.0,0.0,0.0
BND-4,495394.96,5405766.01,146.2448,0.242577,gray,16.48,108.07,267.2489,0.00,0.0,0.0,0.0
BJ1,495601.82,5404270.61,123.1479,0.132378,blue,13.20,94.85,208.1438,0.00,0.0,0.0,0.0
BJ2,495603.05,5405808.91,149.6438,0.258795,blue,16.14,113.23,264.2561,0.00,0.0,0.0,0.0
BJ3,496085.13,5404207.59,130.2344,0.166189,blue,18.33,97.71,216.3403,0.00,0.0,0.0,0.0
BJ4,496085.13,5404272.58,134.1775,0.185002,blue,17.57,101.72,223.3059,0.00,0.0,0.0,0.0
BJ5,496170.86,5403926.97,120.5210,0.119845,blue,15.59,91.89,197.8029,0.00,0.0,0.0,0.0
BJ6,496177.63,5404207.59,129.9777,0.164964,blue,18.02,97.68,216.1491,0.00,0.0,0.0,0.0
BJ7,498958.81,5405677.69,166.2785,0.338162,blue,21.03,111.76,346.9132,0.00,0.0,0.0,0.0
BJ8,498958.81,5403926.11,116.7152,0.101686,blue,26.88,57.97,288.6053,0.00,0.0,0.0,0.0
WF-1-LOC1,496227.86,5403988.22,140.5554,0.215432,pink,13.82,92.00,196.0740,23.14,0.0,0.0,0.0
WF-1-LOC2,498908.18,5403988.22,134.3607,0.185876,pink,29.41,51.45,287.5308,23.14,0.0,0.0,0.0
WF-1-LOC3,498908.18,5404296.22,134.1080,0.184671,pink,19.77,55.76,306.7199,22.30,0.0,0.0,0.0
WF-1-LOC4,496227.86,5404296.22,156.7372,0.292639,pink,18.22,101.97,226.3203,23.14,0.0,0.0,0.0
WF-2-LOC1,495652.73,5404326.22,127.5025,0.153154,pink,12.85,95.58,209.8109,4.00,0.0,0.0,0.0
WF-2-LOC2,498908.18,5404326.22,117.3036,0.104494,pink,18.74,56.24,309.0029,4.00,0.0,0.0,0.0
WF-2-LOC3,498908.18,5404634.22,153.2686,0.276089,pink,24.69,95.43,312.7855,4.00,0.0,0.0,0.0
WF-2-LOC4,495652.73,5404634.22,138.2232,0.204305,pink,13.64,99.11,252.0223,4.00,0.0,0.0,0.0
WF-3-LOC1,495653.00,5404664.22,138.6000,0.206102,pink,13.41,98.76,256.6714,4.00,0.0,0.0,0.0
WF-3-LOC2,498908.18,5404664.22,157.0803,0.294275,pink,26.14,98.92,313.1420,4.00,0.0,0.0,0.0
WF-3-LOC3,498908.18,5404972.22,179.9428,0.403357,pink,39.90,114.89,319.1359,4.00,0.0,0.0,0.0
WF-3-LOC4,495653.00,5404972.22,135.7809,0.192652,pink,13.27,90.51,279.7063,4.00,0.0,0.0,0.0
WF-4-LOC1,495653.27,5405002.22,135.6931,0.192233,pink,13.44,90.28,279.6850,4.00,0.0,0.0,0.0
WF-4-LOC2,498908.18,5405002.22,178.6845,0.397353,pink,38.53,114.18,320.3597,4.00,0.0,0.0,0.0
WF-4-LOC3,498908.18,5405310.22,181.4133,0.410373,pink,20.98,122.40,363.6212,4.00,0.0,0.0,0.0
WF-4-LOC4,495653.27,5405310.22,144.4411,0.233972,pink,14.83,102.30,268.8693,4.00,0.0,0.0,0.0
WF-5-LOC1,495653.54,5405340.22,145.5568,0.239295,pink,14.92,103.87,267.6498,4.00,0.0,0.0,0.0
WF-5-LOC2,498869.67,5405340.22,183.7412,0.421480,pink,20.08,124.85,369.0049,4.00,0.0,0.0,0.0
WF-5-LOC3,498869.67,5405648.22,171.6643,0.363858,pink,20.73,113.32,350.5288,4.00,0.0,0.0,0.0
WF-5-LOC4,495653.54,5405648.22,153.6164,0.277749,pink,15.45,114.98,260.4654,4.00,0.0,0.0,0.0
WF-1-BJ1,496252.91,5403988.22,142.0165,0.222404,green,14.80,92.51,198.4229,23.14,0.0,0.0,0.0
WF-1-BJ2,496277.96,5403988.22,143.6716,0.230300,green,15.91,93.09,201.0825,23.14,0.0,0.0,0.0
WF-1-BJ3,496303.01,5403988.22,145.3340,0.238232,green,17.01,93.68,203.7486,23.14,0.0,0.0,0.0
WF-1-BJ4,496328.06,5403988.22,147.0601,0.246467,green,18.11,94.34,206.4727,23.14,0.0,0.0,0.0
WF-1-BJ5,496353.11,5403988.22,148.7863,0.254703,green,19.21,94.99,209.1968,23.14,0.0,0.0,0.0
WF-1-BJ6,496378.16,5403988.22,150.2645,0.261756,green,20.23,95.58,211.6475,23.04,0.0,0.0,0.0
WF-1-BJ7,496403.21,5403988.22,151.2699,0.266553,green,21.13,96.08,213.7013,22.67,0.0,0.0,0.0
WF-1-BJ8,496428.26,5403988.22,152.2754,0.271350,green,22.03,96.57,215.7552,22.30,0.0,0.0,0.0
WF-1-BJ9,496453.31,5403988.22,152.9836,0.274730,green,22.79,96.92,217.2676,21.95,0.0,0.0,0.0
WF-1-BJ10,496478.36,5403988.22,153.5730,0.277541,green,23.48,97.20,218.5633,21.60,0.0,0.0,0.0
WF-1-BJ11,496503.41,5403988.22,154.1566,0.280326,green,24.17,97.48,219.8448,21.26,0.0,0.0,0.0
WF-1-BJ12,496528.46,5403988.22,154.4683,0.281813,green,24.66,97.66,220.4363,20.98,0.0,0.0,0.0
WF-1-BJ13,496553.51,5403988.22,154.7800,0.283300,green,25.16,97.83,221.0277,20.70,0.0,0.0,0.0
WF-1-BJ14,496578.56,5403988.22,155.0662,0.284666,green,25.58,98.04,221.3684,20.46,0.0,0.0,0.0
WF-1-BJ15,496603.61,5403988.22,155.2998,0.285780,green,25.86,98.32,221.1912,20.31,0.0,0.0,0.0
WF-1-BJ16,496628.66,5403988.22,155.5334,0.286895,green,26.14,98.60,221.0140,20.15,0.0,0.0,0.0
WF-1-BJ17,496653.71,5403988.22,155.8423,0.288369,green,26.29,99.09,220.2931,20.10,0.0,0.0,0.0
WF-1-BJ18,496678.76,5403988.22,156.1950,0.290052,green,26.37,99.70,219.2561,20.09,0.0,0.0,0.0
WF-1-BJ19,496703.81,5403988.22,156.5476,0.291734,green,26.45,100.31,218.2191,20.09,0.0,0.0,0.0
WF-1-BJ20,496728.86,5403988.22,157.1428,0.294574,green,26.41,101.32,216.5523,20.19,0.0,0.0,0.0
WF-1-BJ21,496753.91,5403988.22,157.7537,0.297489,green,26.37,102.37,214.8444,20.30,0.0,0.0,0.0
WF-1-BJ22,496778.96,5403988.22,158.4487,0.300804,green,26.32,103.52,213.0782,20.43,0.0,0.0,0.0
WF-1-BJ23,496804.01,5403988.22,159.4026,0.305356,green,26.27,105.00,211.1322,20.58,0.0,0.0,0.0
WF-1-BJ24,496829.06,5403988.22,160.3566,0.309907,green,26.21,106.49,209.1862,20.74,0.0,0.0,0.0
WF-1-BJ25,496854.11,5403988.22,161.5258,0.315486,green,26.17,108.23,207.2493,20.89,0.0,0.0,0.0
WF-1-BJ26,496879.16,5403988.22,162.8704,0.321901,green,26.16,110.19,205.3198,21.03,0.0,0.0,0.0
WF-1-BJ27,496904.21,5403988.22,164.2151,0.328317,green,26.14,112.14,203.3903,21.17,0.0,0.0,0.0
WF-1-BJ28,496929.26,5403988.22,165.8886,0.336302,green,26.15,114.55,201.4099,21.25,0.0,0.0,0.0
WF-1-BJ29,496954.31,5403988.22,167.6170,0.344548,green,26.16,117.05,199.4209,21.33,0.0,0.0,0.0
WF-1-BJ30,496979.36,5403988.22,169.3994,0.353052,green,26.17,119.64,197.3869,21.39,0.0,0.0,0.0
WF-1-BJ31,497004.41,5403988.22,171.4587,0.362878,green,26.17,122.74,195.1222,21.37,0.0,0.0,0.0
WF-1-BJ32,497029.46,5403988.22,173.5181,0.372703,green,26.16,125.85,192.8574,21.34,0.0,0.0,0.0
WF-1-BJ33,497054.51,5403988.22,175.6981,0.383105,green,26.12,129.26,190.3815,21.24,0.0,0.0,0.0
WF-1-BJ34,497079.55,5403988.22,178.0147,0.394157,green,26.04,133.00,187.6667,21.07,0.0,0.0,0.0
WF-1-BJ35,497104.60,5403988.22,180.3313,0.405210,green,25.96,136.75,184.9519,20.90,0.0,0.0,0.0
WF-1-BJ36,497129.65,5403988.22,182.6878,0.416454,green,25.83,140.76,181.9807,20.63,0.0,0.0,0.0
WF-1-BJ37,497154.70,5403988.22,185.0559,0.427752,green,25.67,144.85,178.9351,20.34,0.0,0.0,0.0
WF-1-BJ38,497179.75,5403988.22,187.3743,0.438814,green,25.52,148.86,175.9509,20.05,0.0,0.0,0.0
WF-1-BJ39,497204.80,5403988.22,189.1332,0.447206,green,25.34,152.02,173.6562,19.77,0.0,0.0,0.0
WF-1-BJ40,497229.85,5403988.22,190.8920,0.455598,green,25.17,155.19,171.3615,19.49,0.0,0.0,0.0
WF-1-BJ41,497254.90,5403988.22,191.9916,0.460844,green,25.01,157.17,170.2309,19.29,0.0,0.0,0.0
WF-1-BJ42,497279.95,5403988.22,192.0503,0.461124,green,24.87,157.29,170.9384,19.21,0.0,0.0,0.0
WF-1-BJ43,497305.00,5403988.22,192.1089,0.461403,green,24.72,157.42,171.6458,19.13,0.0,0.0,0.0
WF-1-BJ44,497330.05,5403988.22,190.6474,0.454430,green,24.56,154.80,175.3671,19.23,0.0,0.0,0.0
WF-1-BJ45,497355.10,5403988.22,188.5152,0.444257,green,24.38,150.98,180.4181,19.40,0.0,0.0,0.0
WF-1-BJ46,497380.15,5403988.22,186.3830,0.434084,green,24.21,147.15,185.4691,19.57,0.0,0.0,0.0
WF-1-BJ47,497405.20,5403988.22,182.6890,0.416459,green,23.85,140.74,193.6180,19.83,0.0,0.0,0.0
WF-1-BJ48,497430.25,5403988.22,178.9950,0.398834,green,23.49,134.33,201.7669,20.09,0.0,0.0,0.0
WF-1-BJ49,497455.30,5403988.22,175.0690,0.380103,green,23.04,127.66,210.2016,20.34,0.0,0.0,0.0
WF-1-BJ50,497480.35,5403988.22,170.6175,0.358864,green,22.38,120.42,219.2842,20.54,0.0,0.0,0.0
WF-1-BJ51,497505.40,5403988.22,166.1660,0.337625,green,21.72,113.18,228.3669,20.74,0.0,0.0,0.0
WF-1-BJ52,497530.45,5403988.22,161.5008,0.315367,green,20.83,106.02,237.0920,20.87,0.0,0.0,0.0
WF-1-BJ53,497555.50,5403988.22,156.7005,0.292463,green,19.81,98.91,245.5909,20.95,0.0,0.0,0.0
WF-1-BJ54,497580.55,5403988.22,151.9001,0.269560,green,18.78,91.79,254.0897,21.03,0.0,0.0,0.0
WF-1-BJ55,497605.60,5403988.22,147.2029,0.247148,green,17.52,85.47,261.0294,21.01,0.0,0.0,0.0
WF-1-BJ56,497630.65,5403988.22,142.5148,0.224781,green,16.23,79.21,267.8306,20.98,0.0,0.0,0.0
WF-1-BJ57,497655.70,5403988.22,138.1509,0.203960,green,15.00,73.46,273.9578,20.94,0.0,0.0,0.0
WF-1-BJ58,497680.75,5403988.22,134.9061,0.188478,green,13.97,69.50,277.7578,20.87,0.0,0.0,0.0
WF-1-BJ59,497705.80,5403988.22,131.6614,0.172997,green,12.94,65.54,281.5577,20.80,0.0,0.0,0.0
WF-1-BJ60,497730.85,5403988.22,130.0283,0.165205,green,12.43,63.54,283.4956,20.76,0.0,0.0,0.0
WF-1-BJ61,497755.90,5403988.22,129.8202,0.164213,green,12.37,63.26,283.7872,20.76,0.0,0.0,0.0
WF-1-BJ62,497780.95,5403988.22,129.6122,0.163220,green,12.31,62.99,284.0787,20.75,0.0,0.0,0.0
WF-1-BJ63,497806.00,5403988.22,131.3516,0.171519,green,12.98,64.80,282.8932,20.81,0.0,0.0,0.0
WF-1-BJ64,497831.05,5403988.22,133.4707,0.181630,green,13.80,67.02,281.4197,20.89,0.0,0.0,0.0
WF-1-BJ65,497856.10,5403988.22,135.6098,0.191836,green,14.63,69.25,279.9619,20.96,0.0,0.0,0.0
WF-1-BJ66,497881.15,5403988.22,137.8696,0.202618,green,15.57,71.53,278.5976,21.02,0.0,0.0,0.0
WF-1-BJ67,497906.20,5403988.22,140.1293,0.213399,green,16.50,73.81,277.2333,21.09,0.0,0.0,0.0
WF-1-BJ68,497931.25,5403988.22,142.0029,0.222338,green,17.32,75.71,276.0478,21.12,0.0,0.0,0.0
WF-1-BJ69,497956.30,5403988.22,143.4028,0.229018,green,17.97,77.13,275.0816,21.12,0.0,0.0,0.0
WF-1-BJ70,497981.35,5403988.22,144.8027,0.235697,green,18.63,78.55,274.1154,21.12,0.0,0.0,0.0
WF-1-BJ71,498006.39,5403988.22,145.6090,0.239544,green,19.08,79.44,273.1910,21.08,0.0,0.0,0.0
WF-1-BJ72,498031.44,5403988.22,146.2230,0.242473,green,19.46,80.16,272.2802,21.02,0.0,0.0,0.0
WF-1-BJ73,498056.49,5403988.22,146.8083,0.245266,green,19.83,80.86,271.3655,20.97,0.0,0.0,0.0
WF-1-BJ74,498081.54,5403988.22,146.9564,0.245972,green,20.04,81.19,270.3908,20.88,0.0,0.0,0.0
WF-1-BJ75,498106.59,5403988.22,147.1044,0.246679,green,20.24,81.53,269.4161,20.79,0.0,0.0,0.0
WF-1-BJ76,498131.64,5403988.22,147.1603,0.246945,green,20.40,81.75,268.5416,20.71,0.0,0.0,0.0
WF-1-BJ77,498156.69,5403988.22,147.0575,0.246455,green,20.49,81.79,267.8392,20.64,0.0,0.0,0.0
WF-1-BJ78,498181.74,5403988.22,146.9547,0.245964,green,20.59,81.82,267.1369,20.56,0.0,0.0,0.0
WF-1-BJ79,498206.79,5403988.22,146.7049,0.244773,green,20.63,81.54,266.9966,20.53,0.0,0.0,0.0
WF-1-BJ80,498231.84,5403988.22,146.3839,0.243241,green,20.65,81.12,267.1285,20.51,0.0,0.0,0.0
WF-1-BJ81,498256.89,5403988.22,146.0628,0.241709,green,20.66,80.69,267.2603,20.50,0.0,0.0,0.0
WF-1-BJ82,498281.94,5403988.22,145.5127,0.239085,green,20.65,79.72,268.3558,20.55,0.0,0.0,0.0
WF-1-BJ83,498306.99,5403988.22,144.9579,0.236438,green,20.64,78.73,269.4711,20.60,0.0,0.0,0.0
WF-1-BJ84,498332.04,5403988.22,144.3671,0.233618,green,20.65,77.62,270.7367,20.67,0.0,0.0,0.0
WF-1-BJ85,498357.09,5403988.22,143.6862,0.230370,green,20.70,76.24,272.3774,20.78,0.0,0.0,0.0
WF-1-BJ86,498382.14,5403988.22,143.0052,0.227121,green,20.76,74.85,274.0180,20.90,0.0,0.0,0.0
WF-1-BJ87,498407.19,5403988.22,142.3307,0.223902,green,20.92,73.35,275.6601,21.04,0.0,0.0,0.0
WF-1-BJ88,498432.24,5403988.22,141.6604,0.220704,green,21.16,71.76,277.3031,21.21,0.0,0.0,0.0
WF-1-BJ89,498457.29,5403988.22,140.9902,0.217507,green,21.39,70.18,278.9461,21.38,0.0,0.0,0.0
WF-1-BJ90,498482.34,5403988.22,140.3396,0.214403,green,21.87,68.41,280.3244,21.61,0.0,0.0,0.0
WF-1-BJ91,498507.39,5403988.22,139.6913,0.211310,green,22.38,66.62,281.6727,21.84,0.0,0.0,0.0
WF-1-BJ92,498532.44,5403988.22,139.0310,0.208159,green,22.96,64.77,282.9222,22.09,0.0,0.0,0.0
WF-1-BJ93,498557.49,5403988.22,138.3237,0.204784,green,23.80,62.66,283.7871,22.39,0.0,0.0,0.0
WF-1-BJ94,498582.54,5403988.22,137.6164,0.201410,green,24.65,60.55,284.6519,22.69,0.0,0.0,0.0
WF-1-BJ95,498607.59,5403988.22,136.8662,0.197830,green,25.63,58.32,285.2118,23.01,0.0,0.0,0.0
WF-1-BJ96,498632.64,5403988.22,135.8793,0.193122,green,26.75,55.97,285.4794,23.14,0.0,0.0,0.0
WF-1-BJ97,498657.69,5403988.22,134.7722,0.187839,green,27.86,53.62,285.7469,23.14,0.0,0.0,0.0
WF-1-BJ98,498682.74,5403988.22,133.8022,0.183211,green,28.89,51.59,285.6690,23.14,0.0,0.0,0.0
WF-1-BJ99,498707.79,5403988.22,132.8629,0.178730,green,29.89,49.63,285.5135,23.14,0.0,0.0,0.0
WF-1-BJ100,498732.84,5403988.22,132.0053,0.174638,green,30.82,47.84,285.3721,23.14,0.0,0.0,0.0
WF-1-BJ101,498757.89,5403988.22,131.7300,0.173324,green,31.15,47.23,285.3308,23.14,0.0,0.0,0.0
WF-1-BJ102,498782.94,5403988.22,131.4546,0.172011,green,31.49,46.62,285.2894,23.14,0.0,0.0,0.0
WF-1-BJ103,498807.99,5403988.22,131.5188,0.172317,green,31.51,46.65,285.4398,23.14,0.0,0.0,0.0
WF-1-BJ104,498833.04,5403988.22,132.0349,0.174779,green,31.11,47.53,285.8452,23.14,0.0,0.0,0.0
WF-1-BJ105,498858.09,5403988.22,132.5510,0.177242,green,30.71,48.41,286.2507,23.14,0.0,0.0,0.0
WF-1-BJ106,498883.14,5403988.22,133.3965,0.181276,green,30.10,49.83,286.8549,23.14,0.0,0.0,0.0
WF-1-BJ107,498908.18,5404013.88,133.6106,0.182297,green,29.95,50.08,287.4853,23.14,0.0,0.0,0.0
WF-1-BJ108,498908.18,5404039.55,133.0881,0.179805,green,30.29,49.14,287.5189,23.14,0.0,0.0,0.0
WF-1-BJ109,498908.18,5404065.22,132.6907,0.177908,green,30.49,48.44,287.6874,23.14,0.0,0.0,0.0
WF-1-BJ110,498908.18,5404090.88,132.8785,0.178804,green,30.06,48.85,288.4885,23.14,0.0,0.0,0.0
WF-1-BJ111,498908.18,5404116.55,133.0663,0.179701,green,29.64,49.26,289.2895,23.14,0.0,0.0,0.0
WF-1-BJ112,498908.18,5404142.22,133.6309,0.182394,green,28.46,50.51,291.1859,23.14,0.0,0.0,0.0
WF-1-BJ113,498908.18,5404167.88,134.2304,0.185254,green,27.21,51.84,293.1837,23.14,0.0,0.0,0.0
WF-1-BJ114,498908.18,5404193.55,134.6471,0.187243,green,25.72,53.02,295.7176,23.14,0.0,0.0,0.0
WF-1-BJ115,498908.18,5404219.22,134.9675,0.188771,green,24.10,54.12,298.5343,23.14,0.0,0.0,0.0
WF-1-BJ116,498908.18,5404244.88,134.8638,0.188277,green,22.56,54.95,301.3250,22.87,0.0,0.0,0.0
WF-1-BJ117,498908.18,5404270.55,134.4643,0.186371,green,21.13,55.35,304.0757,22.58,0.0,0.0,0.0
WF-1-BJ118,498883.14,5404296.22,131.9061,0.174165,green,19.02,53.51,307.8309,22.18,0.0,0.0,0.0
WF-1-BJ119,498858.09,5404296.22,129.5655,0.162998,green,18.17,51.16,309.1175,22.04,0.0,0.0,0.0
WF-1-BJ120,498833.04,5404296.22,126.8400,0.149994,green,17.04,48.50,310.8913,21.86,0.0,0.0,0.0
WF-1-BJ121,498807.99,5404296.22,124.1145,0.136990,green,15.91,45.85,312.6652,21.68,0.0,0.0,0.0
WF-1-BJ122,498782.94,5404296.22,121.5751,0.124874,green,14.81,43.40,314.4174,21.50,0.0,0.0,0.0
WF-1-BJ123,498757.89,5404296.22,119.1755,0.113425,green,13.72,41.12,316.1533,21.32,0.0,0.0,0.0
WF-1-BJ124,498732.84,5404296.22,116.7759,0.101976,green,12.64,38.84,317.8892,21.14,0.0,0.0,0.0
WF-1-BJ125,498707.79,5404296.22,116.6164,0.101215,green,12.42,38.83,318.0960,21.09,0.0,0.0,0.0
WF-1-BJ126,498682.74,5404296.22,116.7705,0.101950,green,12.32,39.14,318.0887,21.05,0.0,0.0,0.0
WF-1-BJ127,498657.69,5404296.22,117.4481,0.105183,green,12.40,40.01,317.7184,21.05,0.0,0.0,0.0
WF-1-BJ128,498632.64,5404296.22,120.4579,0.119543,green,13.26,43.40,315.7311,21.14,0.0,0.0,0.0
WF-1-BJ129,498607.59,5404296.22,123.4677,0.133904,green,14.12,46.78,313.7438,21.23,0.0,0.0,0.0
WF-1-BJ130,498582.54,5404296.22,126.7812,0.149713,green,15.02,50.59,311.4142,21.32,0.0,0.0,0.0
WF-1-BJ131,498557.49,5404296.22,130.4116,0.167034,green,15.98,54.84,308.7276,21.39,0.0,0.0,0.0
WF-1-BJ132,498532.44,5404296.22,134.0419,0.184355,green,16.94,59.10,306.0410,21.46,0.0,0.0,0.0
WF-1-BJ133,498507.39,5404296.22,137.0259,0.198592,green,17.68,62.81,303.2841,21.47,0.0,0.0,0.0
WF-1-BJ134,498482.34,5404296.22,139.8439,0.212037,green,18.36,66.38,300.5091,21.47,0.0,0.0,0.0
WF-1-BJ135,498457.29,5404296.22,142.5564,0.224979,green,19.02,69.86,297.7274,21.46,0.0,0.0,0.0
WF-1-BJ136,498432.24,5404296.22,144.3377,0.233478,green,19.44,72.44,294.8866,21.39,0.0,0.0,0.0
WF-1-BJ137,498407.19,5404296.22,146.1190,0.241977,green,19.87,75.02,292.0458,21.31,0.0,0.0,0.0
WF-1-BJ138,498382.14,5404296.22,147.5658,0.248880,green,20.23,77.24,289.2694,21.23,0.0,0.0,0.0
WF-1-BJ139,498357.09,5404296.22,148.5271,0.253467,green,20.48,78.94,286.5868,21.13,0.0,0.0,0.0
WF-1-BJ140,498332.04,5404296.22,149.4884,0.258053,green,20.74,80.64,283.9041,21.02,0.0,0.0,0.0
WF-1-BJ141,498306.99,5404296.22,150.0885,0.260916,green,20.92,81.77,281.9493,20.94,0.0,0.0,0.0
WF-1-BJ142,498281.94,5404296.22,150.5439,0.263089,green,21.06,82.67,280.2860,20.87,0.0,0.0,0.0
WF-1-BJ143,498256.89,5404296.22,150.9952,0.265242,green,21.20,83.55,278.6617,20.80,0.0,0.0,0.0
WF-1-BJ144,498231.84,5404296.22,151.2478,0.266448,green,21.28,83.73,278.9305,20.81,0.0,0.0,0.0
WF-1-BJ145,498206.79,5404296.22,151.5004,0.267653,green,21.35,83.91,279.1993,20.83,0.0,0.0,0.0
WF-1-BJ146,498181.74,5404296.22,151.7471,0.268830,green,21.42,83.95,279.9654,20.87,0.0,0.0,0.0
WF-1-BJ147,498156.69,5404296.22,151.9814,0.269948,green,21.49,83.68,281.7585,20.96,0.0,0.0,0.0
WF-1-BJ148,498131.64,5404296.22,152.2157,0.271066,green,21.56,83.42,283.5516,21.05,0.0,0.0,0.0
WF-1-BJ149,498106.59,5404296.22,152.4636,0.272248,green,21.68,83.10,285.4139,21.16,0.0,0.0,0.0
WF-1-BJ150,498081.54,5404296.22,152.7193,0.273469,green,21.82,82.75,287.3163,21.28,0.0,0.0,0.0
WF-1-BJ151,498056.49,5404296.22,152.9751,0.274689,green,21.96,82.40,289.2186,21.40,0.0,0.0,0.0
WF-1-BJ152,498031.44,5404296.22,153.2369,0.275938,green,22.21,82.14,290.3654,21.50,0.0,0.0,0.0
WF-1-BJ153,498006.39,5404296.22,153.4990,0.277189,green,22.48,81.89,291.4627,21.61,0.0,0.0,0.0
WF-1-BJ154,497981.35,5404296.22,153.7613,0.278440,green,22.79,81.66,292.3451,21.70,0.0,0.0,0.0
WF-1-BJ155,497956.30,5404296.22,154.0239,0.279693,green,23.23,81.49,292.5643,21.78,0.0,0.0,0.0
WF-1-BJ156,497931.25,5404296.22,154.2865,0.280946,green,23.67,81.33,292.7835,21.85,0.0,0.0,0.0
WF-1-BJ157,497906.20,5404296.22,154.5604,0.282253,green,24.23,81.16,292.7050,21.91,0.0,0.0,0.0
WF-1-BJ158,497881.15,5404296.22,154.8436,0.283604,green,24.89,81.00,292.3838,21.94,0.0,0.0,0.0
WF-1-BJ159,497856.10,5404296.22,155.1267,0.284955,green,25.56,80.84,292.0626,21.98,0.0,0.0,0.0
WF-1-BJ160,497831.05,5404296.22,155.4575,0.286533,green,26.43,80.63,291.6001,21.99,0.0,0.0,0.0
WF-1-BJ161,497806.00,5404296.22,155.7963,0.288149,green,27.33,80.42,291.1140,22.00,0.0,0.0,0.0
WF-1-BJ162,497780.95,5404296.22,156.1464,0.289820,green,28.26,80.21,290.6245,22.00,0.0,0.0,0.0
WF-1-BJ163,497755.90,5404296.22,156.5549,0.291769,green,29.30,80.00,290.1179,21.98,0.0,0.0,0.0
WF-1-BJ164,497730.85,5404296.22,156.9633,0.293717,green,30.34,79.79,289.6113,21.96,0.0,0.0,0.0
WF-1-BJ165,497705.80,5404296.22,157.4102,0.295849,green,31.27,79.75,288.9103,21.96,0.0,0.0,0.0
WF-1-BJ166,497680.75,5404296.22,157.9005,0.298189,green,32.08,79.90,287.9893,21.96,0.0,0.0,0.0
WF-1-BJ167,497655.70,5404296.22,158.3907,0.300528,green,32.90,80.04,287.0683,21.96,0.0,0.0,0.0
WF-1-BJ168,497630.65,5404296.22,159.0379,0.303616,green,33.26,80.92,285.0546,22.03,0.0,0.0,0.0
WF-1-BJ169,497605.60,5404296.22,159.7306,0.306920,green,33.49,82.00,282.7244,22.12,0.0,0.0,0.0
WF-1-BJ170,497580.55,5404296.22,160.4560,0.310382,green,33.68,83.20,280.2037,22.22,0.0,0.0,0.0
WF-1-BJ171,497555.50,5404296.22,161.5511,0.315607,green,33.41,85.57,275.5376,22.43,0.0,0.0,0.0
WF-1-BJ172,497530.45,5404296.22,162.6462,0.320831,green,33.14,87.94,270.8716,22.63,0.0,0.0,0.0
WF-1-BJ173,497505.40,5404296.22,163.9378,0.326994,green,32.86,90.74,265.1612,22.88,0.0,0.0,0.0
WF-1-BJ174,497480.35,5404296.22,165.4751,0.334329,green,32.57,94.23,257.8014,23.14,0.0,0.0,0.0
WF-1-BJ175,497455.30,5404296.22,166.7765,0.340538,green,32.27,97.71,250.4416,23.14,0.0,0.0,0.0
WF-1-BJ176,497430.25,5404296.22,168.3660,0.348122,green,32.23,101.79,241.0564,23.14,0.0,0.0,0.0
WF-1-BJ177,497405.20,5404296.22,170.0825,0.356311,green,32.32,106.12,230.7775,23.14,0.0,0.0,0.0
WF-1-BJ178,497380.15,5404296.22,171.7990,0.364501,green,32.40,110.45,220.4985,23.14,0.0,0.0,0.0
WF-1-BJ179,497355.10,5404296.22,173.9489,0.374759,green,33.10,115.55,206.9128,23.14,0.0,0.0,0.0
WF-1-BJ180,497330.05,5404296.22,176.0989,0.385017,green,33.80,120.64,193.3271,23.14,0.0,0.0,0.0
WF-1-BJ181,497305.00,5404296.22,178.3535,0.395774,green,34.70,125.89,178.9313,23.14,0.0,0.0,0.0
WF-1-BJ182,497279.95,5404296.22,180.8456,0.407664,green,36.03,131.48,162.6994,23.14,0.0,0.0,0.0
WF-1-BJ183,497254.90,5404296.22,183.3376,0.419554,green,37.36,137.07,146.4674,23.14,0.0,0.0,0.0
WF-1-BJ184,497229.85,5404296.22,185.5928,0.430314,green,38.70,142.01,131.7953,23.14,0.0,0.0,0.0
WF-1-BJ185,497204.80,5404296.22,187.6978,0.440357,green,40.07,146.53,118.1111,23.14,0.0,0.0,0.0
WF-1-BJ186,497179.75,5404296.22,189.8029,0.450401,green,41.43,151.05,104.4269,23.14,0.0,0.0,0.0
WF-1-BJ187,497154.70,5404296.22,190.2275,0.452427,green,41.71,151.98,101.5741,23.14,0.0,0.0,0.0
WF-1-BJ188,497129.65,5404296.22,190.5027,0.453740,green,41.89,152.59,99.6838,23.14,0.0,0.0,0.0
WF-1-BJ189,497104.60,5404296.22,190.3046,0.452795,green,41.75,152.26,100.5754,23.14,0.0,0.0,0.0
WF-1-BJ190,497079.55,5404296.22,188.4717,0.444050,green,40.49,148.70,111.0750,23.14,0.0,0.0,0.0
WF-1-BJ191,497054.51,5404296.22,186.6389,0.435305,green,39.22,145.14,121.5745,23.14,0.0,0.0,0.0
WF-1-BJ192,497029.46,5404296.22,184.3940,0.424594,green,37.74,140.86,133.7820,23.14,0.0,0.0,0.0
WF-1-BJ193,497004.41,5404296.22,181.7846,0.412144,green,36.07,135.96,147.5000,23.14,0.0,0.0,0.0
WF-1-BJ194,496979.36,5404296.22,179.1753,0.399695,green,34.41,131.05,161.2180,23.14,0.0,0.0,0.0
WF-1-BJ195,496954.31,5404296.22,176.7488,0.388118,green,33.06,126.58,172.7570,23.14,0.0,0.0,0.0
WF-1-BJ196,496929.26,5404296.22,174.3581,0.376711,green,31.78,122.20,183.8711,23.14,0.0,0.0,0.0
WF-1-BJ197,496904.21,5404296.22,172.0356,0.365630,green,30.59,117.94,194.4989,23.14,0.0,0.0,0.0
WF-1-BJ198,496879.16,5404296.22,170.1220,0.356500,green,29.89,114.43,202.2117,23.14,0.0,0.0,0.0
WF-1-BJ199,496854.11,5404296.22,167.8511,0.345665,green,29.19,110.92,209.9244,22.75,0.0,0.0,0.0
WF-1-BJ200,496829.06,5404296.22,165.4719,0.334314,green,28.73,107.76,216.4123,22.01,0.0,0.0,0.0
WF-1-BJ201,496804.01,5404296.22,163.4039,0.324446,green,28.55,105.06,221.3974,21.30,0.0,0.0,0.0
WF-1-BJ202,496778.96,5404296.22,161.3358,0.314579,green,28.36,102.35,226.3826,20.59,0.0,0.0,0.0
WF-1-BJ203,496753.91,5404296.22,159.8018,0.307260,green,28.38,100.35,229.7118,20.01,0.0,0.0,0.0
WF-1-BJ204,496728.86,5404296.22,158.4408,0.300767,green,28.47,98.58,232.5043,19.49,0.0,0.0,0.0
WF-1-BJ205,496703.81,5404296.22,157.1331,0.294527,green,28.54,96.88,235.1825,18.98,0.0,0.0,0.0
WF-1-BJ206,496678.76,5404296.22,156.6410,0.292180,green,28.46,96.30,236.1106,18.84,0.0,0.0,0.0
WF-1-BJ207,496653.71,5404296.22,156.1490,0.289832,green,28.37,95.71,237.0387,18.69,0.0,0.0,0.0
WF-1-BJ208,496628.66,5404296.22,155.8986,0.288637,green,28.12,95.50,237.5012,18.70,0.0,0.0,0.0
WF-1-BJ209,496603.61,5404296.22,156.0640,0.289427,green,27.58,95.91,237.1623,18.97,0.0,0.0,0.0
WF-1-BJ210,496578.56,5404296.22,156.2294,0.290216,green,27.05,96.32,236.8235,19.24,0.0,0.0,0.0
WF-1-BJ211,496553.51,5404296.22,156.4968,0.291492,green,26.32,96.94,236.1514,19.63,0.0,0.0,0.0
WF-1-BJ212,496528.46,5404296.22,156.8136,0.293003,green,25.50,97.67,235.3178,20.08,0.0,0.0,0.0
WF-1-BJ213,496503.41,5404296.22,157.1304,0.294514,green,24.68,98.40,234.4843,20.53,0.0,0.0,0.0
WF-1-BJ214,496478.36,5404296.22,157.2932,0.295291,green,23.87,98.98,233.5947,20.95,0.0,0.0,0.0
WF-1-BJ215,496453.31,5404296.22,157.4529,0.296053,green,23.06,99.56,232.7038,21.36,0.0,0.0,0.0
WF-1-BJ216,496428.26,5404296.22,157.5598,0.296563,green,22.29,100.06,231.8293,21.75,0.0,0.0,0.0
WF-1-BJ217,496403.21,5404296.22,157.5351,0.296445,green,21.62,100.40,230.9953,22.06,0.0,0.0,0.0
WF-1-BJ218,496378.16,5404296.22,157.5104,0.296328,green,20.96,100.74,230.1613,22.37,0.0,0.0,0.0
WF-1-BJ219,496353.11,5404296.22,157.4321,0.295954,green,20.39,100.99,229.3879,22.62,0.0,0.0,0.0
WF-1-BJ220,496328.06,5404296.22,157.3169,0.295404,green,19.88,101.19,228.6564,22.83,0.0,0.0,0.0
WF-1-BJ221,496303.01,5404296.22,157.2017,0.294855,green,19.37,101.39,227.9248,23.03,0.0,0.0,0.0
WF-1-BJ222,496277.96,5404296.22,157.0963,0.294352,green,18.97,101.58,227.3598,23.14,0.0,0.0,0.0
WF-1-BJ223,496252.91,5404296.22,156.8999,0.293415,green,18.59,101.77,226.8136,23.14,0.0,0.0,0.0
WF-1-BJ224,496227.86,5404270.55,155.5052,0.286761,green,18.44,100.75,224.0456,23.14,0.0,0.0,0.0
WF-1-BJ225,496227.86,5404244.88,154.2317,0.280684,green,18.62,99.54,221.6746,23.14,0.0,0.0,0.0
WF-1-BJ226,496227.86,5404219.22,152.7137,0.273442,green,18.52,98.35,218.8001,23.14,0.0,0.0,0.0
WF-1-BJ227,496227.86,5404193.55,151.0365,0.265439,green,18.25,97.18,215.5981,23.14,0.0,0.0,0.0
WF-1-BJ228,496227.86,5404167.88,149.2363,0.256850,green,17.80,96.05,212.1860,23.14,0.0,0.0,0.0
WF-1-BJ229,496227.86,5404142.22,147.2028,0.247148,green,17.00,95.00,208.3756,23.14,0.0,0.0,0.0
WF-1-BJ230,496227.86,5404116.55,145.1883,0.237537,green,16.19,93.97,204.6118,23.14,0.0,0.0,0.0
WF-1-BJ231,496227.86,5404090.88,143.3799,0.228909,green,15.21,93.24,201.3520,23.14,0.0,0.0,0.0
WF-1-BJ232,496227.86,5404065.22,141.5715,0.220280,green,14.23,92.50,198.0922,23.14,0.0,0.0,0.0
WF-1-BJ233,496227.86,5404039.55,140.8098,0.216646,green,13.80,92.19,196.7158,23.14,0.0,0.0,0.0
WF-1-BJ234,496227.86,5404013.88,140.2714,0.214077,green,13.50,91.99,195.7415,23.14,0.0,0.0,0.0
WF-2-BJ1,495677.77,5404326.22,128.7873,0.159284,green,13.72,95.94,212.2737,4.00,0.0,0.0,0.0
WF-2-BJ2,495702.81,5404326.22,130.1183,0.165635,green,14.54,96.41,214.6693,4.00,0.0,0.0,0.0
WF-2-BJ3,495727.85,5404326.22,131.5228,0.172336,green,15.25,97.08,216.9584,4.00,0.0,0.0,0.0
WF-2-BJ4,495752.89,5404326.22,132.9273,0.179037,green,15.97,97.74,219.2475,4.00,0.0,0.0,0.0
WF-2-BJ5,495777.94,5404326.22,134.1664,0.184949,green,16.39,98.57,220.9839,4.00,0.0,0.0,0.0
WF-2-BJ6,495802.98,5404326.22,135.3318,0.190509,green,16.66,99.47,222.4737,4.00,0.0,0.0,0.0
WF-2-BJ7,495828.02,5404326.22,136.4971,0.196069,green,16.94,100.38,223.9635,4.00,0.0,0.0,0.0
WF-2-BJ8,495853.06,5404326.22,137.3638,0.200204,green,16.86,101.35,224.7546,4.00,0.0,0.0,0.0
WF-2-BJ9,495878.10,5404326.22,138.2295,0.204335,green,16.78,102.32,225.5435,4.00,0.0,0.0,0.0
WF-2-BJ10,495903.15,5404326.22,139.0017,0.208019,green,16.66,103.24,226.1978,4.00,0.0,0.0,0.0
WF-2-BJ11,495928.19,5404326.22,139.5581,0.210674,green,16.46,104.02,226.5414,4.00,0.0,0.0,0.0
WF-2-BJ12,495953.23,5404326.22,140.1145,0.213329,green,16.25,104.80,226.8851,4.00,0.0,0.0,0.0
WF-2-BJ13,495978.27,5404326.22,140.4650,0.215001,green,16.11,105.31,227.0852,4.00,0.0,0.0,0.0
WF-2-BJ14,496003.31,5404326.22,140.6825,0.216039,green,16.01,105.64,227.1926,4.00,0.0,0.0,0.0
WF-2-BJ15,496028.36,5404326.22,140.9000,0.217076,green,15.91,105.97,227.3000,4.00,0.0,0.0,0.0
WF-2-BJ16,496053.40,5404326.22,140.8567,0.216870,green,16.00,105.84,227.3331,4.00,0.0,0.0,0.0
WF-2-BJ17,496078.44,5404326.22,140.7884,0.216544,green,16.10,105.66,227.3590,4.00,0.0,0.0,0.0
WF-2-BJ18,496103.48,5404326.22,140.7001,0.216122,green,16.24,105.43,227.3980,4.00,0.0,0.0,0.0
WF-2-BJ19,496128.52,5404326.22,140.5399,0.215358,green,16.49,105.01,227.4841,4.00,0.0,0.0,0.0
WF-2-BJ20,496153.57,5404326.22,140.3797,0.214594,green,16.74,104.58,227.5701,4.00,0.0,0.0,0.0
WF-2-BJ21,496178.61,5404326.22,140.2730,0.214085,green,17.04,104.17,227.7452,4.00,0.0,0.0,0.0
WF-2-BJ22,496203.65,5404326.22,140.2150,0.213808,green,17.37,103.77,228.0014,4.00,0.0,0.0,0.0
WF-2-BJ23,496228.69,5404326.22,140.1569,0.213531,green,17.70,103.37,228.2576,4.00,0.0,0.0,0.0
WF-2-BJ24,496253.73,5404326.22,140.2366,0.213911,green,18.08,103.07,228.6699,4.00,0.0,0.0,0.0
WF-2-BJ25,496278.78,5404326.22,140.3446,0.214427,green,18.46,102.79,229.1144,4.00,0.0,0.0,0.0
WF-2-BJ26,496303.82,5404326.22,140.4685,0.215018,green,18.86,102.52,229.5757,4.00,0.0,0.0,0.0
WF-2-BJ27,496328.86,5404326.22,140.6945,0.216096,green,19.32,102.30,230.1455,4.00,0.0,0.0,0.0
WF-2-BJ28,496353.90,5404326.22,140.9205,0.217174,green,19.79,102.08,230.7154,4.00,0.0,0.0,0.0
WF-2-BJ29,496378.94,5404326.22,141.1597,0.218315,green,20.30,101.83,231.3072,4.00,0.0,0.0,0.0
WF-2-BJ30,496403.99,5404326.22,141.4157,0.219537,green,20.88,101.54,231.9273,4.00,0.0,0.0,0.0
WF-2-BJ31,496429.03,5404326.22,141.6717,0.220758,green,21.46,101.25,232.5474,4.00,0.0,0.0,0.0
WF-2-BJ32,496454.07,5404326.22,141.8938,0.221818,green,22.13,100.84,233.1639,4.00,0.0,0.0,0.0
WF-2-BJ33,496479.11,5404326.22,142.1042,0.222822,green,22.82,100.40,233.7792,4.00,0.0,0.0,0.0
WF-2-BJ34,496504.15,5404326.22,142.3112,0.223810,green,23.52,99.95,234.3887,4.00,0.0,0.0,0.0
WF-2-BJ35,496529.20,5404326.22,142.4526,0.224484,green,24.24,99.43,234.8862,4.00,0.0,0.0,0.0
WF-2-BJ36,496554.24,5404326.22,142.5941,0.225159,green,24.96,98.91,235.3838,4.00,0.0,0.0,0.0
WF-2-BJ37,496579.28,5404326.22,142.7435,0.225872,green,25.60,98.50,235.7177,4.00,0.0,0.0,0.0
WF-2-BJ38,496604.32,5404326.22,142.9074,0.226654,green,26.12,98.27,235.7547,4.00,0.0,0.0,0.0
WF-2-BJ39,496629.36,5404326.22,143.0713,0.227436,green,26.63,98.05,235.7917,4.00,0.0,0.0,0.0
WF-2-BJ40,496654.41,5404326.22,143.3951,0.228981,green,26.94,98.35,235.1332,4.00,0.0,0.0,0.0
WF-2-BJ41,496679.45,5404326.22,143.8011,0.230918,green,27.13,98.92,234.1172,4.00,0.0,0.0,0.0
WF-2-BJ42,496704.49,5404326.22,144.2071,0.232855,green,27.33,99.49,233.1012,4.00,0.0,0.0,0.0
WF-2-BJ43,496729.53,5404326.22,145.0322,0.236792,green,27.42,101.01,230.5236,4.00,0.0,0.0,0.0
WF-2-BJ44,496754.57,5404326.22,145.8721,0.240799,green,27.51,102.56,227.8907,4.00,0.0,0.0,0.0
WF-2-BJ45,496779.62,5404326.22,146.8455,0.245444,green,27.67,104.36,224.6844,4.00,0.0,0.0,0.0
WF-2-BJ46,496804.66,5404326.22,148.1780,0.251801,green,27.99,106.79,219.9368,4.00,0.0,0.0,0.0
WF-2-BJ47,496829.70,5404326.22,149.5105,0.258159,green,28.32,109.23,215.1891,4.00,0.0,0.0,0.0
WF-2-BJ48,496854.74,5404326.22,151.1362,0.265915,green,28.92,112.18,208.8075,4.00,0.0,0.0,0.0
WF-2-BJ49,496879.78,5404326.22,152.9775,0.274700,green,29.71,115.49,201.2251,4.00,0.0,0.0,0.0
WF-2-BJ50,496904.83,5404326.22,154.8188,0.283485,green,30.51,118.80,193.6427,4.00,0.0,0.0,0.0
WF-2-BJ51,496929.87,5404326.22,157.1161,0.294446,green,31.79,122.99,182.8515,4.00,0.0,0.0,0.0
WF-2-BJ52,496954.91,5404326.22,159.4745,0.305699,green,33.14,127.30,171.6298,4.00,0.0,0.0,0.0
WF-2-BJ53,496979.95,5404326.22,161.8845,0.317197,green,34.57,131.73,159.8658,4.00,0.0,0.0,0.0
WF-2-BJ54,497004.99,5404326.22,164.5181,0.329763,green,36.30,136.70,145.7443,4.00,0.0,0.0,0.0
WF-2-BJ55,497030.04,5404326.22,167.1518,0.342329,green,38.03,141.68,131.6229,4.00,0.0,0.0,0.0
WF-2-BJ56,497055.08,5404326.22,169.4165,0.353134,green,39.55,146.02,119.0510,4.00,0.0,0.0,0.0
WF-2-BJ57,497080.12,5404326.22,171.3008,0.362124,green,40.86,149.72,108.0767,4.00,0.0,0.0,0.0
WF-2-BJ58,497105.16,5404326.22,173.1851,0.371115,green,42.17,153.41,97.1025,4.00,0.0,0.0,0.0
WF-2-BJ59,497130.20,5404326.22,173.3334,0.371822,green,42.28,153.65,96.4453,4.00,0.0,0.0,0.0
WF-2-BJ60,497155.25,5404326.22,173.0414,0.370429,green,42.09,153.01,98.4052,4.00,0.0,0.0,0.0
WF-2-BJ61,497180.29,5404326.22,172.5511,0.368090,green,41.77,151.95,101.6519,4.00,0.0,0.0,0.0
WF-2-BJ62,497205.33,5404326.22,170.3348,0.357515,green,40.38,147.14,116.1088,4.00,0.0,0.0,0.0
WF-2-BJ63,497230.37,5404326.22,168.1184,0.346940,green,38.98,142.34,130.5657,4.00,0.0,0.0,0.0
WF-2-BJ64,497255.41,5404326.22,165.7398,0.335592,green,37.62,137.07,146.1351,4.00,0.0,0.0,0.0
WF-2-BJ65,497280.46,5404326.22,163.1261,0.323121,green,36.30,131.11,163.3169,4.00,0.0,0.0,0.0
WF-2-BJ66,497305.50,5404326.22,160.5123,0.310650,green,34.98,125.15,180.4987,4.00,0.0,0.0,0.0
WF-2-BJ67,497330.54,5404326.22,158.1732,0.299490,green,34.17,119.55,195.6886,4.00,0.0,0.0,0.0
WF-2-BJ68,497355.58,5404326.22,155.9442,0.288855,green,33.56,114.10,210.0790,4.00,0.0,0.0,0.0
WF-2-BJ69,497380.62,5404326.22,153.7242,0.278263,green,32.97,108.67,224.4041,4.00,0.0,0.0,0.0
WF-2-BJ70,497405.67,5404326.22,151.9726,0.269906,green,33.10,103.97,235.3361,4.00,0.0,0.0,0.0
WF-2-BJ71,497430.71,5404326.22,150.2211,0.261549,green,33.24,99.27,246.2681,4.00,0.0,0.0,0.0
WF-2-BJ72,497455.75,5404326.22,148.6182,0.253901,green,33.54,94.84,256.2058,4.00,0.0,0.0,0.0
WF-2-BJ73,497480.79,5404326.22,147.3254,0.247733,green,34.19,90.97,264.0713,4.00,0.0,0.0,0.0
WF-2-BJ74,497505.83,5404326.22,146.0325,0.241565,green,34.84,87.10,271.9367,4.00,0.0,0.0,0.0
WF-2-BJ75,497530.88,5404326.22,145.0333,0.236797,green,35.47,84.03,277.8923,4.00,0.0,0.0,0.0
WF-2-BJ76,497555.92,5404326.22,144.2068,0.232854,green,36.09,81.42,282.7239,4.00,0.0,0.0,0.0
WF-2-BJ77,497580.96,5404326.22,143.3803,0.228910,green,36.72,78.82,287.5555,4.00,0.0,0.0,0.0
WF-2-BJ78,497606.00,5404326.22,142.8930,0.226585,green,36.63,77.81,289.7098,4.00,0.0,0.0,0.0
WF-2-BJ79,497631.04,5404326.22,142.4293,0.224373,green,36.49,76.92,291.6774,4.00,0.0,0.0,0.0
WF-2-BJ80,497656.09,5404326.22,141.9942,0.222297,green,36.12,76.32,293.2555,4.00,0.0,0.0,0.0
WF-2-BJ81,497681.13,5404326.22,141.6496,0.220653,green,35.05,76.69,293.6010,4.00,0.0,0.0,0.0
WF-2-BJ82,497706.17,5404326.22,141.3049,0.219008,green,33.98,77.06,293.9465,4.00,0.0,0.0,0.0
WF-2-BJ83,497731.21,5404326.22,140.9535,0.217332,green,32.73,77.58,294.2020,4.00,0.0,0.0,0.0
WF-2-BJ84,497756.25,5404326.22,140.5965,0.215628,green,31.34,78.23,294.3824,4.00,0.0,0.0,0.0
WF-2-BJ85,497781.30,5404326.22,140.2394,0.213925,green,29.95,78.89,294.5627,4.00,0.0,0.0,0.0
WF-2-BJ86,497806.34,5404326.22,139.8942,0.212277,green,28.74,79.35,295.0031,4.00,0.0,0.0,0.0
WF-2-BJ87,497831.38,5404326.22,139.5510,0.210640,green,27.56,79.78,295.4891,4.00,0.0,0.0,0.0
WF-2-BJ88,497856.42,5404326.22,139.2149,0.209036,green,26.43,80.17,295.9830,4.00,0.0,0.0,0.0
WF-2-BJ89,497881.46,5404326.22,138.9170,0.207615,green,25.59,80.36,296.5189,4.00,0.0,0.0,0.0
WF-2-BJ90,497906.51,5404326.22,138.6190,0.206194,green,24.76,80.55,297.0548,4.00,0.0,0.0,0.0
WF-2-BJ91,497931.55,5404326.22,138.3423,0.204873,green,24.06,80.70,297.4022,4.00,0.0,0.0,0.0
WF-2-BJ92,497956.59,5404326.22,138.0903,0.203671,green,23.52,80.80,297.5297,4.00,0.0,0.0,0.0
WF-2-BJ93,497981.63,5404326.22,137.8383,0.202468,green,22.98,80.90,297.6571,4.00,0.0,0.0,0.0
WF-2-BJ94,498006.67,5404326.22,137.6203,0.201428,green,22.61,81.03,297.1873,4.00,0.0,0.0,0.0
WF-2-BJ95,498031.72,5404326.22,137.4126,0.200437,green,22.28,81.18,296.5356,4.00,0.0,0.0,0.0
WF-2-BJ96,498056.76,5404326.22,137.2078,0.199460,green,21.97,81.34,295.8298,4.00,0.0,0.0,0.0
WF-2-BJ97,498081.80,5404326.22,137.0405,0.198662,green,21.79,81.58,294.4253,4.00,0.0,0.0,0.0
WF-2-BJ98,498106.84,5404326.22,136.8731,0.197863,green,21.62,81.83,293.0207,4.00,0.0,0.0,0.0
WF-2-BJ99,498131.88,5404326.22,136.7088,0.197079,green,21.47,82.05,291.6029,4.00,0.0,0.0,0.0
WF-2-BJ100,498156.93,5404326.22,136.5494,0.196319,green,21.37,82.25,290.1631,4.00,0.0,0.0,0.0
WF-2-BJ101,498181.97,5404326.22,136.3900,0.195558,green,21.27,82.45,288.7234,4.00,0.0,0.0,0.0
WF-2-BJ102,498207.01,5404326.22,136.1730,0.194523,green,21.17,82.42,288.0013,4.00,0.0,0.0,0.0
WF-2-BJ103,498232.05,5404326.22,135.9292,0.193360,green,21.08,82.27,287.6129,4.00,0.0,0.0,0.0
WF-2-BJ104,498257.09,5404326.22,135.6854,0.192197,green,20.99,82.13,287.2245,4.00,0.0,0.0,0.0
WF-2-BJ105,498282.14,5404326.22,135.1820,0.189795,green,20.83,81.40,288.2566,4.00,0.0,0.0,0.0
WF-2-BJ106,498307.18,5404326.22,134.6754,0.187377,green,20.68,80.66,289.3062,4.00,0.0,0.0,0.0
WF-2-BJ107,498332.22,5404326.22,134.0140,0.184222,green,20.49,79.71,290.6210,4.00,0.0,0.0,0.0
WF-2-BJ108,498357.26,5404326.22,132.9796,0.179287,green,20.22,78.21,292.5754,4.00,0.0,0.0,0.0
WF-2-BJ109,498382.30,5404326.22,131.9453,0.174352,green,19.95,76.71,294.5298,4.00,0.0,0.0,0.0
WF-2-BJ110,498407.35,5404326.22,130.3881,0.166922,green,19.55,74.61,296.6994,4.00,0.0,0.0,0.0
WF-2-BJ111,498432.39,5404326.22,128.4803,0.157820,green,19.08,72.11,299.0135,4.00,0.0,0.0,0.0
WF-2-BJ112,498457.43,5404326.22,126.5724,0.148717,green,18.60,69.61,301.3277,4.00,0.0,0.0,0.0
WF-2-BJ113,498482.47,5404326.22,123.5368,0.134234,green,17.82,65.90,303.8758,4.00,0.0,0.0,0.0
WF-2-BJ114,498507.51,5404326.22,120.3813,0.119178,green,17.01,62.06,306.4489,4.00,0.0,0.0,0.0
WF-2-BJ115,498532.56,5404326.22,116.9691,0.102898,green,16.11,57.95,309.0812,4.00,0.0,0.0,0.0
WF-2-BJ116,498557.60,5404326.22,112.5867,0.081989,green,14.89,52.86,311.9374,4.00,0.0,0.0,0.0
WF-2-BJ117,498582.64,5404326.22,108.2043,0.061079,green,13.67,47.76,314.7935,4.00,0.0,0.0,0.0
WF-2-BJ118,498607.68,5404326.22,104.0803,0.041403,green,12.47,43.02,317.3864,4.00,0.0,0.0,0.0
WF-2-BJ119,498632.72,5404326.22,100.2000,0.022889,green,11.30,38.62,319.7308,4.00,0.0,0.0,0.0
WF-2-BJ120,498657.77,5404326.22,96.3198,0.004376,green,10.13,34.22,322.0751,4.00,0.0,0.0,0.0
WF-2-BJ121,498682.81,5404326.22,95.5222,0.000571,green,9.96,33.27,322.5104,4.00,0.0,0.0,0.0
WF-2-BJ122,498707.85,5404326.22,95.4026,0.000000,green,10.00,33.08,322.5258,4.00,0.0,0.0,0.0
WF-2-BJ123,498732.89,5404326.22,95.6945,0.001392,green,10.21,33.33,322.2812,4.00,0.0,0.0,0.0
WF-2-BJ124,498757.93,5404326.22,98.8657,0.016523,green,11.49,36.69,320.2170,4.00,0.0,0.0,0.0
WF-2-BJ125,498782.97,5404326.22,102.0368,0.031653,green,12.77,40.06,318.1529,4.00,0.0,0.0,0.0
WF-2-BJ126,498808.02,5404326.22,105.2903,0.047176,green,14.09,43.50,316.0768,4.00,0.0,0.0,0.0
WF-2-BJ127,498833.06,5404326.22,108.6527,0.063219,green,15.43,47.06,313.9848,4.00,0.0,0.0,0.0
WF-2-BJ128,498858.10,5404326.22,112.0151,0.079261,green,16.78,50.61,311.8929,4.00,0.0,0.0,0.0
WF-2-BJ129,498883.14,5404326.22,114.7687,0.092399,green,17.82,53.54,310.3494,4.00,0.0,0.0,0.0
WF-2-BJ130,498908.18,5404351.88,117.4557,0.105220,green,17.89,56.71,310.9127,4.00,0.0,0.0,0.0
WF-2-BJ131,498908.18,5404377.55,118.7699,0.111489,green,17.72,58.29,311.8250,4.00,0.0,0.0,0.0
WF-2-BJ132,498908.18,5404403.22,120.0840,0.117759,green,17.54,59.87,312.7373,4.00,0.0,0.0,0.0
WF-2-BJ133,498908.18,5404428.88,122.6756,0.130125,green,17.84,62.79,313.0408,4.00,0.0,0.0,0.0
WF-2-BJ134,498908.18,5404454.55,125.6249,0.144196,green,18.29,66.08,313.1738,4.00,0.0,0.0,0.0
WF-2-BJ135,498908.18,5404480.22,129.1576,0.161051,green,18.92,69.97,313.1488,4.00,0.0,0.0,0.0
WF-2-BJ136,498908.18,5404505.88,133.2272,0.180468,green,19.74,74.42,312.9783,4.00,0.0,0.0,0.0
WF-2-BJ137,498908.18,5404531.55,137.3405,0.200093,green,20.60,78.88,312.8216,4.00,0.0,0.0,0.0
WF-2-BJ138,498908.18,5404557.22,141.5782,0.220312,green,21.58,83.40,312.7041,4.00,0.0,0.0,0.0
WF-2-BJ139,498908.18,5404582.88,145.8159,0.240531,green,22.55,87.92,312.5865,4.00,0.0,0.0,0.0
WF-2-BJ140,498908.18,5404608.55,149.5424,0.258311,green,23.62,91.67,312.6860,4.00,0.0,0.0,0.0
WF-2-BJ141,498883.14,5404634.22,153.4273,0.276846,green,24.09,96.15,312.6241,4.00,0.0,0.0,0.0
WF-2-BJ142,498858.10,5404634.22,153.9367,0.279277,green,23.53,97.29,312.3901,4.00,0.0,0.0,0.0
WF-2-BJ143,498833.06,5404634.22,155.4220,0.286363,green,23.11,99.58,311.9540,4.00,0.0,0.0,0.0
WF-2-BJ144,498808.02,5404634.22,156.9073,0.293450,green,22.70,101.87,311.5180,4.00,0.0,0.0,0.0
WF-2-BJ145,498782.97,5404634.22,159.5126,0.305881,green,22.48,105.45,310.8318,4.00,0.0,0.0,0.0
WF-2-BJ146,498757.93,5404634.22,162.9641,0.322348,green,22.42,110.00,309.9567,4.00,0.0,0.0,0.0
WF-2-BJ147,498732.89,5404634.22,166.4156,0.338816,green,22.35,114.55,309.0816,4.00,0.0,0.0,0.0
WF-2-BJ148,498707.85,5404634.22,170.6290,0.358919,green,22.53,119.90,308.0050,4.00,0.0,0.0,0.0
WF-2-BJ149,498682.81,5404634.22,174.9512,0.379541,green,22.76,125.35,306.8996,4.00,0.0,0.0,0.0
WF-2-BJ150,498657.77,5404634.22,178.6749,0.397307,green,22.95,130.05,305.9514,4.00,0.0,0.0,0.0
WF-2-BJ151,498632.72,5404634.22,179.6770,0.402088,green,23.02,131.29,305.7178,4.00,0.0,0.0,0.0
WF-2-BJ152,498607.68,5404634.22,180.6790,0.406869,green,23.08,132.54,305.4842,4.00,0.0,0.0,0.0
WF-2-BJ153,498582.64,5404634.22,179.4604,0.401055,green,22.97,131.00,306.0164,4.00,0.0,0.0,0.0
WF-2-BJ154,498557.60,5404634.22,175.8892,0.384016,green,22.66,126.50,307.3600,4.00,0.0,0.0,0.0
WF-2-BJ155,498532.56,5404634.22,172.3179,0.366977,green,22.35,122.00,308.7035,4.00,0.0,0.0,0.0
WF-2-BJ156,498507.51,5404634.22,168.1195,0.346945,green,21.96,116.61,310.8399,4.00,0.0,0.0,0.0
WF-2-BJ157,498482.47,5404634.22,163.7552,0.326123,green,21.56,110.98,313.1859,4.00,0.0,0.0,0.0
WF-2-BJ158,498457.43,5404634.22,159.5045,0.305842,green,21.15,105.48,315.5976,4.00,0.0,0.0,0.0
WF-2-BJ159,498432.39,5404634.22,156.3210,0.290653,green,20.81,101.12,318.6262,4.00,0.0,0.0,0.0
WF-2-BJ160,498407.35,5404634.22,153.1374,0.275463,green,20.47,96.76,321.6549,4.00,0.0,0.0,0.0
WF-2-BJ161,498382.30,5404634.22,150.3485,0.262157,green,20.16,92.79,325.0389,4.00,0.0,0.0,0.0
WF-2-BJ162,498357.26,5404634.22,148.1479,0.251657,green,19.88,89.41,328.9527,4.00,0.0,0.0,0.0
WF-2-BJ163,498332.22,5404634.22,145.9472,0.241158,green,19.61,86.03,332.8665,4.00,0.0,0.0,0.0
WF-2-BJ164,498307.18,5404634.22,143.9372,0.231568,green,19.38,82.65,337.6693,4.00,0.0,0.0,0.0
WF-2-BJ165,498282.14,5404634.22,142.0063,0.222355,green,19.17,79.28,342.8410,4.00,0.0,0.0,0.0
WF-2-BJ166,498257.09,5404634.22,140.0688,0.213111,green,18.96,75.89,348.0324,4.00,0.0,0.0,0.0
WF-2-BJ167,498232.05,5404634.22,137.5900,0.201284,green,18.89,71.36,354.8341,4.00,0.0,0.0,0.0
WF-2-BJ168,498207.01,5404634.22,135.1112,0.189457,green,18.81,66.84,361.6357,4.00,0.0,0.0,0.0
WF-2-BJ169,498181.97,5404634.22,132.3693,0.176375,green,18.80,61.87,368.6700,4.00,0.0,0.0,0.0
WF-2-BJ170,498156.93,5404634.22,129.0613,0.160592,green,18.94,55.98,376.2044,4.00,0.0,0.0,0.0
WF-2-BJ171,498131.88,5404634.22,125.7533,0.144809,green,19.09,50.08,383.7388,4.00,0.0,0.0,0.0
WF-2-BJ172,498106.84,5404634.22,124.2600,0.137684,green,19.16,47.42,387.1111,4.00,0.0,0.0,0.0
WF-2-BJ173,498081.80,5404634.22,123.8661,0.135804,green,19.19,46.71,387.9620,4.00,0.0,0.0,0.0
WF-2-BJ174,498056.76,5404634.22,123.4722,0.133925,green,19.21,46.01,388.8129,4.00,0.0,0.0,0.0
WF-2-BJ175,498031.72,5404634.22,126.9425,0.150482,green,19.07,52.00,381.7900,4.00,0.0,0.0,0.0
WF-2-BJ176,498006.67,5404634.22,130.7124,0.168470,green,18.92,58.51,374.1565,4.00,0.0,0.0,0.0
WF-2-BJ177,497981.63,5404634.22,134.1966,0.185093,green,18.88,64.53,366.6885,4.00,0.0,0.0,0.0
WF-2-BJ178,497956.59,5404634.22,136.7416,0.197236,green,19.22,68.95,359.7643,4.00,0.0,0.0,0.0
WF-2-BJ179,497931.55,5404634.22,139.2866,0.209379,green,19.55,73.37,352.8402,4.00,0.0,0.0,0.0
WF-2-BJ180,497906.51,5404634.22,141.0530,0.217806,green,20.16,76.40,346.8529,4.00,0.0,0.0,0.0
WF-2-BJ181,497881.46,5404634.22,142.1524,0.223052,green,20.99,78.23,341.6682,4.00,0.0,0.0,0.0
WF-2-BJ182,497856.42,5404634.22,143.2518,0.228297,green,21.83,80.06,336.4834,4.00,0.0,0.0,0.0
WF-2-BJ183,497831.38,5404634.22,143.8173,0.230995,green,22.92,80.78,332.3260,4.00,0.0,0.0,0.0
WF-2-BJ184,497806.34,5404634.22,144.2841,0.233222,green,24.07,81.31,328.3585,4.00,0.0,0.0,0.0
WF-2-BJ185,497781.30,5404634.22,144.7129,0.235268,green,25.22,81.74,324.5523,4.00,0.0,0.0,0.0
WF-2-BJ186,497756.25,5404634.22,144.9248,0.236279,green,26.40,81.67,321.6651,4.00,0.0,0.0,0.0
WF-2-BJ187,497731.21,5404634.22,145.1367,0.237291,green,27.59,81.60,318.7780,4.00,0.0,0.0,0.0
WF-2-BJ188,497706.17,5404634.22,145.3240,0.238184,green,28.62,81.54,316.2701,4.00,0.0,0.0,0.0
WF-2-BJ189,497681.13,5404634.22,145.4816,0.238936,green,29.47,81.50,314.2175,4.00,0.0,0.0,0.0
WF-2-BJ190,497656.09,5404634.22,145.6393,0.239688,green,30.31,81.46,312.1648,4.00,0.0,0.0,0.0
WF-2-BJ191,497631.04,5404634.22,145.8758,0.240817,green,30.67,81.87,310.3039,4.00,0.0,0.0,0.0
WF-2-BJ192,497606.00,5404634.22,146.1374,0.242065,green,30.86,82.43,308.5035,4.00,0.0,0.0,0.0
WF-2-BJ193,497580.96,5404634.22,146.4096,0.243364,green,31.03,83.04,306.6768,4.00,0.0,0.0,0.0
WF-2-BJ194,497555.92,5404634.22,146.8356,0.245396,green,30.67,84.35,304.4724,4.00,0.0,0.0,0.0
WF-2-BJ195,497530.88,5404634.22,147.2616,0.247429,green,30.31,85.66,302.2680,4.00,0.0,0.0,0.0
WF-2-BJ196,497505.83,5404634.22,147.7249,0.249639,green,29.89,87.13,299.7836,4.00,0.0,0.0,0.0
WF-2-BJ197,497480.79,5404634.22,148.2516,0.252152,green,29.35,88.88,296.8234,4.00,0.0,0.0,0.0
WF-2-BJ198,497455.75,5404634.22,148.7784,0.254666,green,28.81,90.62,293.8632,4.00,0.0,0.0,0.0
WF-2-BJ199,497430.71,5404634.22,149.3112,0.257208,green,28.35,92.43,290.3802,4.00,0.0,0.0,0.0
WF-2-BJ200,497405.67,5404634.22,149.8469,0.259764,green,27.92,94.27,286.6463,4.00,0.0,0.0,0.0
WF-2-BJ201,497380.62,5404634.22,150.3827,0.262320,green,27.49,96.11,282.9123,4.00,0.0,0.0,0.0
WF-2-BJ202,497355.58,5404634.22,150.8699,0.264645,green,27.25,97.85,278.6677,4.00,0.0,0.0,0.0
WF-2-BJ203,497330.54,5404634.22,151.3562,0.266965,green,27.00,99.59,274.4132,4.00,0.0,0.0,0.0
WF-2-BJ204,497305.50,5404634.22,151.8156,0.269157,green,26.80,101.27,270.1583,4.00,0.0,0.0,0.0
WF-2-BJ205,497280.46,5404634.22,152.2082,0.271030,green,26.69,102.79,265.9023,4.00,0.0,0.0,0.0
WF-2-BJ206,497255.41,5404634.22,152.6008,0.272903,green,26.57,104.30,261.6463,4.00,0.0,0.0,0.0
WF-2-BJ207,497230.37,5404634.22,152.9062,0.274360,green,26.48,105.61,257.7825,4.00,0.0,0.0,0.0
WF-2-BJ208,497205.33,5404634.22,153.1513,0.275530,green,26.40,106.77,254.1893,4.00,0.0,0.0,0.0
WF-2-BJ209,497180.29,5404634.22,153.3964,0.276699,green,26.31,107.94,250.5960,4.00,0.0,0.0,0.0
WF-2-BJ210,497155.25,5404634.22,153.4642,0.277022,green,26.17,108.70,248.0604,4.00,0.0,0.0,0.0
WF-2-BJ211,497130.20,5404634.22,153.5115,0.277248,green,26.01,109.41,245.6462,4.00,0.0,0.0,0.0
WF-2-BJ212,497105.16,5404634.22,153.5159,0.277269,green,25.84,110.04,243.4907,4.00,0.0,0.0,0.0
WF-2-BJ213,497080.12,5404634.22,153.3508,0.276482,green,25.55,110.31,242.3549,4.00,0.0,0.0,0.0
WF-2-BJ214,497055.08,5404634.22,153.1858,0.275694,green,25.27,110.59,241.2190,4.00,0.0,0.0,0.0
WF-2-BJ215,497030.04,5404634.22,152.9291,0.274469,green,24.92,110.70,240.5696,4.00,0.0,0.0,0.0
WF-2-BJ216,497004.99,5404634.22,152.5836,0.272821,green,24.50,110.65,240.3920,4.00,0.0,0.0,0.0
WF-2-BJ217,496979.95,5404634.22,152.2380,0.271172,green,24.08,110.60,240.2144,4.00,0.0,0.0,0.0
WF-2-BJ218,496954.91,5404634.22,151.7929,0.269048,green,23.56,110.43,240.4069,4.00,0.0,0.0,0.0
WF-2-BJ219,496929.87,5404634.22,151.3249,0.266815,green,23.01,110.23,240.6845,4.00,0.0,0.0,0.0
WF-2-BJ220,496904.83,5404634.22,150.8490,0.264545,green,22.45,110.03,240.9624,4.00,0.0,0.0,0.0
WF-2-BJ221,496879.78,5404634.22,150.3146,0.261995,green,21.78,109.85,241.2423,4.00,0.0,0.0,0.0
WF-2-BJ222,496854.74,5404634.22,149.7802,0.259445,green,21.11,109.68,241.5221,4.00,0.0,0.0,0.0
WF-2-BJ223,496829.70,5404634.22,149.2351,0.256845,green,20.37,109.56,241.6696,4.00,0.0,0.0,0.0
WF-2-BJ224,496804.66,5404634.22,148.6755,0.254175,green,19.55,109.55,241.6371,4.00,0.0,0.0,0.0
WF-2-BJ225,496779.62,5404634.22,148.1158,0.251504,green,18.72,109.53,241.6045,4.00,0.0,0.0,0.0
WF-2-BJ226,496754.57,5404634.22,147.5601,0.248853,green,17.74,109.73,241.2076,4.00,0.0,0.0,0.0
WF-2-BJ227,496729.53,5404634.22,147.0057,0.246208,green,16.70,110.00,240.6751,4.00,0.0,0.0,0.0
WF-2-BJ228,496704.49,5404634.22,146.4530,0.243571,green,15.66,110.28,240.1242,4.00,0.0,0.0,0.0
WF-2-BJ229,496679.45,5404634.22,145.9461,0.241152,green,14.41,110.90,239.0493,4.00,0.0,0.0,0.0
WF-2-BJ230,496654.41,5404634.22,145.4391,0.238733,green,13.16,111.53,237.9744,4.00,0.0,0.0,0.0
WF-2-BJ231,496629.36,5404634.22,144.9770,0.236529,green,11.91,112.22,236.8157,4.00,0.0,0.0,0.0
WF-2-BJ232,496604.32,5404634.22,144.6022,0.234740,green,10.67,113.05,235.4941,4.00,0.0,0.0,0.0
WF-2-BJ233,496579.28,5404634.22,144.2273,0.232952,green,9.43,113.88,234.1724,4.00,0.0,0.0,0.0
WF-2-BJ234,496554.24,5404634.22,144.0017,0.231875,green,8.60,114.49,233.2363,4.00,0.0,0.0,0.0
WF-2-BJ235,496529.20,5404634.22,143.8582,0.231191,green,7.98,114.97,232.5124,4.00,0.0,0.0,0.0
WF-2-BJ236,496504.15,5404634.22,143.7148,0.230506,green,7.36,115.45,231.7886,4.00,0.0,0.0,0.0
WF-2-BJ237,496479.11,5404634.22,143.7490,0.230670,green,7.72,115.10,232.2654,4.00,0.0,0.0,0.0
WF-2-BJ238,496454.07,5404634.22,143.7926,0.230878,green,8.13,114.70,232.8052,4.00,0.0,0.0,0.0
WF-2-BJ239,496429.03,5404634.22,143.8379,0.231093,green,8.67,114.16,233.5217,4.00,0.0,0.0,0.0
WF-2-BJ240,496403.99,5404634.22,143.8879,0.231332,green,9.60,113.21,234.7529,4.00,0.0,0.0,0.0
WF-2-BJ241,496378.94,5404634.22,143.9379,0.231571,green,10.52,112.25,235.9842,4.00,0.0,0.0,0.0
WF-2-BJ242,496353.90,5404634.22,143.9531,0.231643,green,11.33,111.37,237.0790,4.00,0.0,0.0,0.0
WF-2-BJ243,496328.86,5404634.22,143.9412,0.231586,green,12.06,110.55,238.0668,4.00,0.0,0.0,0.0
WF-2-BJ244,496303.82,5404634.22,143.9292,0.231529,green,12.79,109.72,239.0547,4.00,0.0,0.0,0.0
WF-2-BJ245,496278.78,5404634.22,143.9199,0.231485,green,13.17,109.31,239.5180,4.00,0.0,0.0,0.0
WF-2-BJ246,496253.73,5404634.22,143.9111,0.231443,green,13.49,108.96,239.9000,4.00,0.0,0.0,0.0
WF-2-BJ247,496228.69,5404634.22,143.9153,0.231463,green,13.75,108.69,240.1869,4.00,0.0,0.0,0.0
WF-2-BJ248,496203.65,5404634.22,143.9830,0.231786,green,13.74,108.82,240.0138,4.00,0.0,0.0,0.0
WF-2-BJ249,496178.61,5404634.22,144.0507,0.232109,green,13.72,108.96,239.8406,4.00,0.0,0.0,0.0
WF-2-BJ250,496153.57,5404634.22,144.1469,0.232568,green,13.63,109.22,239.5401,4.00,0.0,0.0,0.0
WF-2-BJ251,496128.52,5404634.22,144.2744,0.233176,green,13.46,109.62,239.0998,4.00,0.0,0.0,0.0
WF-2-BJ252,496103.48,5404634.22,144.4019,0.233785,green,13.28,110.02,238.6595,4.00,0.0,0.0,0.0
WF-2-BJ253,496078.44,5404634.22,144.4489,0.234009,green,13.15,110.24,238.4136,4.00,0.0,0.0,0.0
WF-2-BJ254,496053.40,5404634.22,144.4733,0.234125,green,13.03,110.41,238.2219,4.00,0.0,0.0,0.0
WF-2-BJ255,496028.36,5404634.22,144.4722,0.234120,green,12.93,110.52,238.0894,4.00,0.0,0.0,0.0
WF-2-BJ256,496003.31,5404634.22,144.2035,0.232838,green,12.99,110.03,238.5759,4.00,0.0,0.0,0.0
WF-2-BJ257,495978.27,5404634.22,143.9347,0.231555,green,13.06,109.54,239.0625,4.00,0.0,0.0,0.0
WF-2-BJ258,495953.23,5404634.22,143.5610,0.229772,green,13.17,108.83,239.7615,4.00,0.0,0.0,0.0
WF-2-BJ259,495928.19,5404634.22,143.0249,0.227214,green,13.36,107.79,240.7894,4.00,0.0,0.0,0.0
WF-2-BJ260,495903.15,5404634.22,142.4888,0.224657,green,13.54,106.75,241.8174,4.00,0.0,0.0,0.0
WF-2-BJ261,495878.10,5404634.22,141.9077,0.221884,green,13.70,105.66,242.8946,4.00,0.0,0.0,0.0
WF-2-BJ262,495853.06,5404634.22,141.3071,0.219019,green,13.86,104.55,243.9931,4.00,0.0,0.0,0.0
WF-2-BJ263,495828.02,5404634.22,140.7069,0.216155,green,14.02,103.43,245.0911,4.00,0.0,0.0,0.0
WF-2-BJ264,495802.98,5404634.22,140.2038,0.213755,green,14.06,102.56,246.0269,4.00,0.0,0.0,0.0
WF-2-BJ265,495777.94,5404634.22,139.7007,0.211354,green,14.11,101.69,246.9627,4.00,0.0,0.0,0.0
WF-2-BJ266,495752.89,5404634.22,139.2492,0.209200,green,14.12,100.92,247.8903,4.00,0.0,0.0,0.0
WF-2-BJ267,495727.85,5404634.22,138.9132,0.207597,green,14.05,100.36,248.7996,4.00,0.0,0.0,0.0
WF-2-BJ268,495702.81,5404634.22,138.5773,0.205994,green,13.97,99.80,249.7089,4.00,0.0,0.0,0.0
WF-2-BJ269,495677.77,5404634.22,138.3622,0.204968,green,13.83,99.40,250.8064,4.00,0.0,0.0,0.0
WF-2-BJ270,495652.73,5404608.55,137.6707,0.201669,green,13.80,99.23,247.7329,4.00,0.0,0.0,0.0
WF-2-BJ271,495652.73,5404582.88,137.1181,0.199032,green,13.96,99.34,243.4434,4.00,0.0,0.0,0.0
WF-2-BJ272,495652.73,5404557.22,136.2045,0.194673,green,13.99,99.15,238.9706,4.00,0.0,0.0,0.0
WF-2-BJ273,495652.73,5404531.55,135.2910,0.190315,green,14.02,98.96,234.4978,4.00,0.0,0.0,0.0
WF-2-BJ274,495652.73,5404505.88,134.1131,0.184695,green,13.91,98.56,230.0170,4.00,0.0,0.0,0.0
WF-2-BJ275,495652.73,5404480.22,132.8423,0.178631,green,13.74,98.08,225.5334,4.00,0.0,0.0,0.0
WF-2-BJ276,495652.73,5404454.55,131.5347,0.172393,green,13.50,97.57,221.3418,4.00,0.0,0.0,0.0
WF-2-BJ277,495652.73,5404428.88,130.1872,0.165964,green,13.17,97.00,217.4673,4.00,0.0,0.0,0.0
WF-2-BJ278,495652.73,5404403.22,128.9612,0.160114,green,12.87,96.48,213.9841,4.00,0.0,0.0,0.0
WF-2-BJ279,495652.73,5404377.55,128.1694,0.156336,green,12.66,96.12,211.8979,4.00,0.0,0.0,0.0
WF-2-BJ280,495652.73,5404351.88,127.3776,0.152559,green,12.45,95.76,209.8118,4.00,0.0,0.0,0.0
WF-3-BJ1,495678.04,5404664.22,138.6183,0.206190,green,13.64,98.92,255.1809,4.00,0.0,0.0,0.0
WF-3-BJ2,495703.08,5404664.22,138.7102,0.206629,green,13.83,99.18,253.8693,4.00,0.0,0.0,0.0
WF-3-BJ3,495728.12,5404664.22,138.9141,0.207601,green,13.94,99.58,252.8297,4.00,0.0,0.0,0.0
WF-3-BJ4,495753.16,5404664.22,139.1180,0.208574,green,14.06,99.97,251.7900,4.00,0.0,0.0,0.0
WF-3-BJ5,495778.20,5404664.22,139.4383,0.210102,green,14.09,100.56,250.8087,4.00,0.0,0.0,0.0
WF-3-BJ6,495803.24,5404664.22,139.8080,0.211866,green,14.08,101.24,249.8522,4.00,0.0,0.0,0.0
WF-3-BJ7,495828.28,5404664.22,140.1785,0.213634,green,14.08,101.91,248.8949,4.00,0.0,0.0,0.0
WF-3-BJ8,495853.32,5404664.22,140.6604,0.215933,green,13.99,102.82,247.8352,4.00,0.0,0.0,0.0
WF-3-BJ9,495878.36,5404664.22,141.1423,0.218232,green,13.89,103.72,246.7755,4.00,0.0,0.0,0.0
WF-3-BJ10,495903.40,5404664.22,141.6189,0.220507,green,13.79,104.62,245.7329,4.00,0.0,0.0,0.0
WF-3-BJ11,495928.44,5404664.22,142.0839,0.222725,green,13.68,105.51,244.7280,4.00,0.0,0.0,0.0
WF-3-BJ12,495953.48,5404664.22,142.5489,0.224944,green,13.56,106.40,243.7231,4.00,0.0,0.0,0.0
WF-3-BJ13,495978.52,5404664.22,142.9053,0.226644,green,13.49,107.06,242.9782,4.00,0.0,0.0,0.0
WF-3-BJ14,496003.56,5404664.22,143.1943,0.228023,green,13.46,107.58,242.3945,4.00,0.0,0.0,0.0
WF-3-BJ15,496028.60,5404664.22,143.4832,0.229401,green,13.42,108.09,241.8109,4.00,0.0,0.0,0.0
WF-3-BJ16,496053.64,5404664.22,143.5820,0.229873,green,13.48,108.18,241.7166,4.00,0.0,0.0,0.0
WF-3-BJ17,496078.68,5404664.22,143.6648,0.230268,green,13.56,108.23,241.6636,4.00,0.0,0.0,0.0
WF-3-BJ18,496103.72,5404664.22,143.7285,0.230572,green,13.64,108.24,241.6570,4.00,0.0,0.0,0.0
WF-3-BJ19,496128.76,5404664.22,143.7275,0.230567,green,13.74,108.13,241.8085,4.00,0.0,0.0,0.0
WF-3-BJ20,496153.80,5404664.22,143.7266,0.230562,green,13.84,108.01,241.9599,4.00,0.0,0.0,0.0
WF-3-BJ21,496178.84,5404664.22,143.7393,0.230623,green,13.85,108.00,241.9928,4.00,0.0,0.0,0.0
WF-3-BJ22,496203.87,5404664.22,143.7640,0.230741,green,13.80,108.09,241.9215,4.00,0.0,0.0,0.0
WF-3-BJ23,496228.91,5404664.22,143.7887,0.230859,green,13.75,108.17,241.8503,4.00,0.0,0.0,0.0
WF-3-BJ24,496253.95,5404664.22,143.8400,0.231104,green,13.44,108.59,241.3551,4.00,0.0,0.0,0.0
WF-3-BJ25,496278.99,5404664.22,143.8964,0.231373,green,13.08,109.08,240.7778,4.00,0.0,0.0,0.0
WF-3-BJ26,496304.03,5404664.22,143.9482,0.231620,green,12.67,109.62,240.1174,4.00,0.0,0.0,0.0
WF-3-BJ27,496329.07,5404664.22,143.9719,0.231733,green,11.93,110.50,238.9584,4.00,0.0,0.0,0.0
WF-3-BJ28,496354.11,5404664.22,143.9956,0.231846,green,11.19,111.38,237.7994,4.00,0.0,0.0,0.0
WF-3-BJ29,496379.15,5404664.22,143.9828,0.231785,green,10.37,112.30,236.5450,4.00,0.0,0.0,0.0
WF-3-BJ30,496404.19,5404664.22,143.9250,0.231509,green,9.47,113.26,235.1729,4.00,0.0,0.0,0.0
WF-3-BJ31,496429.23,5404664.22,143.8672,0.231234,green,8.56,114.23,233.8007,4.00,0.0,0.0,0.0
WF-3-BJ32,496454.27,5404664.22,143.8157,0.230988,green,8.04,114.76,233.0157,4.00,0.0,0.0,0.0
WF-3-BJ33,496479.31,5404664.22,143.7662,0.230751,green,7.64,115.16,232.4234,4.00,0.0,0.0,0.0
WF-3-BJ34,496504.35,5404664.22,143.7282,0.230570,green,7.29,115.50,231.9126,4.00,0.0,0.0,0.0
WF-3-BJ35,496529.39,5404664.22,143.8788,0.231289,green,7.88,115.03,232.7277,4.00,0.0,0.0,0.0
WF-3-BJ36,496554.43,5404664.22,144.0294,0.232007,green,8.48,114.55,233.5428,4.00,0.0,0.0,0.0
WF-3-BJ37,496579.47,5404664.22,144.2656,0.233134,green,9.29,113.95,234.6216,4.00,0.0,0.0,0.0
WF-3-BJ38,496604.51,5404664.22,144.6522,0.234979,green,10.48,113.13,236.1632,4.00,0.0,0.0,0.0
WF-3-BJ39,496629.55,5404664.22,145.0387,0.236823,green,11.67,112.30,237.7048,4.00,0.0,0.0,0.0
WF-3-BJ40,496654.59,5404664.22,145.5073,0.239058,green,12.87,111.59,239.1320,4.00,0.0,0.0,0.0
WF-3-BJ41,496679.63,5404664.22,146.0166,0.241488,green,14.08,110.94,240.5023,4.00,0.0,0.0,0.0
WF-3-BJ42,496704.67,5404664.22,146.5259,0.243918,green,15.29,110.29,241.8726,4.00,0.0,0.0,0.0
WF-3-BJ43,496729.71,5404664.22,147.0637,0.246485,green,16.29,109.95,242.7629,4.00,0.0,0.0,0.0
WF-3-BJ44,496754.75,5404664.22,147.6024,0.249055,green,17.29,109.61,243.6399,4.00,0.0,0.0,0.0
WF-3-BJ45,496779.79,5404664.22,148.1369,0.251605,green,18.23,109.35,244.3930,4.00,0.0,0.0,0.0
WF-3-BJ46,496804.83,5404664.22,148.6606,0.254104,green,19.02,109.26,244.8248,4.00,0.0,0.0,0.0
WF-3-BJ47,496829.87,5404664.22,149.1844,0.256603,green,19.81,109.18,245.2565,4.00,0.0,0.0,0.0
WF-3-BJ48,496854.91,5404664.22,149.6837,0.258985,green,20.50,109.17,245.5432,4.00,0.0,0.0,0.0
WF-3-BJ49,496879.95,5404664.22,150.1656,0.261284,green,21.13,109.22,245.7262,4.00,0.0,0.0,0.0
WF-3-BJ50,496904.99,5404664.22,150.6475,0.263583,green,21.75,109.27,245.9092,4.00,0.0,0.0,0.0
WF-3-BJ51,496930.03,5404664.22,151.0646,0.265574,green,22.26,109.32,246.1333,4.00,0.0,0.0,0.0
WF-3-BJ52,496955.07,5404664.22,151.4737,0.267525,green,22.76,109.38,246.3625,4.00,0.0,0.0,0.0
WF-3-BJ53,496980.11,5404664.22,151.8611,0.269374,green,23.23,109.40,246.6742,4.00,0.0,0.0,0.0
WF-3-BJ54,497005.15,5404664.22,152.1583,0.270792,green,23.61,109.32,247.3297,4.00,0.0,0.0,0.0
WF-3-BJ55,497030.19,5404664.22,152.4556,0.272210,green,23.98,109.24,247.9852,4.00,0.0,0.0,0.0
WF-3-BJ56,497055.23,5404664.22,152.6786,0.273274,green,24.29,109.04,249.0447,4.00,0.0,0.0,0.0
WF-3-BJ57,497080.27,5404664.22,152.8271,0.273983,green,24.54,108.69,250.5105,4.00,0.0,0.0,0.0
WF-3-BJ58,497105.31,5404664.22,152.9755,0.274691,green,24.79,108.35,251.9763,4.00,0.0,0.0,0.0
WF-3-BJ59,497130.35,5404664.22,152.9909,0.274764,green,24.95,107.74,254.2678,4.00,0.0,0.0,0.0
WF-3-BJ60,497155.39,5404664.22,152.9738,0.274683,green,25.09,107.06,256.7611,4.00,0.0,0.0,0.0
WF-3-BJ61,497180.43,5404664.22,152.9403,0.274523,green,25.21,106.34,259.3538,4.00,0.0,0.0,0.0
WF-3-BJ62,497205.47,5404664.22,152.7727,0.273723,green,25.28,105.33,262.7620,4.00,0.0,0.0,0.0
WF-3-BJ63,497230.51,5404664.22,152.6050,0.272923,green,25.35,104.31,266.1701,4.00,0.0,0.0,0.0
WF-3-BJ64,497255.55,5404664.22,152.3901,0.271898,green,25.43,103.19,269.7737,4.00,0.0,0.0,0.0
WF-3-BJ65,497280.59,5404664.22,152.1082,0.270553,green,25.50,101.92,273.6541,4.00,0.0,0.0,0.0
WF-3-BJ66,497305.63,5404664.22,151.8263,0.269208,green,25.58,100.65,277.5345,4.00,0.0,0.0,0.0
WF-3-BJ67,497330.67,5404664.22,151.4865,0.267586,green,25.72,99.28,281.3409,4.00,0.0,0.0,0.0
WF-3-BJ68,497355.71,5404664.22,151.1240,0.265857,green,25.89,97.86,285.1183,4.00,0.0,0.0,0.0
WF-3-BJ69,497380.75,5404664.22,150.7601,0.264121,green,26.06,96.44,288.8824,4.00,0.0,0.0,0.0
WF-3-BJ70,497405.79,5404664.22,150.3399,0.262116,green,26.36,94.96,292.1084,4.00,0.0,0.0,0.0
WF-3-BJ71,497430.83,5404664.22,149.9197,0.260111,green,26.66,93.48,295.3344,4.00,0.0,0.0,0.0
WF-3-BJ72,497455.87,5404664.22,149.4925,0.258073,green,26.98,92.03,298.3262,4.00,0.0,0.0,0.0
WF-3-BJ73,497480.91,5404664.22,149.0511,0.255967,green,27.34,90.63,300.8403,4.00,0.0,0.0,0.0
WF-3-BJ74,497505.95,5404664.22,148.6097,0.253861,green,27.71,89.23,303.3544,4.00,0.0,0.0,0.0
WF-3-BJ75,497530.99,5404664.22,148.1998,0.251905,green,27.99,88.02,305.5060,4.00,0.0,0.0,0.0
WF-3-BJ76,497556.03,5404664.22,147.8081,0.250036,green,28.21,86.92,307.4484,4.00,0.0,0.0,0.0
WF-3-BJ77,497581.07,5404664.22,147.4163,0.248167,green,28.43,85.82,309.3907,4.00,0.0,0.0,0.0
WF-3-BJ78,497606.11,5404664.22,147.1285,0.246794,green,28.27,85.20,311.1593,4.00,0.0,0.0,0.0
WF-3-BJ79,497631.15,5404664.22,146.8474,0.245452,green,28.08,84.62,312.9167,4.00,0.0,0.0,0.0
WF-3-BJ80,497656.19,5404664.22,146.5884,0.244217,green,27.78,84.14,314.7561,4.00,0.0,0.0,0.0
WF-3-BJ81,497681.23,5404664.22,146.3980,0.243309,green,27.10,84.00,316.8494,4.00,0.0,0.0,0.0
WF-3-BJ82,497706.27,5404664.22,146.2077,0.242400,green,26.43,83.85,318.9427,4.00,0.0,0.0,0.0
WF-3-BJ83,497731.31,5404664.22,146.0178,0.241494,green,25.59,83.74,321.4498,4.00,0.0,0.0,0.0
WF-3-BJ84,497756.35,5404664.22,145.8282,0.240590,green,24.62,83.68,324.2962,4.00,0.0,0.0,0.0
WF-3-BJ85,497781.39,5404664.22,145.6386,0.239685,green,23.65,83.61,327.1427,4.00,0.0,0.0,0.0
WF-3-BJ86,497806.43,5404664.22,145.3399,0.238260,green,22.66,83.24,330.7575,4.00,0.0,0.0,0.0
WF-3-BJ87,497831.47,5404664.22,145.0226,0.236746,green,21.67,82.83,334.5032,4.00,0.0,0.0,0.0
WF-3-BJ88,497856.51,5404664.22,144.6412,0.234926,green,20.71,82.28,338.3883,4.00,0.0,0.0,0.0
WF-3-BJ89,497881.55,5404664.22,143.9225,0.231497,green,19.93,81.01,343.0073,4.00,0.0,0.0,0.0
WF-3-BJ90,497906.59,5404664.22,143.2038,0.228068,green,19.15,79.73,347.6263,4.00,0.0,0.0,0.0
WF-3-BJ91,497931.63,5404664.22,141.9597,0.222132,green,18.57,77.53,352.7528,4.00,0.0,0.0,0.0
WF-3-BJ92,497956.67,5404664.22,140.1102,0.213308,green,18.22,74.25,358.4642,4.00,0.0,0.0,0.0
WF-3-BJ93,497981.71,5404664.22,138.2607,0.204484,green,17.87,70.97,364.1756,4.00,0.0,0.0,0.0
WF-3-BJ94,498006.75,5404664.22,135.2576,0.190156,green,17.94,65.81,370.3926,4.00,0.0,0.0,0.0
WF-3-BJ95,498031.79,5404664.22,131.9095,0.174181,green,18.13,60.07,376.7610,4.00,0.0,0.0,0.0
WF-3-BJ96,498056.83,5404664.22,128.8066,0.159376,green,18.32,54.76,382.6241,4.00,0.0,0.0,0.0
WF-3-BJ97,498081.87,5404664.22,128.7374,0.159046,green,18.38,54.71,382.2367,4.00,0.0,0.0,0.0
WF-3-BJ98,498106.91,5404664.22,128.6681,0.158716,green,18.44,54.65,381.8494,4.00,0.0,0.0,0.0
WF-3-BJ99,498131.95,5404664.22,129.6477,0.163390,green,18.46,56.44,379.2120,4.00,0.0,0.0,0.0
WF-3-BJ100,498156.99,5404664.22,132.3394,0.176232,green,18.39,61.25,372.9017,4.00,0.0,0.0,0.0
WF-3-BJ101,498182.03,5404664.22,135.0311,0.189075,green,18.31,66.05,366.5915,4.00,0.0,0.0,0.0
WF-3-BJ102,498207.07,5404664.22,137.3361,0.200073,green,18.39,70.22,360.4474,4.00,0.0,0.0,0.0
WF-3-BJ103,498232.11,5404664.22,139.4634,0.210222,green,18.53,74.09,354.3798,4.00,0.0,0.0,0.0
WF-3-BJ104,498257.15,5404664.22,141.5906,0.220371,green,18.66,77.97,348.3122,4.00,0.0,0.0,0.0
WF-3-BJ105,498282.19,5404664.22,143.4229,0.229113,green,18.93,81.12,343.3714,4.00,0.0,0.0,0.0
WF-3-BJ106,498307.23,5404664.22,145.2521,0.237841,green,19.20,84.27,338.4420,4.00,0.0,0.0,0.0
WF-3-BJ107,498332.27,5404664.22,147.2071,0.247169,green,19.49,87.49,333.8016,4.00,0.0,0.0,0.0
WF-3-BJ108,498357.31,5404664.22,149.4625,0.257929,green,19.82,90.90,329.8516,4.00,0.0,0.0,0.0
WF-3-BJ109,498382.35,5404664.22,151.7178,0.268690,green,20.16,94.31,325.9016,4.00,0.0,0.0,0.0
WF-3-BJ110,498407.39,5404664.22,154.6154,0.282515,green,20.53,98.39,322.3977,4.00,0.0,0.0,0.0
WF-3-BJ111,498432.43,5404664.22,157.9407,0.298381,green,20.92,102.92,319.1910,4.00,0.0,0.0,0.0
WF-3-BJ112,498457.47,5404664.22,161.2661,0.314247,green,21.32,107.45,315.9842,4.00,0.0,0.0,0.0
WF-3-BJ113,498482.51,5404664.22,165.6437,0.335133,green,21.75,113.14,313.3711,4.00,0.0,0.0,0.0
WF-3-BJ114,498507.55,5404664.22,170.1314,0.356545,green,22.19,118.94,310.8201,4.00,0.0,0.0,0.0
WF-3-BJ115,498532.59,5404664.22,174.4290,0.377049,green,22.59,124.48,308.5008,4.00,0.0,0.0,0.0
WF-3-BJ116,498557.63,5404664.22,178.0130,0.394149,green,22.90,129.02,307.0510,4.00,0.0,0.0,0.0
WF-3-BJ117,498582.67,5404664.22,181.5970,0.411249,green,23.20,133.56,305.6012,4.00,0.0,0.0,0.0
WF-3-BJ118,498607.71,5404664.22,182.8723,0.417334,green,23.33,135.18,305.0231,4.00,0.0,0.0,0.0
WF-3-BJ119,498632.75,5404664.22,181.9774,0.413064,green,23.28,134.05,305.2645,4.00,0.0,0.0,0.0
WF-3-BJ120,498657.79,5404664.22,181.0825,0.408794,green,23.24,132.91,305.5058,4.00,0.0,0.0,0.0
WF-3-BJ121,498682.83,5404664.22,177.5712,0.392041,green,23.13,128.40,306.5034,4.00,0.0,0.0,0.0
WF-3-BJ122,498707.87,5404664.22,173.4877,0.372558,green,23.00,123.16,307.6664,4.00,0.0,0.0,0.0
WF-3-BJ123,498732.91,5404664.22,169.5014,0.353539,green,22.92,118.00,308.8045,4.00,0.0,0.0,0.0
WF-3-BJ124,498757.95,5404664.22,166.1918,0.337748,green,23.10,113.51,309.7691,4.00,0.0,0.0,0.0
WF-3-BJ125,498782.99,5404664.22,162.8822,0.321957,green,23.29,109.01,310.7337,4.00,0.0,0.0,0.0
WF-3-BJ126,498808.03,5404664.22,160.3930,0.310081,green,23.64,105.46,311.5122,4.00,0.0,0.0,0.0
WF-3-BJ127,498833.07,5404664.22,158.9882,0.303379,green,24.18,103.14,312.0450,4.00,0.0,0.0,0.0
WF-3-BJ128,498858.11,5404664.22,157.5835,0.296676,green,24.73,100.82,312.5777,4.00,0.0,0.0,0.0
WF-3-BJ129,498883.14,5404664.22,157.1563,0.294638,green,25.41,99.66,312.8980,4.00,0.0,0.0,0.0
WF-3-BJ130,498908.18,5404689.88,160.2076,0.309196,green,27.42,101.70,313.5060,4.00,0.0,0.0,0.0
WF-3-BJ131,498908.18,5404715.55,163.1746,0.323353,green,28.95,104.04,314.0062,4.00,0.0,0.0,0.0
WF-3-BJ132,498908.18,5404741.22,166.0542,0.337092,green,30.62,106.14,314.5805,4.00,0.0,0.0,0.0
WF-3-BJ133,498908.18,5404766.88,168.9231,0.350780,green,32.41,108.13,315.1644,4.00,0.0,0.0,0.0
WF-3-BJ134,498908.18,5404792.55,171.7750,0.364387,green,34.40,109.93,315.7635,4.00,0.0,0.0,0.0
WF-3-BJ135,498908.18,5404818.22,174.5564,0.377657,green,36.36,111.68,316.3402,4.00,0.0,0.0,0.0
WF-3-BJ136,498908.18,5404843.88,176.8495,0.388598,green,38.06,113.06,316.7628,4.00,0.0,0.0,0.0
WF-3-BJ137,498908.18,5404869.55,179.1425,0.399538,green,39.76,114.44,317.1853,4.00,0.0,0.0,0.0
WF-3-BJ138,498908.18,5404895.22,180.1304,0.404252,green,40.46,115.02,317.5365,4.00,0.0,0.0,0.0
WF-3-BJ139,498908.18,5404920.88,180.9153,0.407997,green,41.01,115.48,317.8765,4.00,0.0,0.0,0.0
WF-3-BJ140,498908.18,5404946.55,180.7421,0.407170,green,40.73,115.37,318.4349,4.00,0.0,0.0,0.0
WF-3-BJ141,498883.14,5404972.22,177.5951,0.392155,green,37.86,113.52,319.6539,4.00,0.0,0.0,0.0
WF-3-BJ142,498858.11,5404972.22,175.3227,0.381313,green,35.86,112.21,320.1477,4.00,0.0,0.0,0.0
WF-3-BJ143,498833.07,5404972.22,173.2600,0.371472,green,33.99,111.07,320.5742,4.00,0.0,0.0,0.0
WF-3-BJ144,498808.03,5404972.22,171.1973,0.361630,green,32.13,109.92,321.0006,4.00,0.0,0.0,0.0
WF-3-BJ145,498782.99,5404972.22,169.4669,0.353374,green,30.55,108.97,321.3610,4.00,0.0,0.0,0.0
WF-3-BJ146,498757.95,5404972.22,167.9879,0.346318,green,29.18,108.18,321.6714,4.00,0.0,0.0,0.0
WF-3-BJ147,498732.91,5404972.22,166.5090,0.339261,green,27.81,107.38,321.9817,4.00,0.0,0.0,0.0
WF-3-BJ148,498707.87,5404972.22,165.3970,0.333956,green,26.82,106.73,322.3091,4.00,0.0,0.0,0.0
WF-3-BJ149,498682.83,5404972.22,164.3379,0.328903,green,25.88,106.10,322.6390,4.00,0.0,0.0,0.0
WF-3-BJ150,498657.79,5404972.22,163.3103,0.324000,green,24.99,105.47,323.0018,4.00,0.0,0.0,0.0
WF-3-BJ151,498632.75,5404972.22,162.4276,0.319789,green,24.32,104.80,323.5153,4.00,0.0,0.0,0.0
WF-3-BJ152,498607.71,5404972.22,161.5449,0.315577,green,23.65,104.13,324.0288,4.00,0.0,0.0,0.0
WF-3-BJ153,498582.67,5404972.22,160.6767,0.311435,green,23.05,103.39,324.6872,4.00,0.0,0.0,0.0
WF-3-BJ154,498557.63,5404972.22,159.8239,0.307366,green,22.52,102.58,325.4997,4.00,0.0,0.0,0.0
WF-3-BJ155,498532.59,5404972.22,158.9711,0.303297,green,21.99,101.77,326.3122,4.00,0.0,0.0,0.0
WF-3-BJ156,498507.55,5404972.22,158.1342,0.299304,green,21.51,100.89,327.3902,4.00,0.0,0.0,0.0
WF-3-BJ157,498482.51,5404972.22,157.3014,0.295331,green,21.04,99.98,328.5388,4.00,0.0,0.0,0.0
WF-3-BJ158,498457.47,5404972.22,156.4783,0.291403,green,20.57,99.08,329.7157,4.00,0.0,0.0,0.0
WF-3-BJ159,498432.43,5404972.22,155.7465,0.287912,green,20.11,98.22,331.1633,4.00,0.0,0.0,0.0
WF-3-BJ160,498407.39,5404972.22,155.0148,0.284421,green,19.65,97.36,332.6108,4.00,0.0,0.0,0.0
WF-3-BJ161,498382.35,5404972.22,154.3629,0.281310,green,19.19,96.59,334.1413,4.00,0.0,0.0,0.0
WF-3-BJ162,498357.31,5404972.22,153.8307,0.278771,green,18.73,95.93,335.7964,4.00,0.0,0.0,0.0
WF-3-BJ163,498332.27,5404972.22,153.2985,0.276232,green,18.28,95.28,337.4514,4.00,0.0,0.0,0.0
WF-3-BJ164,498307.23,5404972.22,152.9504,0.274571,green,17.81,94.85,339.1687,4.00,0.0,0.0,0.0
WF-3-BJ165,498282.19,5404972.22,152.6795,0.273278,green,17.35,94.50,340.9120,4.00,0.0,0.0,0.0
WF-3-BJ166,498257.15,5404972.22,152.4110,0.271997,green,16.89,94.16,342.6552,4.00,0.0,0.0,0.0
WF-3-BJ167,498232.11,5404972.22,152.3865,0.271880,green,16.43,94.12,344.3811,4.00,0.0,0.0,0.0
WF-3-BJ168,498207.07,5404972.22,152.3620,0.271763,green,15.97,94.09,346.1070,4.00,0.0,0.0,0.0
WF-3-BJ169,498182.03,5404972.22,152.3725,0.271814,green,15.53,94.09,347.8197,4.00,0.0,0.0,0.0
WF-3-BJ170,498156.99,5404972.22,152.4591,0.272227,green,15.10,94.18,349.5039,4.00,0.0,0.0,0.0
WF-3-BJ171,498131.95,5404972.22,152.5457,0.272640,green,14.67,94.27,351.1882,4.00,0.0,0.0,0.0
WF-3-BJ172,498106.91,5404972.22,152.5518,0.272669,green,14.28,94.21,352.8964,4.00,0.0,0.0,0.0
WF-3-BJ173,498081.87,5404972.22,152.5086,0.272463,green,13.92,94.07,354.6193,4.00,0.0,0.0,0.0
WF-3-BJ174,498056.83,5404972.22,152.4653,0.272257,green,13.56,93.94,356.3423,4.00,0.0,0.0,0.0
WF-3-BJ175,498031.79,5404972.22,152.2022,0.271001,green,13.31,93.46,357.9399,4.00,0.0,0.0,0.0
WF-3-BJ176,498006.75,5404972.22,151.9212,0.269661,green,13.07,92.96,359.5275,4.00,0.0,0.0,0.0
WF-3-BJ177,497981.71,5404972.22,151.6360,0.268300,green,12.89,92.46,360.8622,4.00,0.0,0.0,0.0
WF-3-BJ178,497956.67,5404972.22,151.3364,0.266870,green,12.87,91.99,361.3519,4.00,0.0,0.0,0.0
WF-3-BJ179,497931.63,5404972.22,151.0368,0.265441,green,12.86,91.52,361.8416,4.00,0.0,0.0,0.0
WF-3-BJ180,497906.59,5404972.22,150.8369,0.264487,green,13.00,91.25,361.3813,4.00,0.0,0.0,0.0
WF-3-BJ181,497881.55,5404972.22,150.7235,0.263946,green,13.28,91.17,360.0965,4.00,0.0,0.0,0.0
WF-3-BJ182,497856.51,5404972.22,150.6100,0.263405,green,13.56,91.08,358.8118,4.00,0.0,0.0,0.0
WF-3-BJ183,497831.47,5404972.22,150.6812,0.263744,green,13.97,91.30,356.6678,4.00,0.0,0.0,0.0
WF-3-BJ184,497806.43,5404972.22,150.7874,0.264251,green,14.41,91.59,354.3607,4.00,0.0,0.0,0.0
WF-3-BJ185,497781.39,5404972.22,150.9317,0.264940,green,14.83,91.92,352.0895,4.00,0.0,0.0,0.0
WF-3-BJ186,497756.35,5404972.22,151.2997,0.266695,green,15.21,92.53,350.0289,4.00,0.0,0.0,0.0
WF-3-BJ187,497731.31,5404972.22,151.6676,0.268451,green,15.58,93.14,347.9684,4.00,0.0,0.0,0.0
WF-3-BJ188,497706.27,5404972.22,152.1859,0.270923,green,15.85,93.88,346.5073,4.00,0.0,0.0,0.0
WF-3-BJ189,497681.23,5404972.22,152.8874,0.274271,green,15.99,94.80,345.7771,4.00,0.0,0.0,0.0
WF-3-BJ190,497656.19,5404972.22,153.5889,0.277618,green,16.13,95.72,345.0469,4.00,0.0,0.0,0.0
WF-3-BJ191,497631.15,5404972.22,154.5250,0.282084,green,16.04,96.79,345.8400,4.00,0.0,0.0,0.0
WF-3-BJ192,497606.11,5404972.22,155.5370,0.286912,green,15.87,97.91,347.1256,4.00,0.0,0.0,0.0
WF-3-BJ193,497581.07,5404972.22,156.5455,0.291724,green,15.70,99.01,348.4887,4.00,0.0,0.0,0.0
WF-3-BJ194,497556.03,5404972.22,157.5011,0.296283,green,15.36,99.92,351.0496,4.00,0.0,0.0,0.0
WF-3-BJ195,497530.99,5404972.22,158.4567,0.300843,green,15.02,100.82,353.6106,4.00,0.0,0.0,0.0
WF-3-BJ196,497505.95,5404972.22,159.1535,0.304167,green,14.77,101.47,355.5316,4.00,0.0,0.0,0.0
WF-3-BJ197,497480.91,5404972.22,159.4017,0.305351,green,14.66,101.69,356.3436,4.00,0.0,0.0,0.0
WF-3-BJ198,497455.87,5404972.22,159.6499,0.306536,green,14.56,101.91,357.1556,4.00,0.0,0.0,0.0
WF-3-BJ199,497430.83,5404972.22,159.3799,0.305247,green,14.73,101.80,355.5079,4.00,0.0,0.0,0.0
WF-3-BJ200,497405.79,5404972.22,158.8557,0.302746,green,15.03,101.52,352.6538,4.00,0.0,0.0,0.0
WF-3-BJ201,497380.75,5404972.22,158.3315,0.300245,green,15.33,101.25,349.7998,4.00,0.0,0.0,0.0
WF-3-BJ202,497355.71,5404972.22,157.6213,0.296857,green,15.77,101.07,344.9789,4.00,0.0,0.0,0.0
WF-3-BJ203,497330.67,5404972.22,156.9065,0.293447,green,16.21,100.88,340.1098,4.00,0.0,0.0,0.0
WF-3-BJ204,497305.63,5404972.22,156.2444,0.290288,green,16.63,100.79,335.2498,4.00,0.0,0.0,0.0
WF-3-BJ205,497280.59,5404972.22,155.7170,0.287771,green,16.97,100.91,330.4131,4.00,0.0,0.0,0.0
WF-3-BJ206,497255.55,5404972.22,155.1896,0.285255,green,17.32,101.04,325.5764,4.00,0.0,0.0,0.0
WF-3-BJ207,497230.51,5404972.22,154.8024,0.283407,green,17.56,101.31,321.2419,4.00,0.0,0.0,0.0
WF-3-BJ208,497205.47,5404972.22,154.5141,0.282032,green,17.73,101.68,317.2619,4.00,0.0,0.0,0.0
WF-3-BJ209,497180.43,5404972.22,154.2258,0.280656,green,17.91,102.06,313.2818,4.00,0.0,0.0,0.0
WF-3-BJ210,497155.39,5404972.22,154.0969,0.280041,green,17.95,102.55,310.1644,4.00,0.0,0.0,0.0
WF-3-BJ211,497130.35,5404972.22,153.9875,0.279519,green,17.97,103.06,307.1523,4.00,0.0,0.0,0.0
WF-3-BJ212,497105.31,5404972.22,153.8988,0.279096,green,17.97,103.58,304.3033,4.00,0.0,0.0,0.0
WF-3-BJ213,497080.27,5404972.22,153.8947,0.279076,green,17.88,104.13,302.1220,4.00,0.0,0.0,0.0
WF-3-BJ214,497055.23,5404972.22,153.8906,0.279057,green,17.78,104.68,299.9408,4.00,0.0,0.0,0.0
WF-3-BJ215,497030.19,5404972.22,153.9038,0.279120,green,17.66,105.21,298.0581,4.00,0.0,0.0,0.0
WF-3-BJ216,497005.15,5404972.22,153.9344,0.279266,green,17.50,105.73,296.4724,4.00,0.0,0.0,0.0
WF-3-BJ217,496980.11,5404972.22,153.9650,0.279412,green,17.33,106.25,294.8866,4.00,0.0,0.0,0.0
WF-3-BJ218,496955.07,5404972.22,153.9676,0.279424,green,17.15,106.70,293.5450,4.00,0.0,0.0,0.0
WF-3-BJ219,496930.03,5404972.22,153.9636,0.279405,green,16.97,107.13,292.2620,4.00,0.0,0.0,0.0
WF-3-BJ220,496904.99,5404972.22,153.9490,0.279336,green,16.79,107.54,290.9797,4.00,0.0,0.0,0.0
WF-3-BJ221,496879.95,5404972.22,153.8501,0.278864,green,16.61,107.84,289.7035,4.00,0.0,0.0,0.0
WF-3-BJ222,496854.91,5404972.22,153.7512,0.278392,green,16.44,108.14,288.4274,4.00,0.0,0.0,0.0
WF-3-BJ223,496829.87,5404972.22,153.5995,0.277668,green,16.28,108.38,287.0694,4.00,0.0,0.0,0.0
WF-3-BJ224,496804.83,5404972.22,153.3737,0.276591,green,16.14,108.54,285.5968,4.00,0.0,0.0,0.0
WF-3-BJ225,496779.79,5404972.22,153.1479,0.275513,green,15.99,108.70,284.1243,4.00,0.0,0.0,0.0
WF-3-BJ226,496754.75,5404972.22,152.8388,0.274039,green,15.87,108.78,282.4905,4.00,0.0,0.0,0.0
WF-3-BJ227,496729.71,5404972.22,152.4977,0.272411,green,15.75,108.82,280.7945,4.00,0.0,0.0,0.0
WF-3-BJ228,496704.67,5404972.22,152.1547,0.270774,green,15.63,108.86,279.0964,4.00,0.0,0.0,0.0
WF-3-BJ229,496679.63,5404972.22,151.7453,0.268821,green,15.53,108.83,277.3232,4.00,0.0,0.0,0.0
WF-3-BJ230,496654.59,5404972.22,151.3360,0.266868,green,15.43,108.79,275.5499,4.00,0.0,0.0,0.0
WF-3-BJ231,496629.55,5404972.22,150.9221,0.264894,green,15.33,108.74,273.8261,4.00,0.0,0.0,0.0
WF-3-BJ232,496604.51,5404972.22,150.4993,0.262876,green,15.25,108.64,272.2019,4.00,0.0,0.0,0.0
WF-3-BJ233,496579.47,5404972.22,150.0764,0.260859,green,15.16,108.54,270.5777,4.00,0.0,0.0,0.0
WF-3-BJ234,496554.43,5404972.22,149.6656,0.258899,green,15.10,108.39,269.1706,4.00,0.0,0.0,0.0
WF-3-BJ235,496529.39,5404972.22,149.2616,0.256971,green,15.05,108.22,267.8872,4.00,0.0,0.0,0.0
WF-3-BJ236,496504.35,5404972.22,148.8576,0.255044,green,14.99,108.04,266.6038,4.00,0.0,0.0,0.0
WF-3-BJ237,496479.31,5404972.22,148.4670,0.253180,green,14.97,107.77,265.7271,4.00,0.0,0.0,0.0
WF-3-BJ238,496454.27,5404972.22,148.0771,0.251320,green,14.96,107.49,264.8753,4.00,0.0,0.0,0.0
WF-3-BJ239,496429.23,5404972.22,147.6813,0.249431,green,14.95,107.17,264.1309,4.00,0.0,0.0,0.0
WF-3-BJ240,496404.19,5404972.22,147.2673,0.247456,green,14.96,106.74,263.7136,4.00,0.0,0.0,0.0
WF-3-BJ241,496379.15,5404972.22,146.8532,0.245480,green,14.97,106.32,263.2962,4.00,0.0,0.0,0.0
WF-3-BJ242,496354.11,5404972.22,146.3934,0.243286,green,14.99,105.78,263.1093,4.00,0.0,0.0,0.0
WF-3-BJ243,496329.07,5404972.22,145.8963,0.240915,green,15.00,105.16,263.1091,4.00,0.0,0.0,0.0
WF-3-BJ244,496304.03,5404972.22,145.3992,0.238543,green,15.02,104.53,263.1089,4.00,0.0,0.0,0.0
WF-3-BJ245,496278.99,5404972.22,144.7708,0.235545,green,15.02,103.68,263.4923,4.00,0.0,0.0,0.0
WF-3-BJ246,496253.95,5404972.22,144.1205,0.232442,green,15.02,102.78,263.9394,4.00,0.0,0.0,0.0
WF-3-BJ247,496228.91,5404972.22,143.4324,0.229159,green,15.02,101.83,264.4763,4.00,0.0,0.0,0.0
WF-3-BJ248,496203.87,5404972.22,142.5493,0.224945,green,14.98,100.56,265.4757,4.00,0.0,0.0,0.0
WF-3-BJ249,496178.84,5404972.22,141.6662,0.220732,green,14.94,99.29,266.4752,4.00,0.0,0.0,0.0
WF-3-BJ250,496153.80,5404972.22,140.6377,0.215825,green,14.88,97.79,267.8029,4.00,0.0,0.0,0.0
WF-3-BJ251,496128.76,5404972.22,139.4435,0.210127,green,14.80,96.03,269.5043,4.00,0.0,0.0,0.0
WF-3-BJ252,496103.72,5404972.22,138.2493,0.204430,green,14.72,94.26,271.2057,4.00,0.0,0.0,0.0
WF-3-BJ253,496078.68,5404972.22,136.8042,0.197534,green,14.61,92.09,273.4859,4.00,0.0,0.0,0.0
WF-3-BJ254,496053.64,5404972.22,135.2852,0.190287,green,14.48,89.79,275.9363,4.00,0.0,0.0,0.0
WF-3-BJ255,496028.60,5404972.22,133.7589,0.183005,green,14.36,87.49,278.4118,4.00,0.0,0.0,0.0
WF-3-BJ256,496003.56,5404972.22,132.1467,0.175313,green,14.23,85.02,281.1853,4.00,0.0,0.0,0.0
WF-3-BJ257,495978.52,5404972.22,130.5345,0.167621,green,14.10,82.55,283.9587,4.00,0.0,0.0,0.0
WF-3-BJ258,495953.48,5404972.22,129.1351,0.160944,green,13.98,80.41,286.3834,4.00,0.0,0.0,0.0
WF-3-BJ259,495928.44,5404972.22,128.0788,0.155904,green,13.90,78.78,288.2458,4.00,0.0,0.0,0.0
WF-3-BJ260,495903.40,5404972.22,127.0224,0.150864,green,13.82,77.15,290.1082,4.00,0.0,0.0,0.0
WF-3-BJ261,495878.36,5404972.22,126.7878,0.149744,green,13.80,76.79,290.5374,4.00,0.0,0.0,0.0
WF-3-BJ262,495853.32,5404972.22,126.9261,0.150404,green,13.80,77.00,290.3163,4.00,0.0,0.0,0.0
WF-3-BJ263,495828.28,5404972.22,127.0643,0.151064,green,13.80,77.21,290.0952,4.00,0.0,0.0,0.0
WF-3-BJ264,495803.24,5404972.22,128.1918,0.156443,green,13.82,78.96,288.3358,4.00,0.0,0.0,0.0
WF-3-BJ265,495778.20,5404972.22,129.3262,0.161856,green,13.84,80.71,286.5655,4.00,0.0,0.0,0.0
WF-3-BJ266,495753.16,5404972.22,130.5381,0.167638,green,13.83,82.57,284.8136,4.00,0.0,0.0,0.0
WF-3-BJ267,495728.12,5404972.22,131.9324,0.174291,green,13.75,84.70,283.1053,4.00,0.0,0.0,0.0
WF-3-BJ268,495703.08,5404972.22,133.3268,0.180943,green,13.67,86.83,281.3969,4.00,0.0,0.0,0.0
WF-3-BJ269,495678.04,5404972.22,134.5952,0.186995,green,13.50,88.74,280.3380,4.00,0.0,0.0,0.0
WF-3-BJ270,495653.00,5404946.55,136.0329,0.193854,green,13.13,90.98,279.4816,4.00,0.0,0.0,0.0
WF-3-BJ271,495653.00,5404920.88,136.3844,0.195532,green,12.98,91.61,279.0318,4.00,0.0,0.0,0.0
WF-3-BJ272,495653.00,5404895.22,136.8884,0.197936,green,12.84,92.51,278.2373,4.00,0.0,0.0,0.0
WF-3-BJ273,495653.00,5404869.55,137.3871,0.200316,green,12.71,93.41,277.3577,4.00,0.0,0.0,0.0
WF-3-BJ274,495653.00,5404843.88,137.8518,0.202533,green,12.64,94.33,275.9305,4.00,0.0,0.0,0.0
WF-3-BJ275,495653.00,5404818.22,138.3164,0.204750,green,12.58,95.26,274.5034,4.00,0.0,0.0,0.0
WF-3-BJ276,495653.00,5404792.55,138.5940,0.206074,green,12.63,96.02,272.3361,4.00,0.0,0.0,0.0
WF-3-BJ277,495653.00,5404766.88,138.8447,0.207270,green,12.69,96.76,270.0621,4.00,0.0,0.0,0.0
WF-3-BJ278,495653.00,5404741.22,138.9424,0.207736,green,12.83,97.38,267.2209,4.00,0.0,0.0,0.0
WF-3-BJ279,495653.00,5404715.55,138.9438,0.207743,green,13.01,97.92,264.0222,4.00,0.0,0.0,0.0
WF-3-BJ280,495653.00,5404689.88,138.8548,0.207318,green,13.20,98.40,260.5749,4.00,0.0,0.0,0.0
WF-4-BJ1,495678.30,5405002.22,134.5348,0.186707,green,13.62,88.55,280.4695,4.00,0.0,0.0,0.0
WF-4-BJ2,495703.34,5405002.22,133.2913,0.180774,green,13.76,86.68,281.6275,4.00,0.0,0.0,0.0
WF-4-BJ3,495728.38,5405002.22,131.9240,0.174250,green,13.81,84.60,283.3287,4.00,0.0,0.0,0.0
WF-4-BJ4,495753.42,5405002.22,130.5567,0.167727,green,13.86,82.52,285.0298,4.00,0.0,0.0,0.0
WF-4-BJ5,495778.46,5405002.22,129.3724,0.162076,green,13.86,80.71,286.7238,4.00,0.0,0.0,0.0
WF-4-BJ6,495803.49,5405002.22,128.2619,0.156778,green,13.84,79.01,288.4148,4.00,0.0,0.0,0.0
WF-4-BJ7,495828.53,5405002.22,127.1684,0.151560,green,13.81,77.34,290.0803,4.00,0.0,0.0,0.0
WF-4-BJ8,495853.57,5405002.22,127.0365,0.150931,green,13.81,77.13,290.2894,4.00,0.0,0.0,0.0
WF-4-BJ9,495878.61,5405002.22,126.9047,0.150302,green,13.81,76.93,290.4984,4.00,0.0,0.0,0.0
WF-4-BJ10,495903.65,5405002.22,127.1534,0.151489,green,13.83,77.31,290.0749,4.00,0.0,0.0,0.0
WF-4-BJ11,495928.68,5405002.22,128.2030,0.156497,green,13.91,78.91,288.3200,4.00,0.0,0.0,0.0
WF-4-BJ12,495953.72,5405002.22,129.2526,0.161504,green,13.99,80.50,286.5650,4.00,0.0,0.0,0.0
WF-4-BJ13,495978.76,5405002.22,130.6590,0.168215,green,14.11,82.63,284.2638,4.00,0.0,0.0,0.0
WF-4-BJ14,496003.80,5405002.22,132.2778,0.175938,green,14.24,85.08,281.6375,4.00,0.0,0.0,0.0
WF-4-BJ15,496028.83,5405002.22,133.8966,0.183662,green,14.38,87.52,279.0113,4.00,0.0,0.0,0.0
WF-4-BJ16,496053.87,5405002.22,135.4463,0.191056,green,14.50,89.82,276.6677,4.00,0.0,0.0,0.0
WF-4-BJ17,496078.91,5405002.22,136.9909,0.198425,green,14.63,92.12,274.3448,4.00,0.0,0.0,0.0
WF-4-BJ18,496103.95,5405002.22,138.4604,0.205437,green,14.75,94.29,272.1959,4.00,0.0,0.0,0.0
WF-4-BJ19,496128.99,5405002.22,139.6877,0.211292,green,14.84,96.06,270.6082,4.00,0.0,0.0,0.0
WF-4-BJ20,496154.02,5405002.22,140.9149,0.217147,green,14.93,97.84,269.0206,4.00,0.0,0.0,0.0
WF-4-BJ21,496179.06,5405002.22,141.9735,0.222198,green,14.99,99.34,267.8191,4.00,0.0,0.0,0.0
WF-4-BJ22,496204.10,5405002.22,142.8893,0.226568,green,15.04,100.61,266.9444,4.00,0.0,0.0,0.0
WF-4-BJ23,496229.14,5405002.22,143.8052,0.230937,green,15.09,101.89,266.0698,4.00,0.0,0.0,0.0
WF-4-BJ24,496254.17,5405002.22,144.5236,0.234365,green,15.11,102.83,265.6873,4.00,0.0,0.0,0.0
WF-4-BJ25,496279.21,5405002.22,145.2063,0.237622,green,15.13,103.72,265.3941,4.00,0.0,0.0,0.0
WF-4-BJ26,496304.25,5405002.22,145.8662,0.240771,green,15.15,104.56,265.1736,4.00,0.0,0.0,0.0
WF-4-BJ27,496329.29,5405002.22,146.3982,0.243309,green,15.14,105.18,265.3615,4.00,0.0,0.0,0.0
WF-4-BJ28,496354.33,5405002.22,146.9303,0.245848,green,15.14,105.79,265.5493,4.00,0.0,0.0,0.0
WF-4-BJ29,496379.36,5405002.22,147.4265,0.248216,green,15.14,106.32,265.9381,4.00,0.0,0.0,0.0
WF-4-BJ30,496404.40,5405002.22,147.8801,0.250380,green,15.13,106.74,266.5666,4.00,0.0,0.0,0.0
WF-4-BJ31,496429.44,5405002.22,148.3337,0.252544,green,15.13,107.17,267.1951,4.00,0.0,0.0,0.0
WF-4-BJ32,496454.48,5405002.22,148.7715,0.254633,green,15.13,107.49,268.1563,4.00,0.0,0.0,0.0
WF-4-BJ33,496479.52,5405002.22,149.2045,0.256698,green,15.14,107.79,269.2221,4.00,0.0,0.0,0.0
WF-4-BJ34,496504.55,5405002.22,149.6384,0.258769,green,15.14,108.08,270.3151,4.00,0.0,0.0,0.0
WF-4-BJ35,496529.59,5405002.22,150.0864,0.260906,green,15.16,108.29,271.7963,4.00,0.0,0.0,0.0
WF-4-BJ36,496554.63,5405002.22,150.5343,0.263044,green,15.18,108.50,273.2775,4.00,0.0,0.0,0.0
WF-4-BJ37,496579.67,5405002.22,150.9886,0.265211,green,15.21,108.70,274.8748,4.00,0.0,0.0,0.0
WF-4-BJ38,496604.70,5405002.22,151.4536,0.267430,green,15.24,108.86,276.6694,4.00,0.0,0.0,0.0
WF-4-BJ39,496629.74,5405002.22,151.9186,0.269648,green,15.27,109.01,278.4639,4.00,0.0,0.0,0.0
WF-4-BJ40,496654.78,5405002.22,152.3695,0.271800,green,15.30,109.14,280.3300,4.00,0.0,0.0,0.0
WF-4-BJ41,496679.82,5405002.22,152.8136,0.273918,green,15.34,109.24,282.2303,4.00,0.0,0.0,0.0
WF-4-BJ42,496704.86,5405002.22,153.2577,0.276037,green,15.38,109.34,284.1307,4.00,0.0,0.0,0.0
WF-4-BJ43,496729.89,5405002.22,153.6161,0.277747,green,15.43,109.36,285.8794,4.00,0.0,0.0,0.0
WF-4-BJ44,496754.93,5405002.22,153.9727,0.279449,green,15.49,109.37,287.6250,4.00,0.0,0.0,0.0
WF-4-BJ45,496779.97,5405002.22,154.2871,0.280949,green,15.57,109.34,289.2747,4.00,0.0,0.0,0.0
WF-4-BJ46,496805.01,5405002.22,154.4956,0.281943,green,15.67,109.20,290.6838,4.00,0.0,0.0,0.0
WF-4-BJ47,496830.05,5405002.22,154.7041,0.282938,green,15.77,109.06,292.0929,4.00,0.0,0.0,0.0
WF-4-BJ48,496855.08,5405002.22,154.8167,0.283475,green,15.91,108.82,293.3207,4.00,0.0,0.0,0.0
WF-4-BJ49,496880.12,5405002.22,154.8627,0.283695,green,16.07,108.51,294.4225,4.00,0.0,0.0,0.0
WF-4-BJ50,496905.16,5405002.22,154.9087,0.283915,green,16.23,108.19,295.5242,4.00,0.0,0.0,0.0
WF-4-BJ51,496930.20,5405002.22,154.8496,0.283633,green,16.42,107.73,296.5750,4.00,0.0,0.0,0.0
WF-4-BJ52,496955.23,5405002.22,154.7782,0.283292,green,16.61,107.25,297.6198,4.00,0.0,0.0,0.0
WF-4-BJ53,496980.27,5405002.22,154.6992,0.282915,green,16.80,106.76,298.7230,4.00,0.0,0.0,0.0
WF-4-BJ54,497005.31,5405002.22,154.5898,0.282393,green,16.99,106.18,300.0600,4.00,0.0,0.0,0.0
WF-4-BJ55,497030.35,5405002.22,154.4805,0.281871,green,17.17,105.60,301.3970,4.00,0.0,0.0,0.0
WF-4-BJ56,497055.39,5405002.22,154.3937,0.281457,green,17.32,105.00,303.0410,4.00,0.0,0.0,0.0
WF-4-BJ57,497080.42,5405002.22,154.3290,0.281149,green,17.44,104.40,304.9860,4.00,0.0,0.0,0.0
WF-4-BJ58,497105.46,5405002.22,154.2644,0.280840,green,17.55,103.79,306.9311,4.00,0.0,0.0,0.0
WF-4-BJ59,497130.50,5405002.22,154.2958,0.280990,green,17.58,103.24,309.5483,4.00,0.0,0.0,0.0
WF-4-BJ60,497155.54,5405002.22,154.3498,0.281248,green,17.59,102.69,312.3237,4.00,0.0,0.0,0.0
WF-4-BJ61,497180.57,5405002.22,154.4252,0.281608,green,17.57,102.16,315.2053,4.00,0.0,0.0,0.0
WF-4-BJ62,497205.61,5405002.22,154.6656,0.282755,green,17.43,101.76,318.9092,4.00,0.0,0.0,0.0
WF-4-BJ63,497230.65,5405002.22,154.9060,0.283902,green,17.29,101.36,322.6132,4.00,0.0,0.0,0.0
WF-4-BJ64,497255.69,5405002.22,155.2445,0.285517,green,17.09,101.06,326.6415,4.00,0.0,0.0,0.0
WF-4-BJ65,497280.73,5405002.22,155.7187,0.287779,green,16.79,100.91,331.1190,4.00,0.0,0.0,0.0
WF-4-BJ66,497305.76,5405002.22,156.1929,0.290042,green,16.49,100.76,335.5964,4.00,0.0,0.0,0.0
WF-4-BJ67,497330.80,5405002.22,156.7912,0.292896,green,16.13,100.82,340.0509,4.00,0.0,0.0,0.0
WF-4-BJ68,497355.84,5405002.22,157.4368,0.295976,green,15.75,100.96,344.4967,4.00,0.0,0.0,0.0
WF-4-BJ69,497380.88,5405002.22,158.0771,0.299031,green,15.37,101.10,348.8886,4.00,0.0,0.0,0.0
WF-4-BJ70,497405.92,5405002.22,158.5402,0.301241,green,15.11,101.32,351.4808,4.00,0.0,0.0,0.0
WF-4-BJ71,497430.95,5405002.22,159.0032,0.303450,green,14.85,101.54,354.0729,4.00,0.0,0.0,0.0
WF-4-BJ72,497455.99,5405002.22,159.2317,0.304540,green,14.71,101.61,355.5937,4.00,0.0,0.0,0.0
WF-4-BJ73,497481.03,5405002.22,158.9922,0.303397,green,14.79,101.38,354.9770,4.00,0.0,0.0,0.0
WF-4-BJ74,497506.07,5405002.22,158.7526,0.302254,green,14.87,101.15,354.3604,4.00,0.0,0.0,0.0
WF-4-BJ75,497531.10,5405002.22,158.0974,0.299128,green,15.07,100.51,352.8089,4.00,0.0,0.0,0.0
WF-4-BJ76,497556.14,5405002.22,157.2070,0.294880,green,15.33,99.65,350.7287,4.00,0.0,0.0,0.0
WF-4-BJ77,497581.18,5405002.22,156.3166,0.290632,green,15.59,98.78,348.6486,4.00,0.0,0.0,0.0
WF-4-BJ78,497606.22,5405002.22,155.3556,0.286046,green,15.69,97.70,347.7430,4.00,0.0,0.0,0.0
WF-4-BJ79,497631.26,5405002.22,154.3903,0.281441,green,15.78,96.60,346.9077,4.00,0.0,0.0,0.0
WF-4-BJ80,497656.29,5405002.22,153.4904,0.277147,green,15.79,95.54,346.5698,4.00,0.0,0.0,0.0
WF-4-BJ81,497681.33,5405002.22,152.7883,0.273798,green,15.58,94.59,347.7361,4.00,0.0,0.0,0.0
WF-4-BJ82,497706.37,5405002.22,152.0862,0.270448,green,15.36,93.63,348.9025,4.00,0.0,0.0,0.0
WF-4-BJ83,497731.41,5405002.22,151.5415,0.267849,green,15.02,92.80,350.8814,4.00,0.0,0.0,0.0
WF-4-BJ84,497756.44,5405002.22,151.1240,0.265857,green,14.56,92.07,353.5162,4.00,0.0,0.0,0.0
WF-4-BJ85,497781.48,5405002.22,150.7064,0.263864,green,14.10,91.35,356.1510,4.00,0.0,0.0,0.0
WF-4-BJ86,497806.52,5405002.22,150.4681,0.262727,green,13.57,90.82,359.1370,4.00,0.0,0.0,0.0
WF-4-BJ87,497831.56,5405002.22,150.2594,0.261732,green,13.03,90.33,362.1810,4.00,0.0,0.0,0.0
WF-4-BJ88,497856.60,5405002.22,150.0802,0.260877,green,12.53,89.90,365.0219,4.00,0.0,0.0,0.0
WF-4-BJ89,497881.63,5405002.22,150.0528,0.260746,green,12.20,89.74,366.8205,4.00,0.0,0.0,0.0
WF-4-BJ90,497906.67,5405002.22,150.0254,0.260615,green,11.86,89.58,368.6190,4.00,0.0,0.0,0.0
WF-4-BJ91,497931.71,5405002.22,150.0989,0.260966,green,11.73,89.65,369.2169,4.00,0.0,0.0,0.0
WF-4-BJ92,497956.75,5405002.22,150.2873,0.261865,green,11.83,89.97,368.4493,4.00,0.0,0.0,0.0
WF-4-BJ93,497981.79,5405002.22,150.4757,0.262764,green,11.93,90.29,367.6817,4.00,0.0,0.0,0.0
WF-4-BJ94,498006.82,5405002.22,150.7414,0.264031,green,12.27,90.80,365.6330,4.00,0.0,0.0,0.0
WF-4-BJ95,498031.86,5405002.22,151.0298,0.265408,green,12.67,91.37,363.2074,4.00,0.0,0.0,0.0
WF-4-BJ96,498056.90,5405002.22,151.3100,0.266744,green,13.07,91.92,360.7777,4.00,0.0,0.0,0.0
WF-4-BJ97,498081.94,5405002.22,151.4919,0.267612,green,13.54,92.31,358.2980,4.00,0.0,0.0,0.0
WF-4-BJ98,498106.97,5405002.22,151.6738,0.268480,green,14.01,92.70,355.8183,4.00,0.0,0.0,0.0
WF-4-BJ99,498132.01,5405002.22,151.8182,0.269169,green,14.48,93.01,353.4739,4.00,0.0,0.0,0.0
WF-4-BJ100,498157.05,5405002.22,151.9018,0.269568,green,14.95,93.20,351.3481,4.00,0.0,0.0,0.0
WF-4-BJ101,498182.09,5405002.22,151.9855,0.269967,green,15.42,93.39,349.2223,4.00,0.0,0.0,0.0
WF-4-BJ102,498207.13,5405002.22,152.1068,0.270546,green,15.88,93.59,347.2500,4.00,0.0,0.0,0.0
WF-4-BJ103,498232.16,5405002.22,152.2453,0.271207,green,16.35,93.80,345.3476,4.00,0.0,0.0,0.0
WF-4-BJ104,498257.20,5405002.22,152.3837,0.271867,green,16.82,94.01,343.4451,4.00,0.0,0.0,0.0
WF-4-BJ105,498282.24,5405002.22,152.6930,0.273343,green,17.28,94.41,341.6876,4.00,0.0,0.0,0.0
WF-4-BJ106,498307.28,5405002.22,153.0036,0.274825,green,17.74,94.80,339.9312,4.00,0.0,0.0,0.0
WF-4-BJ107,498332.31,5405002.22,153.3748,0.276596,green,18.20,95.27,338.2261,4.00,0.0,0.0,0.0
WF-4-BJ108,498357.35,5405002.22,153.8894,0.279051,green,18.66,95.88,336.6422,4.00,0.0,0.0,0.0
WF-4-BJ109,498382.39,5405002.22,154.4040,0.281506,green,19.11,96.50,335.0582,4.00,0.0,0.0,0.0
WF-4-BJ110,498407.43,5405002.22,155.0211,0.284451,green,19.57,97.22,333.6176,4.00,0.0,0.0,0.0
WF-4-BJ111,498432.47,5405002.22,155.7059,0.287718,green,20.03,97.99,332.2719,4.00,0.0,0.0,0.0
WF-4-BJ112,498457.50,5405002.22,156.3907,0.290985,green,20.48,98.77,330.9261,4.00,0.0,0.0,0.0
WF-4-BJ113,498482.54,5405002.22,157.1717,0.294712,green,20.96,99.60,329.8465,4.00,0.0,0.0,0.0
WF-4-BJ114,498507.58,5405002.22,157.9627,0.298485,green,21.43,100.42,328.7943,4.00,0.0,0.0,0.0
WF-4-BJ115,498532.62,5405002.22,158.7657,0.302317,green,21.92,101.24,327.8071,4.00,0.0,0.0,0.0
WF-4-BJ116,498557.66,5405002.22,159.6137,0.306363,green,22.46,102.03,327.0619,4.00,0.0,0.0,0.0
WF-4-BJ117,498582.69,5405002.22,160.4618,0.310409,green,22.99,102.81,326.3168,4.00,0.0,0.0,0.0
WF-4-BJ118,498607.73,5405002.22,161.3470,0.314633,green,23.60,103.56,325.7053,4.00,0.0,0.0,0.0
WF-4-BJ119,498632.77,5405002.22,162.2671,0.319023,green,24.26,104.27,325.2189,4.00,0.0,0.0,0.0
WF-4-BJ120,498657.81,5405002.22,163.1871,0.323412,green,24.92,104.99,324.7325,4.00,0.0,0.0,0.0
WF-4-BJ121,498682.84,5405002.22,164.2515,0.328491,green,25.79,105.69,324.3639,4.00,0.0,0.0,0.0
WF-4-BJ122,498707.88,5405002.22,165.3473,0.333719,green,26.69,106.40,324.0209,4.00,0.0,0.0,0.0
WF-4-BJ123,498732.92,5405002.22,166.4855,0.339150,green,27.64,107.12,323.6759,4.00,0.0,0.0,0.0
WF-4-BJ124,498757.96,5405002.22,167.9182,0.345985,green,28.90,107.95,323.3171,4.00,0.0,0.0,0.0
WF-4-BJ125,498783.00,5405002.22,169.3508,0.352820,green,30.17,108.78,322.9583,4.00,0.0,0.0,0.0
WF-4-BJ126,498808.03,5405002.22,170.9674,0.360533,green,31.61,109.72,322.5382,4.00,0.0,0.0,0.0
WF-4-BJ127,498833.07,5405002.22,172.8266,0.369404,green,33.28,110.78,322.0370,4.00,0.0,0.0,0.0
WF-4-BJ128,498858.11,5405002.22,174.6859,0.378275,green,34.95,111.85,321.5359,4.00,0.0,0.0,0.0
WF-4-BJ129,498883.15,5405002.22,176.6639,0.387712,green,36.72,113.00,320.9610,4.00,0.0,0.0,0.0
WF-4-BJ130,498908.18,5405027.88,177.2537,0.390526,green,36.90,113.39,321.8491,4.00,0.0,0.0,0.0
WF-4-BJ131,498908.18,5405053.55,175.9121,0.384126,green,35.22,112.71,323.5958,4.00,0.0,0.0,0.0
WF-4-BJ132,498908.18,5405079.22,174.8350,0.378986,green,33.39,112.30,326.1041,4.00,0.0,0.0,0.0
WF-4-BJ133,498908.18,5405104.88,173.7578,0.373847,green,31.56,111.90,328.6125,4.00,0.0,0.0,0.0
WF-4-BJ134,498908.18,5405130.55,173.5806,0.373001,green,29.85,112.28,332.2323,4.00,0.0,0.0,0.0
WF-4-BJ135,498908.18,5405156.22,173.4106,0.372191,green,28.13,112.67,335.8611,4.00,0.0,0.0,0.0
WF-4-BJ136,498908.18,5405181.88,174.0254,0.375124,green,26.60,113.73,340.2352,4.00,0.0,0.0,0.0
WF-4-BJ137,498908.18,5405207.55,174.9284,0.379432,green,25.13,115.04,344.8829,4.00,0.0,0.0,0.0
WF-4-BJ138,498908.18,5405233.22,176.2156,0.385574,green,23.82,116.65,349.7117,4.00,0.0,0.0,0.0
WF-4-BJ139,498908.18,5405258.88,177.9348,0.393776,green,22.69,118.61,354.7441,4.00,0.0,0.0,0.0
WF-4-BJ140,498908.18,5405284.55,179.6610,0.402012,green,21.66,120.55,359.5702,4.00,0.0,0.0,0.0
WF-4-BJ141,498883.15,5405310.22,181.5778,0.411158,green,20.84,122.59,364.1821,4.00,0.0,0.0,0.0
WF-4-BJ142,498858.11,5405310.22,181.4856,0.410717,green,20.77,122.52,364.2584,4.00,0.0,0.0,0.0
WF-4-BJ143,498833.07,5405310.22,180.6779,0.406864,green,20.84,121.73,362.9842,4.00,0.0,0.0,0.0
WF-4-BJ144,498808.03,5405310.22,179.8702,0.403010,green,20.92,120.94,361.7100,4.00,0.0,0.0,0.0
WF-4-BJ145,498783.00,5405310.22,178.6464,0.397172,green,21.02,119.74,359.8514,4.00,0.0,0.0,0.0
WF-4-BJ146,498757.96,5405310.22,177.1074,0.389828,green,21.14,118.23,357.5498,4.00,0.0,0.0,0.0
WF-4-BJ147,498732.92,5405310.22,175.5683,0.382485,green,21.25,116.72,355.2482,4.00,0.0,0.0,0.0
WF-4-BJ148,498707.88,5405310.22,173.8174,0.374131,green,21.28,115.02,352.9766,4.00,0.0,0.0,0.0
WF-4-BJ149,498682.84,5405310.22,172.0359,0.365631,green,21.29,113.29,350.7093,4.00,0.0,0.0,0.0
WF-4-BJ150,498657.81,5405310.22,170.2736,0.357223,green,21.27,111.57,348.5531,4.00,0.0,0.0,0.0
WF-4-BJ151,498632.77,5405310.22,168.5991,0.349234,green,21.15,109.94,346.9071,4.00,0.0,0.0,0.0
WF-4-BJ152,498607.73,5405310.22,166.9247,0.341245,green,21.03,108.31,345.2612,4.00,0.0,0.0,0.0
WF-4-BJ153,498582.69,5405310.22,165.3693,0.333824,green,20.86,106.80,343.9826,4.00,0.0,0.0,0.0
WF-4-BJ154,498557.66,5405310.22,163.9412,0.327010,green,20.64,105.39,343.0965,4.00,0.0,0.0,0.0
WF-4-BJ155,498532.62,5405310.22,162.5130,0.320196,green,20.41,103.99,342.2105,4.00,0.0,0.0,0.0
WF-4-BJ156,498507.58,5405310.22,161.2920,0.314371,green,20.13,102.76,341.8766,4.00,0.0,0.0,0.0
WF-4-BJ157,498482.54,5405310.22,160.1267,0.308810,green,19.84,101.59,341.6911,4.00,0.0,0.0,0.0
WF-4-BJ158,498457.50,5405310.22,158.9830,0.303354,green,19.55,100.43,341.5614,4.00,0.0,0.0,0.0
WF-4-BJ159,498432.47,5405310.22,158.0501,0.298902,green,19.21,99.45,341.9744,4.00,0.0,0.0,0.0
WF-4-BJ160,498407.43,5405310.22,157.1171,0.294451,green,18.87,98.47,342.3874,4.00,0.0,0.0,0.0
WF-4-BJ161,498382.39,5405310.22,156.2603,0.290363,green,18.53,97.55,343.0033,4.00,0.0,0.0,0.0
WF-4-BJ162,498357.35,5405310.22,155.5188,0.286825,green,18.16,96.72,343.9261,4.00,0.0,0.0,0.0
WF-4-BJ163,498332.31,5405310.22,154.7772,0.283287,green,17.80,95.89,344.8488,4.00,0.0,0.0,0.0
WF-4-BJ164,498307.28,5405310.22,154.1431,0.280262,green,17.41,95.14,346.0809,4.00,0.0,0.0,0.0
WF-4-BJ165,498282.24,5405310.22,153.5544,0.277453,green,17.03,94.43,347.4437,4.00,0.0,0.0,0.0
WF-4-BJ166,498257.20,5405310.22,152.9666,0.274648,green,16.64,93.71,348.8094,4.00,0.0,0.0,0.0
WF-4-BJ167,498232.16,5405310.22,152.4990,0.272417,green,16.23,93.08,350.5396,4.00,0.0,0.0,0.0
WF-4-BJ168,498207.13,5405310.22,152.0314,0.270186,green,15.82,92.45,352.2698,4.00,0.0,0.0,0.0
WF-4-BJ169,498182.09,5405310.22,151.5947,0.268103,green,15.41,91.84,354.0758,4.00,0.0,0.0,0.0
WF-4-BJ170,498157.05,5405310.22,151.2259,0.266343,green,15.00,91.28,356.0484,4.00,0.0,0.0,0.0
WF-4-BJ171,498132.01,5405310.22,150.8571,0.264584,green,14.59,90.72,358.0209,4.00,0.0,0.0,0.0
WF-4-BJ172,498106.97,5405310.22,150.5428,0.263084,green,14.20,90.22,359.9870,4.00,0.0,0.0,0.0
WF-4-BJ173,498081.94,5405310.22,150.2622,0.261745,green,13.83,89.74,361.9490,4.00,0.0,0.0,0.0
WF-4-BJ174,498056.90,5405310.22,149.9816,0.260406,green,13.45,89.27,363.9110,4.00,0.0,0.0,0.0
WF-4-BJ175,498031.86,5405310.22,149.7817,0.259453,green,13.16,88.91,365.4765,4.00,0.0,0.0,0.0
WF-4-BJ176,498006.82,5405310.22,149.5886,0.258531,green,12.89,88.55,367.0085,4.00,0.0,0.0,0.0
WF-4-BJ177,497981.79,5405310.22,149.4151,0.257703,green,12.65,88.24,368.3453,4.00,0.0,0.0,0.0
WF-4-BJ178,497956.75,5405310.22,149.3083,0.257194,green,12.55,88.04,369.0179,4.00,0.0,0.0,0.0
WF-4-BJ179,497931.71,5405310.22,149.2015,0.256684,green,12.44,87.84,369.6906,4.00,0.0,0.0,0.0
WF-4-BJ180,497906.67,5405310.22,149.1350,0.256367,green,12.43,87.73,369.8525,4.00,0.0,0.0,0.0
WF-4-BJ181,497881.63,5405310.22,149.1039,0.256219,green,12.51,87.70,369.5653,4.00,0.0,0.0,0.0
WF-4-BJ182,497856.60,5405310.22,149.0729,0.256071,green,12.58,87.66,369.2781,4.00,0.0,0.0,0.0
WF-4-BJ183,497831.56,5405310.22,149.0977,0.256189,green,12.75,87.75,368.3943,4.00,0.0,0.0,0.0
WF-4-BJ184,497806.52,5405310.22,149.1333,0.256359,green,12.93,87.87,367.3942,4.00,0.0,0.0,0.0
WF-4-BJ185,497781.48,5405310.22,149.1789,0.256577,green,13.12,88.01,366.3252,4.00,0.0,0.0,0.0
WF-4-BJ186,497756.44,5405310.22,149.2848,0.257082,green,13.34,88.28,364.8382,4.00,0.0,0.0,0.0
WF-4-BJ187,497731.41,5405310.22,149.3907,0.257587,green,13.56,88.56,363.3513,4.00,0.0,0.0,0.0
WF-4-BJ188,497706.37,5405310.22,149.5282,0.258243,green,13.79,88.91,361.6974,4.00,0.0,0.0,0.0
WF-4-BJ189,497681.33,5405310.22,149.7049,0.259086,green,14.01,89.36,359.8367,4.00,0.0,0.0,0.0
WF-4-BJ190,497656.29,5405310.22,149.8817,0.259930,green,14.24,89.80,357.9760,4.00,0.0,0.0,0.0
WF-4-BJ191,497631.26,5405310.22,150.0983,0.260963,green,14.46,90.34,355.9437,4.00,0.0,0.0,0.0
WF-4-BJ192,497606.22,5405310.22,150.3280,0.262059,green,14.67,90.91,353.8546,4.00,0.0,0.0,0.0
WF-4-BJ193,497581.18,5405310.22,150.5591,0.263161,green,14.89,91.49,351.7627,4.00,0.0,0.0,0.0
WF-4-BJ194,497556.14,5405310.22,150.8120,0.264368,green,15.08,92.12,349.6217,4.00,0.0,0.0,0.0
WF-4-BJ195,497531.10,5405310.22,151.0650,0.265575,green,15.26,92.75,347.4808,4.00,0.0,0.0,0.0
WF-4-BJ196,497506.07,5405310.22,151.3183,0.266784,green,15.44,93.39,345.3645,4.00,0.0,0.0,0.0
WF-4-BJ197,497481.03,5405310.22,151.5721,0.267995,green,15.59,94.04,343.2917,4.00,0.0,0.0,0.0
WF-4-BJ198,497455.99,5405310.22,151.8260,0.269206,green,15.74,94.69,341.2190,4.00,0.0,0.0,0.0
WF-4-BJ199,497430.95,5405310.22,152.0811,0.270423,green,15.86,95.35,339.2273,4.00,0.0,0.0,0.0
WF-4-BJ200,497405.92,5405310.22,152.3368,0.271643,green,15.96,96.01,337.2763,4.00,0.0,0.0,0.0
WF-4-BJ201,497380.88,5405310.22,152.5924,0.272863,green,16.06,96.68,335.3252,4.00,0.0,0.0,0.0
WF-4-BJ202,497355.84,5405310.22,152.8772,0.274222,green,16.11,97.39,333.5414,4.00,0.0,0.0,0.0
WF-4-BJ203,497330.80,5405310.22,153.1629,0.275585,green,16.15,98.10,331.7626,4.00,0.0,0.0,0.0
WF-4-BJ204,497305.76,5405310.22,153.4707,0.277053,green,16.17,98.84,330.0606,4.00,0.0,0.0,0.0
WF-4-BJ205,497280.73,5405310.22,153.8366,0.278799,green,16.13,99.66,328.5602,4.00,0.0,0.0,0.0
WF-4-BJ206,497255.69,5405310.22,154.2025,0.280545,green,16.09,100.48,327.0597,4.00,0.0,0.0,0.0
WF-4-BJ207,497230.65,5405310.22,154.6532,0.282695,green,15.99,101.40,325.8241,4.00,0.0,0.0,0.0
WF-4-BJ208,497205.61,5405310.22,155.1649,0.285137,green,15.83,102.40,324.7796,4.00,0.0,0.0,0.0
WF-4-BJ209,497180.57,5405310.22,155.6767,0.287579,green,15.68,103.39,323.7351,4.00,0.0,0.0,0.0
WF-4-BJ210,497155.54,5405310.22,156.3837,0.290952,green,15.38,104.61,323.3018,4.00,0.0,0.0,0.0
WF-4-BJ211,497130.50,5405310.22,157.1160,0.294446,green,15.07,105.86,322.9476,4.00,0.0,0.0,0.0
WF-4-BJ212,497105.46,5405310.22,157.9026,0.298199,green,14.71,107.17,322.7713,4.00,0.0,0.0,0.0
WF-4-BJ213,497080.42,5405310.22,158.9206,0.303056,green,14.20,108.73,323.3521,4.00,0.0,0.0,0.0
WF-4-BJ214,497055.39,5405310.22,159.9385,0.307912,green,13.69,110.29,323.9329,4.00,0.0,0.0,0.0
WF-4-BJ215,497030.35,5405310.22,161.0906,0.313409,green,13.08,111.98,325.0271,4.00,0.0,0.0,0.0
WF-4-BJ216,497005.31,5405310.22,162.3794,0.319559,green,12.37,113.81,326.6446,4.00,0.0,0.0,0.0
WF-4-BJ217,496980.27,5405310.22,163.6682,0.325708,green,11.66,115.64,328.2621,4.00,0.0,0.0,0.0
WF-4-BJ218,496955.23,5405310.22,164.9643,0.331892,green,10.93,117.40,330.3496,4.00,0.0,0.0,0.0
WF-4-BJ219,496930.20,5405310.22,166.2622,0.338084,green,10.18,119.14,332.5546,4.00,0.0,0.0,0.0
WF-4-BJ220,496905.16,5405310.22,167.4965,0.343973,green,9.48,120.79,334.6711,4.00,0.0,0.0,0.0
WF-4-BJ221,496880.12,5405310.22,168.1881,0.347273,green,9.07,121.68,336.0343,4.00,0.0,0.0,0.0
WF-4-BJ222,496855.08,5405310.22,168.8797,0.350573,green,8.67,122.57,337.3975,4.00,0.0,0.0,0.0
WF-4-BJ223,496830.05,5405310.22,169.1213,0.351725,green,8.53,122.91,337.7725,4.00,0.0,0.0,0.0
WF-4-BJ224,496805.01,5405310.22,168.7149,0.349787,green,8.77,122.43,336.7247,4.00,0.0,0.0,0.0
WF-4-BJ225,496779.97,5405310.22,168.3086,0.347848,green,9.01,121.96,335.6768,4.00,0.0,0.0,0.0
WF-4-BJ226,496754.93,5405310.22,167.3443,0.343247,green,9.58,120.88,332.9884,4.00,0.0,0.0,0.0
WF-4-BJ227,496729.89,5405310.22,166.1573,0.337584,green,10.28,119.57,329.6450,4.00,0.0,0.0,0.0
WF-4-BJ228,496704.86,5405310.22,164.9689,0.331913,green,10.98,118.26,326.2833,4.00,0.0,0.0,0.0
WF-4-BJ229,496679.82,5405310.22,163.7064,0.325890,green,11.71,117.03,321.9985,4.00,0.0,0.0,0.0
WF-4-BJ230,496654.78,5405310.22,162.4440,0.319867,green,12.43,115.81,317.7137,4.00,0.0,0.0,0.0
WF-4-BJ231,496629.74,5405310.22,161.2826,0.314325,green,13.09,114.77,313.4311,4.00,0.0,0.0,0.0
WF-4-BJ232,496604.70,5405310.22,160.3316,0.309788,green,13.60,114.11,309.1530,4.00,0.0,0.0,0.0
WF-4-BJ233,496579.67,5405310.22,159.3806,0.305251,green,14.12,113.45,304.8748,4.00,0.0,0.0,0.0
WF-4-BJ234,496554.63,5405310.22,158.6616,0.301820,green,14.49,113.15,300.7825,4.00,0.0,0.0,0.0
WF-4-BJ235,496529.59,5405310.22,158.0792,0.299042,green,14.76,113.08,296.7995,4.00,0.0,0.0,0.0
WF-4-BJ236,496504.55,5405310.22,157.4969,0.296263,green,15.04,113.01,292.8165,4.00,0.0,0.0,0.0
WF-4-BJ237,496479.52,5405310.22,157.1943,0.294820,green,15.14,113.35,289.1499,4.00,0.0,0.0,0.0
WF-4-BJ238,496454.48,5405310.22,156.9115,0.293470,green,15.23,113.73,285.5057,4.00,0.0,0.0,0.0
WF-4-BJ239,496429.44,5405310.22,156.6756,0.292344,green,15.30,114.17,281.9570,4.00,0.0,0.0,0.0
WF-4-BJ240,496404.40,5405310.22,156.5891,0.291932,green,15.27,114.80,278.7129,4.00,0.0,0.0,0.0
WF-4-BJ241,496379.36,5405310.22,156.5026,0.291519,green,15.24,115.44,275.4688,4.00,0.0,0.0,0.0
WF-4-BJ242,496354.33,5405310.22,156.4556,0.291295,green,15.17,116.08,272.5245,4.00,0.0,0.0,0.0
WF-4-BJ243,496329.29,5405310.22,156.4416,0.291228,green,15.08,116.74,269.8318,4.00,0.0,0.0,0.0
WF-4-BJ244,496304.25,5405310.22,156.4277,0.291162,green,14.99,117.39,267.1391,4.00,0.0,0.0,0.0
WF-4-BJ245,496279.21,5405310.22,156.3551,0.290815,green,14.90,117.83,265.0875,4.00,0.0,0.0,0.0
WF-4-BJ246,496254.17,5405310.22,156.2720,0.290419,green,14.80,118.24,263.1501,4.00,0.0,0.0,0.0
WF-4-BJ247,496229.14,5405310.22,156.1587,0.289879,green,14.70,118.57,261.3515,4.00,0.0,0.0,0.0
WF-4-BJ248,496204.10,5405310.22,155.8788,0.288543,green,14.64,118.51,260.3182,4.00,0.0,0.0,0.0
WF-4-BJ249,496179.06,5405310.22,155.5988,0.287207,green,14.57,118.45,259.2849,4.00,0.0,0.0,0.0
WF-4-BJ250,496154.02,5405310.22,155.2021,0.285314,green,14.52,118.14,258.6560,4.00,0.0,0.0,0.0
WF-4-BJ251,496128.99,5405310.22,154.6676,0.282764,green,14.50,117.54,258.5049,4.00,0.0,0.0,0.0
WF-4-BJ252,496103.95,5405310.22,154.1330,0.280213,green,14.47,116.93,258.3537,4.00,0.0,0.0,0.0
WF-4-BJ253,496078.91,5405310.22,153.4414,0.276914,green,14.48,115.99,258.7074,4.00,0.0,0.0,0.0
WF-4-BJ254,496053.87,5405310.22,152.7012,0.273382,green,14.49,114.96,259.2176,4.00,0.0,0.0,0.0
WF-4-BJ255,496028.83,5405310.22,151.9560,0.269826,green,14.50,113.91,259.7505,4.00,0.0,0.0,0.0
WF-4-BJ256,496003.80,5405310.22,151.1424,0.265945,green,14.53,112.70,260.5927,4.00,0.0,0.0,0.0
WF-4-BJ257,495978.76,5405310.22,150.3288,0.262063,green,14.55,111.48,261.4349,4.00,0.0,0.0,0.0
WF-4-BJ258,495953.72,5405310.22,149.5425,0.258311,green,14.58,110.30,262.2881,4.00,0.0,0.0,0.0
WF-4-BJ259,495928.68,5405310.22,148.8019,0.254778,green,14.61,109.16,263.1598,4.00,0.0,0.0,0.0
WF-4-BJ260,495903.65,5405310.22,148.0612,0.251244,green,14.65,108.03,264.0315,4.00,0.0,0.0,0.0
WF-4-BJ261,495878.61,5405310.22,147.4345,0.248254,green,14.67,107.06,264.7983,4.00,0.0,0.0,0.0
WF-4-BJ262,495853.57,5405310.22,146.8619,0.245522,green,14.70,106.17,265.5151,4.00,0.0,0.0,0.0
WF-4-BJ263,495828.53,5405310.22,146.2893,0.242790,green,14.73,105.28,266.2320,4.00,0.0,0.0,0.0
WF-4-BJ264,495803.49,5405310.22,145.9027,0.240945,green,14.75,104.67,266.7445,4.00,0.0,0.0,0.0
WF-4-BJ265,495778.46,5405310.22,145.5192,0.239116,green,14.77,104.06,267.2533,4.00,0.0,0.0,0.0
WF-4-BJ266,495753.42,5405310.22,145.1809,0.237501,green,14.79,103.52,267.7120,4.00,0.0,0.0,0.0
WF-4-BJ267,495728.38,5405310.22,144.9540,0.236419,green,14.80,103.15,268.0464,4.00,0.0,0.0,0.0
WF-4-BJ268,495703.34,5405310.22,144.7272,0.235337,green,14.81,102.78,268.3808,4.00,0.0,0.0,0.0
WF-4-BJ269,495678.30,5405310.22,144.5627,0.234552,green,14.82,102.51,268.6481,4.00,0.0,0.0,0.0
WF-4-BJ270,495653.27,5405284.55,143.4846,0.229408,green,14.75,100.95,269.9162,4.00,0.0,0.0,0.0
WF-4-BJ271,495653.27,5405258.88,142.5261,0.224835,green,14.65,99.62,270.9924,4.00,0.0,0.0,0.0
WF-4-BJ272,495653.27,5405233.22,141.5671,0.220259,green,14.55,98.28,272.0765,4.00,0.0,0.0,0.0
WF-4-BJ273,495653.27,5405207.55,140.6321,0.215798,green,14.44,96.98,273.1612,4.00,0.0,0.0,0.0
WF-4-BJ274,495653.27,5405181.88,139.7185,0.211439,green,14.32,95.71,274.2465,4.00,0.0,0.0,0.0
WF-4-BJ275,495653.27,5405156.22,138.8370,0.207234,green,14.20,94.49,275.3112,4.00,0.0,0.0,0.0
WF-4-BJ276,495653.27,5405130.55,138.0433,0.203447,green,14.07,93.40,276.3198,4.00,0.0,0.0,0.0
WF-4-BJ277,495653.27,5405104.88,137.2515,0.199669,green,13.95,92.30,277.3265,4.00,0.0,0.0,0.0
WF-4-BJ278,495653.27,5405079.22,136.6961,0.197019,green,13.82,91.55,278.1060,4.00,0.0,0.0,0.0
WF-4-BJ279,495653.27,5405053.55,136.1406,0.194368,green,13.70,90.80,278.8856,4.00,0.0,0.0,0.0
WF-4-BJ280,495653.27,5405027.88,135.8689,0.193072,green,13.57,90.47,279.3402,4.00,0.0,0.0,0.0
WF-5-BJ1,495678.66,5405340.22,145.7741,0.240332,green,14.90,104.23,267.3149,4.00,0.0,0.0,0.0
WF-5-BJ2,495703.79,5405340.22,146.0416,0.241608,green,14.88,104.67,266.9181,4.00,0.0,0.0,0.0
WF-5-BJ3,495728.92,5405340.22,146.3773,0.243210,green,14.86,105.22,266.4372,4.00,0.0,0.0,0.0
WF-5-BJ4,495754.04,5405340.22,146.7130,0.244811,green,14.83,105.76,265.9563,4.00,0.0,0.0,0.0
WF-5-BJ5,495779.17,5405340.22,147.1662,0.246973,green,14.80,106.49,265.3291,4.00,0.0,0.0,0.0
WF-5-BJ6,495804.29,5405340.22,147.6611,0.249335,green,14.76,107.29,264.6500,4.00,0.0,0.0,0.0
WF-5-BJ7,495829.42,5405340.22,148.1654,0.251741,green,14.73,108.10,263.9594,4.00,0.0,0.0,0.0
WF-5-BJ8,495854.55,5405340.22,148.8394,0.254957,green,14.68,109.17,263.0601,4.00,0.0,0.0,0.0
WF-5-BJ9,495879.67,5405340.22,149.5134,0.258173,green,14.63,110.24,262.1608,4.00,0.0,0.0,0.0
WF-5-BJ10,495904.80,5405340.22,150.2416,0.261647,green,14.58,111.40,261.2037,4.00,0.0,0.0,0.0
WF-5-BJ11,495929.92,5405340.22,151.0633,0.265567,green,14.53,112.69,260.1466,4.00,0.0,0.0,0.0
WF-5-BJ12,495955.05,5405340.22,151.8850,0.269488,green,14.47,113.99,259.0895,4.00,0.0,0.0,0.0
WF-5-BJ13,495980.18,5405340.22,152.7368,0.273552,green,14.42,115.32,258.0612,4.00,0.0,0.0,0.0
WF-5-BJ14,496005.30,5405340.22,153.6028,0.277684,green,14.36,116.66,257.0463,4.00,0.0,0.0,0.0
WF-5-BJ15,496030.43,5405340.22,154.4687,0.281815,green,14.30,118.00,256.0314,4.00,0.0,0.0,0.0
WF-5-BJ16,496055.55,5405340.22,155.2201,0.285400,green,14.27,119.09,255.4013,4.00,0.0,0.0,0.0
WF-5-BJ17,496080.68,5405340.22,155.9710,0.288983,green,14.24,120.19,254.7730,4.00,0.0,0.0,0.0
WF-5-BJ18,496105.81,5405340.22,156.6401,0.292175,green,14.22,121.12,254.3875,4.00,0.0,0.0,0.0
WF-5-BJ19,496130.93,5405340.22,157.1266,0.294497,green,14.24,121.67,254.5431,4.00,0.0,0.0,0.0
WF-5-BJ20,496156.06,5405340.22,157.6132,0.296818,green,14.25,122.22,254.6987,4.00,0.0,0.0,0.0
WF-5-BJ21,496181.18,5405340.22,157.9013,0.298193,green,14.31,122.35,255.5133,4.00,0.0,0.0,0.0
WF-5-BJ22,496206.31,5405340.22,158.0698,0.298997,green,14.39,122.23,256.7248,4.00,0.0,0.0,0.0
WF-5-BJ23,496231.44,5405340.22,158.2384,0.299801,green,14.47,122.10,257.9362,4.00,0.0,0.0,0.0
WF-5-BJ24,496256.56,5405340.22,158.1810,0.299527,green,14.59,121.44,260.1434,4.00,0.0,0.0,0.0
WF-5-BJ25,496281.69,5405340.22,158.1089,0.299183,green,14.72,120.74,262.4159,4.00,0.0,0.0,0.0
WF-5-BJ26,496306.81,5405340.22,158.0166,0.298743,green,14.85,119.97,264.8979,4.00,0.0,0.0,0.0
WF-5-BJ27,496331.94,5405340.22,157.8651,0.298020,green,14.98,118.99,267.9996,4.00,0.0,0.0,0.0
WF-5-BJ28,496357.07,5405340.22,157.7135,0.297297,green,15.11,118.01,271.1013,4.00,0.0,0.0,0.0
WF-5-BJ29,496382.19,5405340.22,157.6119,0.296812,green,15.21,117.05,274.4990,4.00,0.0,0.0,0.0
WF-5-BJ30,496407.32,5405340.22,157.5484,0.296509,green,15.29,116.11,278.1229,4.00,0.0,0.0,0.0
WF-5-BJ31,496432.44,5405340.22,157.4849,0.296206,green,15.36,115.17,281.7467,4.00,0.0,0.0,0.0
WF-5-BJ32,496457.57,5405340.22,157.6159,0.296831,green,15.32,114.51,285.6232,4.00,0.0,0.0,0.0
WF-5-BJ33,496482.70,5405340.22,157.7729,0.297580,green,15.26,113.89,289.5337,4.00,0.0,0.0,0.0
WF-5-BJ34,496507.82,5405340.22,157.9923,0.298627,green,15.17,113.37,293.4778,4.00,0.0,0.0,0.0
WF-5-BJ35,496532.95,5405340.22,158.4678,0.300895,green,14.92,113.27,297.5595,4.00,0.0,0.0,0.0
WF-5-BJ36,496558.07,5405340.22,158.9432,0.303164,green,14.67,113.16,301.6412,4.00,0.0,0.0,0.0
WF-5-BJ37,496583.20,5405340.22,159.6104,0.306347,green,14.30,113.39,305.7771,4.00,0.0,0.0,0.0
WF-5-BJ38,496608.33,5405340.22,160.4619,0.310410,green,13.80,113.93,309.9650,4.00,0.0,0.0,0.0
WF-5-BJ39,496633.45,5405340.22,161.3135,0.314473,green,13.31,114.47,314.1529,4.00,0.0,0.0,0.0
WF-5-BJ40,496658.58,5405340.22,162.4209,0.319756,green,12.64,115.50,318.2173,4.00,0.0,0.0,0.0
WF-5-BJ41,496683.70,5405340.22,163.5828,0.325300,green,11.94,116.63,322.2554,4.00,0.0,0.0,0.0
WF-5-BJ42,496708.83,5405340.22,164.7359,0.330802,green,11.24,117.78,326.1603,4.00,0.0,0.0,0.0
WF-5-BJ43,496733.96,5405340.22,165.8338,0.336040,green,10.57,119.02,329.2385,4.00,0.0,0.0,0.0
WF-5-BJ44,496759.08,5405340.22,166.9318,0.341279,green,9.89,120.27,332.3166,4.00,0.0,0.0,0.0
WF-5-BJ45,496784.21,5405340.22,167.7026,0.344956,green,9.42,121.15,334.4495,4.00,0.0,0.0,0.0
WF-5-BJ46,496809.33,5405340.22,168.0783,0.346749,green,9.18,121.59,335.4410,4.00,0.0,0.0,0.0
WF-5-BJ47,496834.46,5405340.22,168.4540,0.348542,green,8.95,122.03,336.4325,4.00,0.0,0.0,0.0
WF-5-BJ48,496859.59,5405340.22,168.0515,0.346621,green,9.18,121.48,335.7853,4.00,0.0,0.0,0.0
WF-5-BJ49,496884.71,5405340.22,167.4131,0.343575,green,9.56,120.62,334.6413,4.00,0.0,0.0,0.0
WF-5-BJ50,496909.84,5405340.22,166.7279,0.340306,green,9.96,119.71,333.4347,4.00,0.0,0.0,0.0
WF-5-BJ51,496934.96,5405340.22,165.5163,0.334525,green,10.66,118.05,331.5242,4.00,0.0,0.0,0.0
WF-5-BJ52,496960.09,5405340.22,164.3048,0.328745,green,11.36,116.39,329.6138,4.00,0.0,0.0,0.0
WF-5-BJ53,496985.22,5405340.22,163.0880,0.322939,green,12.04,114.69,327.8976,4.00,0.0,0.0,0.0
WF-5-BJ54,497010.34,5405340.22,161.8630,0.317095,green,12.70,112.93,326.4778,4.00,0.0,0.0,0.0
WF-5-BJ55,497035.47,5405340.22,160.6381,0.311251,green,13.37,111.17,325.0581,4.00,0.0,0.0,0.0
WF-5-BJ56,497060.60,5405340.22,159.5802,0.306203,green,13.91,109.59,324.2928,4.00,0.0,0.0,0.0
WF-5-BJ57,497085.72,5405340.22,158.5905,0.301481,green,14.39,108.07,323.7946,4.00,0.0,0.0,0.0
WF-5-BJ58,497110.85,5405340.22,157.6071,0.296789,green,14.87,106.55,323.3177,4.00,0.0,0.0,0.0
WF-5-BJ59,497135.97,5405340.22,156.8749,0.293295,green,15.17,105.32,323.6862,4.00,0.0,0.0,0.0
WF-5-BJ60,497161.10,5405340.22,156.1427,0.289802,green,15.46,104.08,324.0547,4.00,0.0,0.0,0.0
WF-5-BJ61,497186.23,5405340.22,155.4791,0.286636,green,15.71,102.92,324.6516,4.00,0.0,0.0,0.0
WF-5-BJ62,497211.35,5405340.22,154.9491,0.284107,green,15.85,101.91,325.6939,4.00,0.0,0.0,0.0
WF-5-BJ63,497236.48,5405340.22,154.4192,0.281579,green,16.00,100.90,326.7362,4.00,0.0,0.0,0.0
WF-5-BJ64,497261.60,5405340.22,153.9778,0.279473,green,16.07,100.00,328.0944,4.00,0.0,0.0,0.0
WF-5-BJ65,497286.73,5405340.22,153.5835,0.277592,green,16.10,99.14,329.6203,4.00,0.0,0.0,0.0
WF-5-BJ66,497311.86,5405340.22,153.1892,0.275710,green,16.13,98.29,331.1462,4.00,0.0,0.0,0.0
WF-5-BJ67,497336.98,5405340.22,152.8696,0.274185,green,16.08,97.53,333.0012,4.00,0.0,0.0,0.0
WF-5-BJ68,497362.11,5405340.22,152.5524,0.272672,green,16.02,96.76,334.8671,4.00,0.0,0.0,0.0
WF-5-BJ69,497387.23,5405340.22,152.2448,0.271204,green,15.95,96.01,336.8031,4.00,0.0,0.0,0.0
WF-5-BJ70,497412.36,5405340.22,151.9612,0.269851,green,15.83,95.29,338.9176,4.00,0.0,0.0,0.0
WF-5-BJ71,497437.49,5405340.22,151.6776,0.268498,green,15.71,94.57,341.0321,4.00,0.0,0.0,0.0
WF-5-BJ72,497462.61,5405340.22,151.4001,0.267174,green,15.57,93.85,343.2539,4.00,0.0,0.0,0.0
WF-5-BJ73,497487.74,5405340.22,151.1266,0.265869,green,15.40,93.14,345.5483,4.00,0.0,0.0,0.0
WF-5-BJ74,497512.86,5405340.22,150.8532,0.264565,green,15.23,92.43,347.8426,4.00,0.0,0.0,0.0
WF-5-BJ75,497537.99,5405340.22,150.5898,0.263308,green,15.04,91.75,350.1976,4.00,0.0,0.0,0.0
WF-5-BJ76,497563.12,5405340.22,150.3274,0.262056,green,14.83,91.07,352.5586,4.00,0.0,0.0,0.0
WF-5-BJ77,497588.24,5405340.22,150.0728,0.260842,green,14.63,90.40,354.8848,4.00,0.0,0.0,0.0
WF-5-BJ78,497613.37,5405340.22,149.8449,0.259754,green,14.42,89.81,357.0914,4.00,0.0,0.0,0.0
WF-5-BJ79,497638.49,5405340.22,149.6170,0.258667,green,14.20,89.21,359.2980,4.00,0.0,0.0,0.0
WF-5-BJ80,497663.62,5405340.22,149.4253,0.257752,green,14.00,88.71,361.2618,4.00,0.0,0.0,0.0
WF-5-BJ81,497688.75,5405340.22,149.2646,0.256985,green,13.81,88.28,363.0181,4.00,0.0,0.0,0.0
WF-5-BJ82,497713.87,5405340.22,149.1039,0.256219,green,13.61,87.85,364.7743,4.00,0.0,0.0,0.0
WF-5-BJ83,497739.00,5405340.22,149.0183,0.255810,green,13.45,87.61,365.9655,4.00,0.0,0.0,0.0
WF-5-BJ84,497764.12,5405340.22,148.9456,0.255464,green,13.30,87.41,367.0597,4.00,0.0,0.0,0.0
WF-5-BJ85,497789.25,5405340.22,148.8869,0.255183,green,13.16,87.23,368.0402,4.00,0.0,0.0,0.0
WF-5-BJ86,497814.38,5405340.22,148.8974,0.255233,green,13.06,87.23,368.4566,4.00,0.0,0.0,0.0
WF-5-BJ87,497839.50,5405340.22,148.9079,0.255284,green,12.97,87.23,368.8730,4.00,0.0,0.0,0.0
WF-5-BJ88,497864.63,5405340.22,148.9501,0.255485,green,12.92,87.30,368.9874,4.00,0.0,0.0,0.0
WF-5-BJ89,497889.75,5405340.22,149.0264,0.255849,green,12.91,87.44,368.7775,4.00,0.0,0.0,0.0
WF-5-BJ90,497914.88,5405340.22,149.1027,0.256213,green,12.91,87.59,368.5676,4.00,0.0,0.0,0.0
WF-5-BJ91,497940.01,5405340.22,149.2272,0.256807,green,13.00,87.83,367.8529,4.00,0.0,0.0,0.0
WF-5-BJ92,497965.13,5405340.22,149.3640,0.257460,green,13.11,88.09,367.0090,4.00,0.0,0.0,0.0
WF-5-BJ93,497990.26,5405340.22,149.5085,0.258149,green,13.24,88.37,366.1026,4.00,0.0,0.0,0.0
WF-5-BJ94,498015.38,5405340.22,149.7147,0.259133,green,13.48,88.74,364.6934,4.00,0.0,0.0,0.0
WF-5-BJ95,498040.51,5405340.22,149.9209,0.260117,green,13.72,89.11,363.2841,4.00,0.0,0.0,0.0
WF-5-BJ96,498065.64,5405340.22,150.1610,0.261262,green,13.99,89.53,361.7356,4.00,0.0,0.0,0.0
WF-5-BJ97,498090.76,5405340.22,150.4467,0.262625,green,14.32,90.00,359.9989,4.00,0.0,0.0,0.0
WF-5-BJ98,498115.89,5405340.22,150.7324,0.263989,green,14.64,90.47,358.2621,4.00,0.0,0.0,0.0
WF-5-BJ99,498141.01,5405340.22,151.0839,0.265666,green,15.00,91.01,356.4975,4.00,0.0,0.0,0.0
WF-5-BJ100,498166.14,5405340.22,151.4586,0.267453,green,15.37,91.57,354.7229,4.00,0.0,0.0,0.0
WF-5-BJ101,498191.27,5405340.22,151.8388,0.269267,green,15.73,92.13,352.9584,4.00,0.0,0.0,0.0
WF-5-BJ102,498216.39,5405340.22,152.3171,0.271549,green,16.11,92.77,351.3693,4.00,0.0,0.0,0.0
WF-5-BJ103,498241.52,5405340.22,152.7954,0.273832,green,16.49,93.41,349.7802,4.00,0.0,0.0,0.0
WF-5-BJ104,498266.64,5405340.22,153.3207,0.276338,green,16.86,94.08,348.3115,4.00,0.0,0.0,0.0
WF-5-BJ105,498291.77,5405340.22,153.9266,0.279229,green,17.23,94.81,347.0494,4.00,0.0,0.0,0.0
WF-5-BJ106,498316.90,5405340.22,154.5325,0.282120,green,17.59,95.55,345.7873,4.00,0.0,0.0,0.0
WF-5-BJ107,498342.02,5405340.22,155.2486,0.285536,green,17.95,96.37,344.8147,4.00,0.0,0.0,0.0
WF-5-BJ108,498367.15,5405340.22,156.0160,0.289197,green,18.30,97.22,343.9769,4.00,0.0,0.0,0.0
WF-5-BJ109,498392.27,5405340.22,156.7833,0.292859,green,18.64,98.08,343.1391,4.00,0.0,0.0,0.0
WF-5-BJ110,498417.40,5405340.22,157.7547,0.297493,green,18.96,99.10,342.8161,4.00,0.0,0.0,0.0
WF-5-BJ111,498442.53,5405340.22,158.7267,0.302131,green,19.28,100.12,342.4948,4.00,0.0,0.0,0.0
WF-5-BJ112,498467.65,5405340.22,159.7776,0.307145,green,19.59,101.21,342.3687,4.00,0.0,0.0,0.0
WF-5-BJ113,498492.78,5405340.22,161.0033,0.312993,green,19.86,102.45,342.6748,4.00,0.0,0.0,0.0
WF-5-BJ114,498517.91,5405340.22,162.2289,0.318841,green,20.13,103.69,342.9809,4.00,0.0,0.0,0.0
WF-5-BJ115,498543.03,5405340.22,163.6393,0.325570,green,20.36,105.09,343.7587,4.00,0.0,0.0,0.0
WF-5-BJ116,498568.16,5405340.22,165.1603,0.332827,green,20.56,106.60,344.8191,4.00,0.0,0.0,0.0
WF-5-BJ117,498593.28,5405340.22,166.6813,0.340084,green,20.76,108.10,345.8794,4.00,0.0,0.0,0.0
WF-5-BJ118,498618.41,5405340.22,168.4739,0.348637,green,20.85,109.85,347.7279,4.00,0.0,0.0,0.0
WF-5-BJ119,498643.54,5405340.22,170.2840,0.357273,green,20.94,111.62,349.6270,4.00,0.0,0.0,0.0
WF-5-BJ120,498668.66,5405340.22,172.1307,0.366084,green,20.99,113.43,351.7046,4.00,0.0,0.0,0.0
WF-5-BJ121,498693.79,5405340.22,174.0852,0.375409,green,20.93,115.34,354.3066,4.00,0.0,0.0,0.0
WF-5-BJ122,498718.91,5405340.22,176.0397,0.384735,green,20.88,117.25,356.9087,4.00,0.0,0.0,0.0
WF-5-BJ123,498744.04,5405340.22,177.8507,0.393375,green,20.76,119.03,359.5377,4.00,0.0,0.0,0.0
WF-5-BJ124,498769.17,5405340.22,179.5526,0.401495,green,20.59,120.71,362.1873,4.00,0.0,0.0,0.0
WF-5-BJ125,498794.29,5405340.22,181.2545,0.409615,green,20.42,122.39,364.8368,4.00,0.0,0.0,0.0
WF-5-BJ126,498819.42,5405340.22,182.2223,0.414233,green,20.29,123.35,366.4546,4.00,0.0,0.0,0.0
WF-5-BJ127,498844.54,5405340.22,183.0925,0.418385,green,20.16,124.21,367.9352,4.00,0.0,0.0,0.0
WF-5-BJ128,498869.67,5405365.88,184.6088,0.425619,green,19.87,125.73,370.7037,4.00,0.0,0.0,0.0
WF-5-BJ129,498869.67,5405391.55,185.4764,0.429758,green,19.66,126.61,372.4025,4.00,0.0,0.0,0.0
WF-5-BJ130,498869.67,5405417.22,185.1431,0.428169,green,19.70,126.29,371.8521,4.00,0.0,0.0,0.0
WF-5-BJ131,498869.67,5405442.88,184.6109,0.425629,green,19.78,125.76,370.9289,4.00,0.0,0.0,0.0
WF-5-BJ132,498869.67,5405468.55,183.5018,0.420337,green,19.91,124.68,369.0737,4.00,0.0,0.0,0.0
WF-5-BJ133,498869.67,5405494.22,182.0036,0.413189,green,20.08,123.22,366.5899,4.00,0.0,0.0,0.0
WF-5-BJ134,498869.67,5405519.88,180.3944,0.405512,green,20.24,121.66,363.9693,4.00,0.0,0.0,0.0
WF-5-BJ135,498869.67,5405545.55,178.5666,0.396791,green,20.38,119.89,361.0788,4.00,0.0,0.0,0.0
WF-5-BJ136,498869.67,5405571.22,176.7443,0.388096,green,20.52,118.14,358.2051,4.00,0.0,0.0,0.0
WF-5-BJ137,498869.67,5405596.88,174.9888,0.379720,green,20.60,116.47,355.5341,4.00,0.0,0.0,0.0
WF-5-BJ138,498869.67,5405622.55,173.2334,0.371345,green,20.69,114.80,352.8631,4.00,0.0,0.0,0.0
WF-5-BJ139,498844.54,5405648.22,171.3027,0.362133,green,20.67,112.96,350.3065,4.00,0.0,0.0,0.0
WF-5-BJ140,498819.42,5405648.22,170.8712,0.360074,green,20.62,112.54,349.9860,4.00,0.0,0.0,0.0
WF-5-BJ141,498794.29,5405648.22,170.4038,0.357844,green,20.56,112.08,349.6245,4.00,0.0,0.0,0.0
WF-5-BJ142,498769.17,5405648.22,169.6670,0.354329,green,20.51,111.36,348.9548,4.00,0.0,0.0,0.0
WF-5-BJ143,498744.04,5405648.22,168.9303,0.350814,green,20.45,110.63,348.2850,4.00,0.0,0.0,0.0
WF-5-BJ144,498718.91,5405648.22,168.1124,0.346911,green,20.38,109.82,347.5683,4.00,0.0,0.0,0.0
WF-5-BJ145,498693.79,5405648.22,167.1876,0.342499,green,20.30,108.91,346.7899,4.00,0.0,0.0,0.0
WF-5-BJ146,498668.66,5405648.22,166.2629,0.338087,green,20.21,107.99,346.0114,4.00,0.0,0.0,0.0
WF-5-BJ147,498643.54,5405648.22,165.2932,0.333461,green,20.11,107.02,345.3225,4.00,0.0,0.0,0.0
WF-5-BJ148,498618.41,5405648.22,164.3081,0.328761,green,19.99,106.03,344.6641,4.00,0.0,0.0,0.0
WF-5-BJ149,498593.28,5405648.22,163.3252,0.324071,green,19.87,105.05,344.0224,4.00,0.0,0.0,0.0
WF-5-BJ150,498568.16,5405648.22,162.3750,0.319538,green,19.72,104.07,343.6401,4.00,0.0,0.0,0.0
WF-5-BJ151,498543.03,5405648.22,161.4248,0.315004,green,19.57,103.09,343.2578,4.00,0.0,0.0,0.0
WF-5-BJ152,498517.91,5405648.22,160.5070,0.310625,green,19.40,102.14,343.0093,4.00,0.0,0.0,0.0
WF-5-BJ153,498492.78,5405648.22,159.6431,0.306503,green,19.21,101.22,342.9843,4.00,0.0,0.0,0.0
WF-5-BJ154,498467.65,5405648.22,158.7792,0.302381,green,19.03,100.30,342.9592,4.00,0.0,0.0,0.0
WF-5-BJ155,498442.53,5405648.22,157.9863,0.298598,green,18.82,99.42,343.2044,4.00,0.0,0.0,0.0
WF-5-BJ156,498417.40,5405648.22,157.2253,0.294967,green,18.60,98.57,343.5715,4.00,0.0,0.0,0.0
WF-5-BJ157,498392.27,5405648.22,156.4646,0.291338,green,18.39,97.72,343.9400,4.00,0.0,0.0,0.0
WF-5-BJ158,498367.15,5405648.22,155.8014,0.288174,green,18.14,96.92,344.7199,4.00,0.0,0.0,0.0
WF-5-BJ159,498342.02,5405648.22,155.1382,0.285009,green,17.90,96.12,345.4997,4.00,0.0,0.0,0.0
WF-5-BJ160,498316.90,5405648.22,154.5006,0.281968,green,17.65,95.32,346.4208,4.00,0.0,0.0,0.0
WF-5-BJ161,498291.77,5405648.22,153.9183,0.279189,green,17.38,94.54,347.6454,4.00,0.0,0.0,0.0
WF-5-BJ162,498266.64,5405648.22,153.3360,0.276411,green,17.12,93.77,348.8700,4.00,0.0,0.0,0.0
WF-5-BJ163,498241.52,5405648.22,152.7901,0.273806,green,16.83,92.98,350.4161,4.00,0.0,0.0,0.0
WF-5-BJ164,498216.39,5405648.22,152.2654,0.271303,green,16.53,92.19,352.1496,4.00,0.0,0.0,0.0
WF-5-BJ165,498191.27,5405648.22,151.7407,0.268799,green,16.24,91.39,353.8830,4.00,0.0,0.0,0.0
WF-5-BJ166,498166.14,5405648.22,151.2451,0.266435,green,15.90,90.54,356.2037,4.00,0.0,0.0,0.0
WF-5-BJ167,498141.01,5405648.22,150.7511,0.264078,green,15.57,89.68,358.5577,4.00,0.0,0.0,0.0
WF-5-BJ168,498115.89,5405648.22,150.2577,0.261724,green,15.22,88.79,361.1145,4.00,0.0,0.0,0.0
WF-5-BJ169,498090.76,5405648.22,149.7660,0.259378,green,14.83,87.80,364.2466,4.00,0.0,0.0,0.0
WF-5-BJ170,498065.64,5405648.22,149.2743,0.257032,green,14.44,86.82,367.3787,4.00,0.0,0.0,0.0
WF-5-BJ171,498040.51,5405648.22,148.7707,0.254629,green,14.02,85.73,371.0377,4.00,0.0,0.0,0.0
WF-5-BJ172,498015.38,5405648.22,148.2583,0.252184,green,13.57,84.57,375.0862,4.00,0.0,0.0,0.0
WF-5-BJ173,497990.26,5405648.22,147.7460,0.249740,green,13.11,83.41,379.1347,4.00,0.0,0.0,0.0
WF-5-BJ174,497965.13,5405648.22,147.2176,0.247219,green,12.62,82.11,383.9016,4.00,0.0,0.0,0.0
WF-5-BJ175,497940.01,5405648.22,146.6873,0.244688,green,12.11,80.79,388.7581,4.00,0.0,0.0,0.0
WF-5-BJ176,497914.88,5405648.22,146.1667,0.242205,green,11.61,79.48,393.6125,4.00,0.0,0.0,0.0
WF-5-BJ177,497889.75,5405648.22,145.6846,0.239904,green,11.13,78.20,398.4592,4.00,0.0,0.0,0.0
WF-5-BJ178,497864.63,5405648.22,145.2024,0.237604,green,10.65,76.93,403.3058,4.00,0.0,0.0,0.0
WF-5-BJ179,497839.50,5405648.22,144.8218,0.235788,green,10.27,75.91,407.2093,4.00,0.0,0.0,0.0
WF-5-BJ180,497814.38,5405648.22,144.5358,0.234424,green,9.98,75.12,410.2347,4.00,0.0,0.0,0.0
WF-5-BJ181,497789.25,5405648.22,144.2498,0.233059,green,9.69,74.34,413.2601,4.00,0.0,0.0,0.0
WF-5-BJ182,497764.12,5405648.22,144.2412,0.233018,green,9.68,74.33,413.2861,4.00,0.0,0.0,0.0
WF-5-BJ183,497739.00,5405648.22,144.2884,0.233243,green,9.73,74.47,412.7073,4.00,0.0,0.0,0.0
WF-5-BJ184,497713.87,5405648.22,144.3806,0.233683,green,9.83,74.74,411.6174,4.00,0.0,0.0,0.0
WF-5-BJ185,497688.75,5405648.22,144.7346,0.235372,green,10.21,75.78,407.5503,4.00,0.0,0.0,0.0
WF-5-BJ186,497663.62,5405648.22,145.0887,0.237061,green,10.58,76.81,403.4832,4.00,0.0,0.0,0.0
WF-5-BJ187,497638.49,5405648.22,145.5097,0.239070,green,11.02,78.03,398.6529,4.00,0.0,0.0,0.0
WF-5-BJ188,497613.37,5405648.22,146.0091,0.241453,green,11.54,79.49,392.9299,4.00,0.0,0.0,0.0
WF-5-BJ189,497588.24,5405648.22,146.5086,0.243836,green,12.07,80.94,387.2068,4.00,0.0,0.0,0.0
WF-5-BJ190,497563.12,5405648.22,147.0125,0.246240,green,12.58,82.40,381.5223,4.00,0.0,0.0,0.0
WF-5-BJ191,497537.99,5405648.22,147.5178,0.248651,green,13.10,83.86,375.8490,4.00,0.0,0.0,0.0
WF-5-BJ192,497512.86,5405648.22,148.0184,0.251040,green,13.61,85.30,370.2508,4.00,0.0,0.0,0.0
WF-5-BJ193,497487.74,5405648.22,148.4710,0.253199,green,14.05,86.57,365.4171,4.00,0.0,0.0,0.0
WF-5-BJ194,497462.61,5405648.22,148.9236,0.255359,green,14.49,87.83,360.5835,4.00,0.0,0.0,0.0
WF-5-BJ195,497437.49,5405648.22,149.3522,0.257404,green,14.90,89.01,356.1547,4.00,0.0,0.0,0.0
WF-5-BJ196,497412.36,5405648.22,149.7454,0.259279,green,15.26,90.05,352.3235,4.00,0.0,0.0,0.0
WF-5-BJ197,497387.23,5405648.22,150.1386,0.261155,green,15.61,91.09,348.4924,4.00,0.0,0.0,0.0
WF-5-BJ198,497362.11,5405648.22,150.4967,0.262864,green,15.92,91.98,345.3275,4.00,0.0,0.0,0.0
WF-5-BJ199,497336.98,5405648.22,150.8410,0.264507,green,16.21,92.81,342.4241,4.00,0.0,0.0,0.0
WF-5-BJ200,497311.86,5405648.22,151.1841,0.266144,green,16.50,93.64,339.5470,4.00,0.0,0.0,0.0
WF-5-BJ201,497286.73,5405648.22,151.4899,0.267602,green,16.75,94.28,337.4560,4.00,0.0,0.0,0.0
WF-5-BJ202,497261.60,5405648.22,151.7956,0.269061,green,17.00,94.92,335.3649,4.00,0.0,0.0,0.0
WF-5-BJ203,497236.48,5405648.22,152.0887,0.270460,green,17.24,95.49,333.5243,4.00,0.0,0.0,0.0
WF-5-BJ204,497211.35,5405648.22,152.3581,0.271745,green,17.47,95.94,332.1552,4.00,0.0,0.0,0.0
WF-5-BJ205,497186.23,5405648.22,152.6275,0.273031,green,17.70,96.39,330.7862,4.00,0.0,0.0,0.0
WF-5-BJ206,497161.10,5405648.22,152.8669,0.274173,green,17.94,96.69,329.8593,4.00,0.0,0.0,0.0
WF-5-BJ207,497135.97,5405648.22,153.0909,0.275241,green,18.19,96.93,329.1593,4.00,0.0,0.0,0.0
WF-5-BJ208,497110.85,5405648.22,153.3148,0.276310,green,18.44,97.16,328.4592,4.00,0.0,0.0,0.0
WF-5-BJ209,497085.72,5405648.22,153.4728,0.277064,green,18.74,97.13,328.3954,4.00,0.0,0.0,0.0
WF-5-BJ210,497060.60,5405648.22,153.6292,0.277810,green,19.04,97.08,328.3477,4.00,0.0,0.0,0.0
WF-5-BJ211,497035.47,5405648.22,153.7563,0.278416,green,19.37,96.94,328.4950,4.00,0.0,0.0,0.0
WF-5-BJ212,497010.34,5405648.22,153.8116,0.278680,green,19.77,96.54,329.1206,4.00,0.0,0.0,0.0
WF-5-BJ213,496985.22,5405648.22,153.8670,0.278944,green,20.18,96.14,329.7461,4.00,0.0,0.0,0.0
WF-5-BJ214,496960.09,5405648.22,153.8408,0.278819,green,20.67,95.47,330.8070,4.00,0.0,0.0,0.0
WF-5-BJ215,496934.96,5405648.22,153.7610,0.278438,green,21.23,94.62,332.1532,4.00,0.0,0.0,0.0
WF-5-BJ216,496909.84,5405648.22,153.6812,0.278058,green,21.79,93.77,333.4995,4.00,0.0,0.0,0.0
WF-5-BJ217,496884.71,5405648.22,153.4699,0.277050,green,22.49,92.50,335.4882,4.00,0.0,0.0,0.0
WF-5-BJ218,496859.59,5405648.22,153.2470,0.275986,green,23.20,91.19,337.5340,4.00,0.0,0.0,0.0
WF-5-BJ219,496834.46,5405648.22,153.0061,0.274837,green,23.92,89.83,339.6503,4.00,0.0,0.0,0.0
WF-5-BJ220,496809.33,5405648.22,152.7061,0.273405,green,24.68,88.32,341.9988,4.00,0.0,0.0,0.0
WF-5-BJ221,496784.21,5405648.22,152.4061,0.271974,green,25.43,86.82,344.3473,4.00,0.0,0.0,0.0
WF-5-BJ222,496759.08,5405648.22,152.1587,0.270794,green,26.04,85.60,346.2161,4.00,0.0,0.0,0.0
WF-5-BJ223,496733.96,5405648.22,151.9549,0.269821,green,26.54,84.61,347.6876,4.00,0.0,0.0,0.0
WF-5-BJ224,496708.83,5405648.22,151.7510,0.268849,green,27.04,83.63,349.1592,4.00,0.0,0.0,0.0
WF-5-BJ225,496683.70,5405648.22,151.8161,0.269159,green,27.06,83.86,348.4263,4.00,0.0,0.0,0.0
WF-5-BJ226,496658.58,5405648.22,151.9245,0.269676,green,26.99,84.28,347.3386,4.00,0.0,0.0,0.0
WF-5-BJ227,496633.45,5405648.22,152.1108,0.270565,green,26.82,85.03,345.6357,4.00,0.0,0.0,0.0
WF-5-BJ228,496608.33,5405648.22,152.6622,0.273196,green,26.15,87.28,341.0461,4.00,0.0,0.0,0.0
WF-5-BJ229,496583.20,5405648.22,153.2137,0.275827,green,25.48,89.53,336.4565,4.00,0.0,0.0,0.0
WF-5-BJ230,496558.07,5405648.22,154.0023,0.279590,green,24.61,92.57,330.3157,4.00,0.0,0.0,0.0
WF-5-BJ231,496532.95,5405648.22,155.0376,0.284529,green,23.53,96.44,322.5600,4.00,0.0,0.0,0.0
WF-5-BJ232,496507.82,5405648.22,156.0730,0.289469,green,22.46,100.32,314.8044,4.00,0.0,0.0,0.0
WF-5-BJ233,496482.70,5405648.22,157.5223,0.296384,green,21.25,105.22,305.2385,4.00,0.0,0.0,0.0
WF-5-BJ234,496457.57,5405648.22,159.0724,0.303780,green,20.00,110.37,295.2321,4.00,0.0,0.0,0.0
WF-5-BJ235,496432.44,5405648.22,160.6805,0.311453,green,18.75,115.62,285.0929,4.00,0.0,0.0,0.0
WF-5-BJ236,496407.32,5405648.22,162.7201,0.321184,green,17.49,121.64,273.9671,4.00,0.0,0.0,0.0
WF-5-BJ237,496382.19,5405648.22,164.7596,0.330915,green,16.23,127.67,262.8413,4.00,0.0,0.0,0.0
WF-5-BJ238,496357.07,5405648.22,166.8865,0.341063,green,15.03,133.68,252.0064,4.00,0.0,0.0,0.0
WF-5-BJ239,496331.94,5405648.22,169.1276,0.351756,green,13.92,139.68,241.5525,4.00,0.0,0.0,0.0
WF-5-BJ240,496306.81,5405648.22,171.3688,0.362449,green,12.80,145.68,231.0987,4.00,0.0,0.0,0.0
WF-5-BJ241,496281.69,5405648.22,173.2515,0.371431,green,11.97,150.47,223.0533,4.00,0.0,0.0,0.0
WF-5-BJ242,496256.56,5405648.22,175.0130,0.379836,green,11.23,154.86,215.8226,4.00,0.0,0.0,0.0
WF-5-BJ243,496231.44,5405648.22,176.7012,0.387890,green,10.52,159.06,208.9008,4.00,0.0,0.0,0.0
WF-5-BJ244,496206.31,5405648.22,177.2720,0.390614,green,10.30,160.45,206.6872,4.00,0.0,0.0,0.0
WF-5-BJ245,496181.18,5405648.22,177.8428,0.393337,green,10.07,161.83,204.4737,4.00,0.0,0.0,0.0
WF-5-BJ246,496156.06,5405648.22,177.9298,0.393753,green,10.01,162.11,203.8926,4.00,0.0,0.0,0.0
WF-5-BJ247,496130.93,5405648.22,177.2137,0.390336,green,10.22,160.58,206.0218,4.00,0.0,0.0,0.0
WF-5-BJ248,496105.81,5405648.22,176.4976,0.386919,green,10.42,159.06,208.1510,4.00,0.0,0.0,0.0
WF-5-BJ249,496080.68,5405648.22,175.2470,0.380952,green,10.77,156.44,211.6992,4.00,0.0,0.0,0.0
WF-5-BJ250,496055.55,5405648.22,173.7565,0.373841,green,11.17,153.33,215.8842,4.00,0.0,0.0,0.0
WF-5-BJ251,496030.43,5405648.22,172.2650,0.366725,green,11.58,150.23,220.0700,4.00,0.0,0.0,0.0
WF-5-BJ252,496005.30,5405648.22,170.5704,0.358639,green,12.00,146.82,224.4165,4.00,0.0,0.0,0.0
WF-5-BJ253,495980.18,5405648.22,168.8759,0.350554,green,12.41,143.42,228.7631,4.00,0.0,0.0,0.0
WF-5-BJ254,495955.05,5405648.22,167.2208,0.342658,green,12.81,140.13,232.8911,4.00,0.0,0.0,0.0
WF-5-BJ255,495929.92,5405648.22,165.6501,0.335164,green,13.16,137.08,236.5523,4.00,0.0,0.0,0.0
WF-5-BJ256,495904.80,5405648.22,164.0794,0.327669,green,13.51,134.04,240.2135,4.00,0.0,0.0,0.0
WF-5-BJ257,495879.67,5405648.22,162.6605,0.320900,green,13.81,131.34,243.3389,4.00,0.0,0.0,0.0
WF-5-BJ258,495854.55,5405648.22,161.3297,0.314550,green,14.08,128.85,246.1540,4.00,0.0,0.0,0.0
WF-5-BJ259,495829.42,5405648.22,159.9988,0.308200,green,14.34,126.35,248.9691,4.00,0.0,0.0,0.0
WF-5-BJ260,495804.29,5405648.22,158.9033,0.302974,green,14.55,124.36,251.0861,4.00,0.0,0.0,0.0
WF-5-BJ261,495779.17,5405648.22,157.8209,0.297809,green,14.74,122.40,253.1644,4.00,0.0,0.0,0.0
WF-5-BJ262,495754.04,5405648.22,156.7954,0.292916,green,14.93,120.54,255.0935,4.00,0.0,0.0,0.0
WF-5-BJ263,495728.92,5405648.22,155.9305,0.288789,green,15.07,119.02,256.6021,4.00,0.0,0.0,0.0
WF-5-BJ264,495703.79,5405648.22,155.0655,0.284663,green,15.22,117.49,258.1107,4.00,0.0,0.0,0.0
WF-5-BJ265,495678.66,5405648.22,154.3032,0.281026,green,15.34,116.16,259.3771,4.00,0.0,0.0,0.0
WF-5-BJ266,495653.54,5405622.55,153.3085,0.276280,green,15.39,114.66,260.4371,4.00,0.0,0.0,0.0
WF-5-BJ267,495653.54,5405596.88,152.8742,0.274207,green,15.34,114.11,260.6456,4.00,0.0,0.0,0.0
WF-5-BJ268,495653.54,5405571.22,152.4398,0.272135,green,15.30,113.57,260.8541,4.00,0.0,0.0,0.0
WF-5-BJ269,495653.54,5405545.55,151.8615,0.269376,green,15.26,112.78,261.3163,4.00,0.0,0.0,0.0
WF-5-BJ270,495653.54,5405519.88,151.2714,0.266560,green,15.22,111.97,261.7994,4.00,0.0,0.0,0.0
WF-5-BJ271,495653.54,5405494.22,150.5885,0.263302,green,15.19,111.02,262.4332,4.00,0.0,0.0,0.0
WF-5-BJ272,495653.54,5405468.55,149.8586,0.259819,green,15.16,109.98,263.1434,4.00,0.0,0.0,0.0
WF-5-BJ273,495653.54,5405442.88,149.0840,0.256124,green,15.12,108.89,263.9200,4.00,0.0,0.0,0.0
WF-5-BJ274,495653.54,5405417.22,148.2430,0.252111,green,15.08,107.69,264.7951,4.00,0.0,0.0,0.0
WF-5-BJ275,495653.54,5405391.55,147.3912,0.248047,green,15.03,106.47,265.6853,4.00,0.0,0.0,0.0
WF-5-BJ276,495653.54,5405365.88,146.4740,0.243671,green,14.98,105.17,266.6676,4.00,0.0,0.0,0.0
WF-1-ZX1,496381.86,5404142.22,278.3920,0.873076,red,21.66,96.78,221.4630,22.22,0.0,308.0,30.0
WF-1-ZX2,496406.86,5404142.22,278.9194,0.875592,red,22.65,96.71,223.7486,21.73,0.0,308.0,30.0
WF-1-ZX3,496431.86,5404142.22,279.4467,0.878108,red,23.63,96.63,226.0342,21.23,0.0,308.0,30.0
WF-1-ZX4,496456.86,5404142.22,279.5514,0.878607,red,24.70,96.11,228.3186,20.61,0.0,308.0,30.0
WF-1-ZX5,496481.86,5404142.22,279.5858,0.878772,red,25.78,95.51,230.6029,19.97,0.0,308.0,30.0
WF-1-ZX6,496506.86,5404142.22,279.5464,0.878584,red,26.85,94.84,232.8850,19.31,0.0,308.0,30.0
WF-1-ZX7,496531.86,5404142.22,279.1148,0.876524,red,27.88,93.77,235.1564,18.60,0.0,308.0,30.0
WF-1-ZX8,496556.86,5404142.22,278.6832,0.874465,red,28.91,92.71,237.4277,17.90,0.0,308.0,30.0
WF-1-ZX9,496581.86,5404142.22,278.2425,0.872362,red,29.75,91.74,239.3328,17.30,0.0,308.0,30.0
WF-1-ZX10,496606.86,5404142.22,277.7910,0.870208,red,30.35,90.89,240.8065,16.85,0.0,308.0,30.0
WF-1-ZX11,496631.86,5404142.22,277.3396,0.868055,red,30.95,90.04,242.2802,16.39,0.0,308.0,30.0
WF-1-ZX12,496656.86,5404142.22,277.4937,0.868790,red,30.99,90.22,242.0577,16.41,0.0,308.0,30.0
WF-1-ZX13,496681.86,5404142.22,277.8390,0.870437,red,30.87,90.73,241.2994,16.57,0.0,308.0,30.0
WF-1-ZX14,496706.86,5404142.22,278.2476,0.872387,red,30.72,91.34,240.3946,16.76,0.0,308.0,30.0
WF-1-ZX15,496731.86,5404142.22,279.6347,0.879005,red,30.23,93.41,237.2246,17.42,0.0,308.0,30.0
WF-1-ZX16,496756.86,5404142.22,281.0217,0.885623,red,29.75,95.47,234.0545,18.08,0.0,308.0,30.0
WF-1-ZX17,496781.86,5404142.22,282.6111,0.893206,red,29.33,97.80,230.4255,18.77,0.0,308.0,30.0
WF-1-ZX18,496806.86,5404142.22,284.5579,0.902494,red,29.03,100.59,225.9860,19.51,0.0,308.0,30.0
WF-1-ZX19,496831.86,5404142.22,286.5046,0.911783,red,28.73,103.38,221.5464,20.25,0.0,308.0,30.0
WF-1-ZX20,496856.86,5404142.22,288.5441,0.921513,red,28.67,106.25,216.8010,20.92,0.0,308.0,30.0
WF-1-ZX21,496881.86,5404142.22,290.6309,0.931470,red,28.73,109.16,211.8996,21.55,0.0,308.0,30.0
WF-1-ZX22,496906.86,5404142.22,292.7177,0.941426,red,28.78,112.07,206.9982,22.18,0.0,308.0,30.0
WF-1-ZX23,496931.86,5404142.22,294.7298,0.951026,red,29.10,114.84,202.0288,22.67,0.0,308.0,30.0
WF-1-ZX24,496956.86,5404142.22,296.7136,0.960491,red,29.42,117.61,197.0568,23.14,0.0,308.0,30.0
WF-1-ZX25,496981.86,5404142.22,298.2203,0.967681,red,29.77,120.26,192.2469,23.14,0.0,308.0,30.0
WF-1-ZX26,497006.86,5404142.22,299.5979,0.974253,red,30.18,122.60,187.8894,23.14,0.0,308.0,30.0
WF-1-ZX27,497031.86,5404142.22,300.9755,0.980826,red,30.59,124.95,183.5319,23.14,0.0,308.0,30.0
WF-1-ZX28,497056.86,5404142.22,302.1083,0.986231,red,30.91,126.82,180.2418,23.14,0.0,308.0,30.0
WF-1-ZX29,497081.86,5404142.22,303.0522,0.990734,red,31.16,128.33,177.7747,23.14,0.0,308.0,30.0
WF-1-ZX30,497106.86,5404142.22,303.9962,0.995238,red,31.41,129.85,175.3077,23.14,0.0,308.0,30.0
WF-1-ZX31,497131.86,5404142.22,304.4165,0.997244,red,31.37,130.37,175.4669,23.14,0.0,308.0,30.0
WF-1-ZX32,497156.86,5404142.22,304.7555,0.998861,red,31.29,130.74,176.0345,23.14,0.0,308.0,30.0
WF-1-ZX33,497181.86,5404142.22,304.9942,1.000000,red,31.15,130.92,177.0817,23.14,0.0,308.0,30.0
WF-1-ZX34,497206.86,5404142.22,304.7304,0.998741,red,30.76,130.15,180.5348,23.14,0.0,308.0,30.0
WF-1-ZX35,497231.86,5404142.22,304.4666,0.997483,red,30.38,129.37,183.9879,23.14,0.0,308.0,30.0
WF-1-ZX36,497256.86,5404142.22,303.9487,0.995011,red,29.94,128.14,188.2528,23.14,0.0,308.0,30.0
WF-1-ZX37,497281.86,5404142.22,303.1406,0.991156,red,29.45,126.39,193.4444,23.14,0.0,308.0,30.0
WF-1-ZX38,497306.86,5404142.22,302.3326,0.987301,red,28.96,124.65,198.6360,23.14,0.0,308.0,30.0
WF-1-ZX39,497331.86,5404142.22,301.1310,0.981568,red,28.49,122.26,204.4151,23.14,0.0,308.0,30.0
WF-1-ZX40,497356.86,5404142.22,299.8102,0.975266,red,28.03,119.68,210.3719,23.14,0.0,308.0,30.0
WF-1-ZX41,497381.86,5404142.22,298.2962,0.968043,red,27.57,117.06,216.3391,22.96,0.0,308.0,30.0
WF-1-ZX42,497406.86,5404142.22,296.3927,0.958960,red,27.13,113.89,222.4474,22.81,0.0,308.0,30.0
WF-1-ZX43,497431.86,5404142.22,294.4892,0.949878,red,26.68,110.71,228.5557,22.65,0.0,308.0,30.0
WF-1-ZX44,497456.86,5404142.22,292.4862,0.940322,red,26.22,107.44,234.5168,22.51,0.0,308.0,30.0
WF-1-ZX45,497481.86,5404142.22,290.3134,0.929955,red,25.72,104.02,240.2264,22.39,0.0,308.0,30.0
WF-1-ZX46,497506.86,5404142.22,288.1406,0.919588,red,25.22,100.60,245.9361,22.27,0.0,308.0,30.0
WF-1-ZX47,497531.86,5404142.22,285.8774,0.908790,red,24.63,97.27,251.0455,22.16,0.0,308.0,30.0
WF-1-ZX48,497556.86,5404142.22,283.5697,0.897780,red,23.98,93.98,255.8593,22.05,0.0,308.0,30.0
WF-1-ZX49,497581.86,5404142.22,281.2621,0.886769,red,23.34,90.68,260.6732,21.95,0.0,308.0,30.0
WF-1-ZX50,497606.86,5404142.22,279.0514,0.876222,red,22.59,87.86,264.2844,21.86,0.0,308.0,30.0
WF-1-ZX51,497631.86,5404142.22,276.8436,0.865688,red,21.83,85.05,267.8595,21.76,0.0,308.0,30.0
WF-1-ZX52,497656.86,5404142.22,274.8002,0.855939,red,21.10,82.49,271.0571,21.67,0.0,308.0,30.0
WF-1-ZX53,497681.86,5404142.22,273.1972,0.848291,red,20.46,80.61,273.2430,21.60,0.0,308.0,30.0
WF-1-ZX54,497706.86,5404142.22,271.5943,0.840643,red,19.82,78.73,275.4289,21.54,0.0,308.0,30.0
WF-1-ZX55,497731.86,5404142.22,270.6423,0.836101,red,19.42,77.60,276.9204,21.49,0.0,308.0,30.0
WF-1-ZX56,497756.86,5404142.22,270.1765,0.833878,red,19.19,77.01,277.8934,21.47,0.0,308.0,30.0
WF-1-ZX57,497781.86,5404142.22,269.7106,0.831656,red,18.96,76.43,278.8664,21.44,0.0,308.0,30.0
WF-1-ZX58,497806.86,5404142.22,270.1018,0.833522,red,19.08,76.74,279.1984,21.45,0.0,308.0,30.0
WF-1-ZX59,497831.86,5404142.22,270.6173,0.835981,red,19.25,77.19,279.4374,21.45,0.0,308.0,30.0
WF-1-ZX60,497856.86,5404142.22,271.1804,0.838668,red,19.44,77.70,279.5927,21.45,0.0,308.0,30.0
WF-1-ZX61,497881.86,5404142.22,271.9691,0.842431,red,19.73,78.52,279.3505,21.44,0.0,308.0,30.0
WF-1-ZX62,497906.86,5404142.22,272.7578,0.846194,red,20.01,79.34,279.1082,21.43,0.0,308.0,30.0
WF-1-ZX63,497931.86,5404142.22,273.4448,0.849472,red,20.27,80.16,278.5163,21.39,0.0,308.0,30.0
WF-1-ZX64,497956.86,5404142.22,274.0194,0.852213,red,20.50,80.99,277.5375,21.32,0.0,308.0,30.0
WF-1-ZX65,497981.86,5404142.22,274.5939,0.854955,red,20.73,81.82,276.5587,21.25,0.0,308.0,30.0
WF-1-ZX66,498006.86,5404142.22,274.9361,0.856587,red,20.90,82.69,274.6086,21.11,0.0,308.0,30.0
WF-1-ZX67,498031.86,5404142.22,275.2110,0.857899,red,21.07,83.57,272.3773,20.95,0.0,308.0,30.0
WF-1-ZX68,498056.86,5404142.22,275.4731,0.859149,red,21.22,84.47,270.0340,20.79,0.0,308.0,30.0
WF-1-ZX69,498081.86,5404142.22,275.5798,0.859659,red,21.36,85.57,266.3359,20.55,0.0,308.0,30.0
WF-1-ZX70,498106.86,5404142.22,275.6866,0.860168,red,21.50,86.68,262.6378,20.32,0.0,308.0,30.0
WF-1-ZX71,498131.86,5404142.22,275.7891,0.860657,red,21.64,87.79,258.8913,20.08,0.0,308.0,30.0
WF-1-ZX72,498156.86,5404142.22,275.8844,0.861112,red,21.76,88.92,255.0650,19.85,0.0,308.0,30.0
WF-1-ZX73,498181.86,5404142.22,275.9798,0.861567,red,21.88,90.04,251.2386,19.62,0.0,308.0,30.0
WF-1-ZX74,498206.86,5404142.22,276.0125,0.861723,red,21.93,90.52,249.5937,19.53,0.0,308.0,30.0
WF-1-ZX75,498231.86,5404142.22,276.0154,0.861737,red,21.95,90.68,248.9852,19.49,0.0,308.0,30.0
WF-1-ZX76,498256.86,5404142.22,276.0183,0.861751,red,21.97,90.84,248.3767,19.45,0.0,308.0,30.0
WF-1-ZX77,498281.86,5404142.22,275.6209,0.859854,red,21.86,89.43,251.9064,19.65,0.0,308.0,30.0
WF-1-ZX78,498306.86,5404142.22,275.2147,0.857916,red,21.76,87.98,255.5261,19.85,0.0,308.0,30.0
WF-1-ZX79,498331.86,5404142.22,274.6705,0.855320,red,21.65,86.25,259.5001,20.08,0.0,308.0,30.0
WF-1-ZX80,498356.86,5404142.22,273.7707,0.851027,red,21.55,83.82,264.3871,20.36,0.0,308.0,30.0
WF-1-ZX81,498381.86,5404142.22,272.8708,0.846733,red,21.44,81.39,269.2741,20.64,0.0,308.0,30.0
WF-1-ZX82,498406.86,5404142.22,271.7702,0.841482,red,21.40,78.79,273.6235,20.90,0.0,308.0,30.0
WF-1-ZX83,498431.86,5404142.22,270.5244,0.835538,red,21.41,76.06,277.5841,21.16,0.0,308.0,30.0
WF-1-ZX84,498456.86,5404142.22,269.2786,0.829594,red,21.42,73.33,281.5447,21.41,0.0,308.0,30.0
WF-1-ZX85,498481.86,5404142.22,267.8824,0.822933,red,21.62,70.55,284.2880,21.65,0.0,308.0,30.0
WF-1-ZX86,498506.86,5404142.22,266.4659,0.816174,red,21.85,67.76,286.8670,21.88,0.0,308.0,30.0
WF-1-ZX87,498531.86,5404142.22,265.0577,0.809456,red,22.14,64.98,289.1950,22.12,0.0,308.0,30.0
WF-1-ZX88,498556.86,5404142.22,263.6869,0.802915,red,22.73,62.23,290.3939,22.38,0.0,308.0,30.0
WF-1-ZX89,498581.86,5404142.22,262.3160,0.796374,red,23.33,59.48,291.5927,22.63,0.0,308.0,30.0
WF-1-ZX90,498606.86,5404142.22,261.0869,0.790510,red,24.16,56.82,292.1282,22.91,0.0,308.0,30.0
WF-1-ZX91,498631.86,5404142.22,259.9289,0.784985,red,25.24,54.27,291.9524,23.14,0.0,308.0,30.0
WF-1-ZX92,498656.86,5404142.22,258.5614,0.778461,red,26.32,51.72,291.7765,23.14,0.0,308.0,30.0
WF-1-ZX93,498681.86,5404142.22,257.5472,0.773622,red,27.56,49.63,290.9190,23.14,0.0,308.0,30.0
WF-1-ZX94,498706.86,5404142.22,256.6306,0.769248,red,28.83,47.68,289.8731,23.14,0.0,308.0,30.0
WF-1-ZX95,498731.86,5404142.22,255.7749,0.765166,red,30.04,45.84,288.8745,23.14,0.0,308.0,30.0
WF-2-ZX1,495806.73,5404480.22,264.8633,0.808528,red,14.25,104.71,231.9110,4.00,0.0,308.0,30.0
WF-2-ZX2,495831.73,5404480.22,266.0966,0.814412,red,14.07,106.31,232.3393,4.00,0.0,308.0,30.0
WF-2-ZX3,495856.73,5404480.22,267.3355,0.820323,red,13.62,108.25,232.1493,4.00,0.0,308.0,30.0
WF-2-ZX4,495881.73,5404480.22,268.5744,0.826234,red,13.18,110.20,231.9592,4.00,0.0,308.0,30.0
WF-2-ZX5,495906.73,5404480.22,269.7117,0.831660,red,12.68,112.09,231.6031,4.00,0.0,308.0,30.0
WF-2-ZX6,495931.73,5404480.22,270.7226,0.836484,red,12.12,113.93,231.0405,4.00,0.0,308.0,30.0
WF-2-ZX7,495956.73,5404480.22,271.7336,0.841307,red,11.56,115.77,230.4779,4.00,0.0,308.0,30.0
WF-2-ZX8,495981.73,5404480.22,272.2441,0.843743,red,11.25,116.73,230.1454,4.00,0.0,308.0,30.0
WF-2-ZX9,496006.73,5404480.22,272.5847,0.845368,red,11.02,117.39,229.8910,4.00,0.0,308.0,30.0
WF-2-ZX10,496031.73,5404480.22,272.8894,0.846822,red,10.83,117.98,229.6696,4.00,0.0,308.0,30.0
WF-2-ZX11,496056.73,5404480.22,272.4715,0.844828,red,11.20,117.06,230.1097,4.00,0.0,308.0,30.0
WF-2-ZX12,496081.73,5404480.22,272.0536,0.842834,red,11.57,116.14,230.5498,4.00,0.0,308.0,30.0
WF-2-ZX13,496106.73,5404480.22,271.5610,0.840484,red,12.03,115.03,231.0990,4.00,0.0,308.0,30.0
WF-2-ZX14,496131.73,5404480.22,270.9288,0.837468,red,12.67,113.57,231.8523,4.00,0.0,308.0,30.0
WF-2-ZX15,496156.73,5404480.22,270.2965,0.834451,red,13.30,112.10,232.6056,4.00,0.0,308.0,30.0
WF-2-ZX16,496181.73,5404480.22,269.8083,0.832121,red,13.85,110.90,233.2648,4.00,0.0,308.0,30.0
WF-2-ZX17,496206.73,5404480.22,269.3980,0.830164,red,14.34,109.85,233.8731,4.00,0.0,308.0,30.0
WF-2-ZX18,496231.73,5404480.22,268.9876,0.828206,red,14.84,108.80,234.4814,4.00,0.0,308.0,30.0
WF-2-ZX19,496256.73,5404480.22,268.8353,0.827479,red,15.09,108.33,234.8263,4.00,0.0,308.0,30.0
WF-2-ZX20,496281.73,5404480.22,268.6965,0.826817,red,15.33,107.89,235.1573,4.00,0.0,308.0,30.0
WF-2-ZX21,496306.73,5404480.22,268.6002,0.826357,red,15.52,107.56,235.4287,4.00,0.0,308.0,30.0
WF-2-ZX22,496331.73,5404480.22,268.6305,0.826502,red,15.55,107.55,235.5218,4.00,0.0,308.0,30.0
WF-2-ZX23,496356.73,5404480.22,268.6608,0.826646,red,15.58,107.54,235.6149,4.00,0.0,308.0,30.0
WF-2-ZX24,496381.73,5404480.22,268.7305,0.826979,red,15.58,107.62,235.6350,4.00,0.0,308.0,30.0
WF-2-ZX25,496406.73,5404480.22,268.8324,0.827465,red,15.56,107.77,235.5955,4.00,0.0,308.0,30.0
WF-2-ZX26,496431.73,5404480.22,268.9343,0.827951,red,15.54,107.92,235.5561,4.00,0.0,308.0,30.0
WF-2-ZX27,496456.73,5404480.22,269.0654,0.828577,red,15.67,107.99,235.5085,4.00,0.0,308.0,30.0
WF-2-ZX28,496481.73,5404480.22,269.2017,0.829227,red,15.82,108.05,235.4595,4.00,0.0,308.0,30.0
WF-2-ZX29,496506.73,5404480.22,269.3472,0.829921,red,16.01,108.08,235.4114,4.00,0.0,308.0,30.0
WF-2-ZX30,496531.73,5404480.22,269.5439,0.830860,red,16.46,107.97,235.3681,4.00,0.0,308.0,30.0
WF-2-ZX31,496556.73,5404480.22,269.7406,0.831799,red,16.92,107.85,235.3249,4.00,0.0,308.0,30.0
WF-2-ZX32,496581.73,5404480.22,269.9874,0.832976,red,17.47,107.73,235.2002,4.00,0.0,308.0,30.0
WF-2-ZX33,496606.73,5404480.22,270.2944,0.834441,red,18.16,107.61,234.9776,4.00,0.0,308.0,30.0
WF-2-ZX34,496631.73,5404480.22,270.6014,0.835905,red,18.84,107.48,234.7549,4.00,0.0,308.0,30.0
WF-2-ZX35,496656.73,5404480.22,271.0237,0.837920,red,19.56,107.55,234.1702,4.00,0.0,308.0,30.0
WF-2-ZX36,496681.73,5404480.22,271.4836,0.840115,red,20.30,107.67,233.4676,4.00,0.0,308.0,30.0
WF-2-ZX37,496706.73,5404480.22,271.9539,0.842359,red,21.04,107.82,232.7208,4.00,0.0,308.0,30.0
WF-2-ZX38,496731.73,5404480.22,272.6019,0.845450,red,21.77,108.36,231.2164,4.00,0.0,308.0,30.0
WF-2-ZX39,496756.73,5404480.22,273.2498,0.848542,red,22.51,108.90,229.7120,4.00,0.0,308.0,30.0
WF-2-ZX40,496781.73,5404480.22,273.9739,0.851996,red,23.25,109.62,227.8033,4.00,0.0,308.0,30.0
WF-2-ZX41,496806.73,5404480.22,274.8356,0.856107,red,24.01,110.65,225.1632,4.00,0.0,308.0,30.0
WF-2-ZX42,496831.73,5404480.22,275.6972,0.860219,red,24.77,111.68,222.5232,4.00,0.0,308.0,30.0
WF-2-ZX43,496856.73,5404480.22,276.6998,0.865002,red,25.59,113.05,218.9521,4.00,0.0,308.0,30.0
WF-2-ZX44,496881.73,5404480.22,277.7759,0.870136,red,26.45,114.59,214.8946,4.00,0.0,308.0,30.0
WF-2-ZX45,496906.73,5404480.22,278.8520,0.875271,red,27.30,116.12,210.8371,4.00,0.0,308.0,30.0
WF-2-ZX46,496931.73,5404480.22,280.0716,0.881090,red,28.25,118.04,205.4889,4.00,0.0,308.0,30.0
WF-2-ZX47,496956.73,5404480.22,281.2976,0.886939,red,29.20,119.98,200.0836,4.00,0.0,308.0,30.0
WF-2-ZX48,496981.73,5404480.22,282.5074,0.892711,red,30.14,121.92,194.6126,4.00,0.0,308.0,30.0
WF-2-ZX49,497006.73,5404480.22,283.6706,0.898261,red,31.07,123.86,188.9530,4.00,0.0,308.0,30.0
WF-2-ZX50,497031.73,5404480.22,284.8338,0.903811,red,31.99,125.81,183.2934,4.00,0.0,308.0,30.0
WF-2-ZX51,497056.73,5404480.22,285.7302,0.908088,red,32.73,127.26,178.9984,4.00,0.0,308.0,30.0
WF-2-ZX52,497081.73,5404480.22,286.4163,0.911361,red,33.34,128.33,175.7795,4.00,0.0,308.0,30.0
WF-2-ZX53,497106.73,5404480.22,287.1023,0.914634,red,33.94,129.40,172.5605,4.00,0.0,308.0,30.0
WF-2-ZX54,497131.73,5404480.22,287.0359,0.914317,red,34.06,128.91,173.9974,4.00,0.0,308.0,30.0
WF-2-ZX55,497156.73,5404480.22,286.8468,0.913415,red,34.10,128.16,176.1928,4.00,0.0,308.0,30.0
WF-2-ZX56,497181.73,5404480.22,286.5239,0.911875,red,34.07,127.10,179.2730,4.00,0.0,308.0,30.0
WF-2-ZX57,497206.73,5404480.22,285.5019,0.906998,red,33.71,124.42,186.9748,4.00,0.0,308.0,30.0
WF-2-ZX58,497231.73,5404480.22,284.4798,0.902122,red,33.35,121.75,194.6765,4.00,0.0,308.0,30.0
WF-2-ZX59,497256.73,5404480.22,283.2695,0.896347,red,33.03,118.54,203.5985,4.00,0.0,308.0,30.0
WF-2-ZX60,497281.73,5404480.22,281.8396,0.889525,red,32.75,114.71,213.9443,4.00,0.0,308.0,30.0
WF-2-ZX61,497306.73,5404480.22,280.4098,0.882703,red,32.47,110.88,224.2902,4.00,0.0,308.0,30.0
WF-2-ZX62,497331.73,5404480.22,278.9406,0.875693,red,32.60,106.68,234.6127,4.00,0.0,308.0,30.0
WF-2-ZX63,497356.73,5404480.22,277.4591,0.868625,red,32.85,102.35,244.9278,4.00,0.0,308.0,30.0
WF-2-ZX64,497381.73,5404480.22,275.9836,0.861585,red,33.16,98.01,255.1664,4.00,0.0,308.0,30.0
WF-2-ZX65,497406.73,5404480.22,274.5963,0.854966,red,34.23,93.40,264.2681,4.00,0.0,308.0,30.0
WF-2-ZX66,497431.73,5404480.22,273.2089,0.848347,red,35.30,88.80,273.3698,4.00,0.0,308.0,30.0
WF-2-ZX67,497456.73,5404480.22,271.8922,0.842064,red,36.70,84.16,281.8153,4.00,0.0,308.0,30.0
WF-2-ZX68,497481.73,5404480.22,270.6988,0.836370,red,38.65,79.47,289.1133,4.00,0.0,308.0,30.0
WF-2-ZX69,497506.73,5404480.22,269.5055,0.830677,red,40.60,74.79,296.4113,4.00,0.0,308.0,30.0
WF-2-ZX70,497531.73,5404480.22,268.6047,0.826379,red,42.62,70.84,301.7396,4.00,0.0,308.0,30.0
WF-2-ZX71,497556.73,5404480.22,267.8516,0.822786,red,44.67,67.28,306.0740,4.00,0.0,308.0,30.0
WF-2-ZX72,497581.73,5404480.22,267.0985,0.819192,red,46.72,63.71,310.4084,4.00,0.0,308.0,30.0
WF-2-ZX73,497606.73,5404480.22,266.9878,0.818664,red,46.95,63.24,311.0616,4.00,0.0,308.0,30.0
WF-2-ZX74,497631.73,5404480.22,266.9000,0.818246,red,47.12,62.88,311.5828,4.00,0.0,308.0,30.0
WF-2-ZX75,497656.73,5404480.22,266.8923,0.818209,red,46.63,63.24,311.7118,4.00,0.0,308.0,30.0
WF-2-ZX76,497681.73,5404480.22,267.1050,0.819223,red,44.35,65.58,310.7595,4.00,0.0,308.0,30.0
WF-2-ZX77,497706.73,5404480.22,267.3177,0.820238,red,42.07,67.92,309.8072,4.00,0.0,308.0,30.0
WF-2-ZX78,497731.73,5404480.22,267.3987,0.820625,red,39.47,70.17,309.6474,4.00,0.0,308.0,30.0
WF-2-ZX79,497756.73,5404480.22,267.3791,0.820531,red,36.64,72.36,310.0930,4.00,0.0,308.0,30.0
WF-2-ZX80,497781.73,5404480.22,267.3596,0.820438,red,33.81,74.55,310.5385,4.00,0.0,308.0,30.0
WF-2-ZX81,497806.73,5404480.22,267.0420,0.818923,red,31.57,75.56,312.4539,4.00,0.0,308.0,30.0
WF-2-ZX82,497831.73,5404480.22,266.6790,0.817191,red,29.42,76.39,314.5934,4.00,0.0,308.0,30.0
WF-2-ZX83,497856.73,5404480.22,266.2696,0.815238,red,27.41,77.01,316.8961,4.00,0.0,308.0,30.0
WF-2-ZX84,497881.73,5404480.22,265.6309,0.812191,red,26.05,76.65,320.0048,4.00,0.0,308.0,30.0
WF-2-ZX85,497906.73,5404480.22,264.9923,0.809143,red,24.68,76.28,323.1135,4.00,0.0,308.0,30.0
WF-2-ZX86,497931.73,5404480.22,264.2860,0.805774,red,23.59,75.59,326.2790,4.00,0.0,308.0,30.0
WF-2-ZX87,497956.73,5404480.22,263.5034,0.802040,red,22.81,74.55,329.5088,4.00,0.0,308.0,30.0
WF-2-ZX88,497981.73,5404480.22,262.7207,0.798305,red,22.03,73.50,332.7386,4.00,0.0,308.0,30.0
WF-2-ZX89,498006.73,5404480.22,262.0701,0.795201,red,21.54,72.56,335.1176,4.00,0.0,308.0,30.0
WF-2-ZX90,498031.73,5404480.22,261.4589,0.792285,red,21.14,71.66,337.2426,4.00,0.0,308.0,30.0
WF-2-ZX91,498056.73,5404480.22,260.8863,0.789553,red,20.76,70.82,339.2019,4.00,0.0,308.0,30.0
WF-2-ZX92,498081.73,5404480.22,260.8192,0.789233,red,20.59,70.93,338.9884,4.00,0.0,308.0,30.0
WF-2-ZX93,498106.73,5404480.22,260.7522,0.788913,red,20.41,71.03,338.7749,4.00,0.0,308.0,30.0
WF-2-ZX94,498131.73,5404480.22,260.8641,0.789447,red,20.28,71.50,337.7908,4.00,0.0,308.0,30.0
WF-2-ZX95,498156.73,5404480.22,261.2788,0.791426,red,20.21,72.57,335.5041,4.00,0.0,308.0,30.0
WF-2-ZX96,498181.73,5404480.22,261.6934,0.793404,red,20.14,73.65,333.2174,4.00,0.0,308.0,30.0
WF-2-ZX97,498206.73,5404480.22,262.1700,0.795678,red,20.09,74.87,330.5533,4.00,0.0,308.0,30.0
WF-2-ZX98,498231.73,5404480.22,262.6769,0.798096,red,20.05,76.16,327.7055,4.00,0.0,308.0,30.0
WF-2-ZX99,498256.73,5404480.22,263.1837,0.800514,red,20.02,77.45,324.8576,4.00,0.0,308.0,30.0
WF-2-ZX100,498281.73,5404480.22,263.5319,0.802176,red,19.96,78.44,322.5419,4.00,0.0,308.0,30.0
WF-2-ZX101,498306.73,5404480.22,263.8758,0.803816,red,19.91,79.42,320.2409,4.00,0.0,308.0,30.0
WF-2-ZX102,498331.73,5404480.22,264.1395,0.805075,red,19.83,80.26,318.1836,4.00,0.0,308.0,30.0
WF-2-ZX103,498356.73,5404480.22,264.1908,0.805319,red,19.71,80.73,316.7719,4.00,0.0,308.0,30.0
WF-2-ZX104,498381.73,5404480.22,264.2421,0.805564,red,19.59,81.21,315.3602,4.00,0.0,308.0,30.0
WF-2-ZX105,498406.73,5404480.22,263.9982,0.804400,red,19.39,81.26,314.4437,4.00,0.0,308.0,30.0
WF-2-ZX106,498431.73,5404480.22,263.5358,0.802194,red,19.14,81.01,313.8934,4.00,0.0,308.0,30.0
WF-2-ZX107,498456.73,5404480.22,263.0735,0.799988,red,18.89,80.76,313.3431,4.00,0.0,308.0,30.0
WF-2-ZX108,498481.73,5404480.22,261.7289,0.793573,red,18.45,79.42,313.4700,4.00,0.0,308.0,30.0
WF-2-ZX109,498506.73,5404480.22,260.2590,0.786560,red,17.98,77.92,313.6931,4.00,0.0,308.0,30.0
WF-2-ZX110,498531.73,5404480.22,258.5105,0.778218,red,17.46,76.09,314.0381,4.00,0.0,308.0,30.0
WF-2-ZX111,498556.73,5404480.22,255.4605,0.763665,red,16.69,72.70,314.9523,4.00,0.0,308.0,30.0
WF-2-ZX112,498581.73,5404480.22,252.4105,0.749113,red,15.93,69.32,315.8665,4.00,0.0,308.0,30.0
WF-2-ZX113,498606.73,5404480.22,249.0814,0.733230,red,15.14,65.59,316.8760,4.00,0.0,308.0,30.0
WF-2-ZX114,498631.73,5404480.22,245.4465,0.715887,red,14.33,61.47,317.9899,4.00,0.0,308.0,30.0
WF-2-ZX115,498656.73,5404480.22,241.8115,0.698544,red,13.52,57.35,319.1038,4.00,0.0,308.0,30.0
WF-2-ZX116,498681.73,5404480.22,240.2685,0.691182,red,13.26,55.55,319.4963,4.00,0.0,308.0,30.0
WF-2-ZX117,498706.73,5404480.22,239.3228,0.686670,red,13.16,54.41,319.6829,4.00,0.0,308.0,30.0
WF-2-ZX118,498731.73,5404480.22,238.6076,0.683257,red,13.12,53.53,319.7874,4.00,0.0,308.0,30.0
WF-3-ZX1,495807.00,5404818.22,260.3185,0.786844,red,14.01,90.68,272.1660,4.00,0.0,308.0,30.0
WF-3-ZX2,495832.00,5404818.22,260.0348,0.785491,red,14.10,90.26,272.2123,4.00,0.0,308.0,30.0
WF-3-ZX3,495857.00,5404818.22,260.1019,0.785810,red,14.15,90.39,271.7853,4.00,0.0,308.0,30.0
WF-3-ZX4,495882.00,5404818.22,260.1689,0.786130,red,14.20,90.53,271.3583,4.00,0.0,308.0,30.0
WF-3-ZX5,495907.00,5404818.22,260.4371,0.787410,red,14.25,91.00,270.5447,4.00,0.0,308.0,30.0
WF-3-ZX6,495932.00,5404818.22,260.9447,0.789832,red,14.30,91.86,269.2711,4.00,0.0,308.0,30.0
WF-3-ZX7,495957.00,5404818.22,261.4523,0.792254,red,14.34,92.72,267.9975,4.00,0.0,308.0,30.0
WF-3-ZX8,495982.00,5404818.22,262.1334,0.795503,red,14.40,93.86,266.4112,4.00,0.0,308.0,30.0
WF-3-ZX9,496007.00,5404818.22,262.8701,0.799018,red,14.45,95.08,264.7249,4.00,0.0,308.0,30.0
WF-3-ZX10,496032.00,5404818.22,263.6063,0.802531,red,14.50,96.31,263.0456,4.00,0.0,308.0,30.0
WF-3-ZX11,496057.00,5404818.22,264.3358,0.806011,red,14.53,97.52,261.4816,4.00,0.0,308.0,30.0
WF-3-ZX12,496082.00,5404818.22,265.0653,0.809492,red,14.57,98.72,259.9176,4.00,0.0,308.0,30.0
WF-3-ZX13,496107.00,5404818.22,265.7529,0.812772,red,14.59,99.86,258.4659,4.00,0.0,308.0,30.0
WF-3-ZX14,496132.00,5404818.22,266.3659,0.815697,red,14.58,100.89,257.2146,4.00,0.0,308.0,30.0
WF-3-ZX15,496157.00,5404818.22,266.9789,0.818622,red,14.57,101.92,255.9634,4.00,0.0,308.0,30.0
WF-3-ZX16,496182.00,5404818.22,267.5024,0.821120,red,14.51,102.85,254.8646,4.00,0.0,308.0,30.0
WF-3-ZX17,496207.00,5404818.22,267.9799,0.823398,red,14.42,103.72,253.8445,4.00,0.0,308.0,30.0
WF-3-ZX18,496232.00,5404818.22,268.4573,0.825676,red,14.34,104.60,252.8243,4.00,0.0,308.0,30.0
WF-3-ZX19,496257.00,5404818.22,268.8082,0.827350,red,14.15,105.39,251.8839,4.00,0.0,308.0,30.0
WF-3-ZX20,496282.00,5404818.22,269.1538,0.828999,red,13.96,106.17,250.9468,4.00,0.0,308.0,30.0
WF-3-ZX21,496307.00,5404818.22,269.4673,0.830495,red,13.74,106.93,250.0184,4.00,0.0,308.0,30.0
WF-3-ZX22,496332.00,5404818.22,269.6900,0.831557,red,13.47,107.62,249.1142,4.00,0.0,308.0,30.0
WF-3-ZX23,496357.00,5404818.22,269.9126,0.832619,red,13.19,108.31,248.2101,4.00,0.0,308.0,30.0
WF-3-ZX24,496382.00,5404818.22,270.0867,0.833450,red,12.93,108.91,247.4250,4.00,0.0,308.0,30.0
WF-3-ZX25,496407.00,5404818.22,270.2231,0.834100,red,12.67,109.44,246.7327,4.00,0.0,308.0,30.0
WF-3-ZX26,496432.00,5404818.22,270.3595,0.834751,red,12.42,109.96,246.0404,4.00,0.0,308.0,30.0
WF-3-ZX27,496457.00,5404818.22,270.4963,0.835404,red,12.33,110.24,245.8639,4.00,0.0,308.0,30.0
WF-3-ZX28,496482.00,5404818.22,270.6333,0.836058,red,12.27,110.47,245.7694,4.00,0.0,308.0,30.0
WF-3-ZX29,496507.00,5404818.22,270.7858,0.836785,red,12.26,110.66,245.8151,4.00,0.0,308.0,30.0
WF-3-ZX30,496532.00,5404818.22,271.0179,0.837893,red,12.50,110.58,246.5769,4.00,0.0,308.0,30.0
WF-3-ZX31,496557.00,5404818.22,271.2500,0.839000,red,12.74,110.51,247.3388,4.00,0.0,308.0,30.0
WF-3-ZX32,496582.00,5404818.22,271.5362,0.840366,red,13.09,110.35,248.4185,4.00,0.0,308.0,30.0
WF-3-ZX33,496607.00,5404818.22,271.8849,0.842029,red,13.56,110.08,249.8647,4.00,0.0,308.0,30.0
WF-3-ZX34,496632.00,5404818.22,272.2335,0.843693,red,14.03,109.82,251.3109,4.00,0.0,308.0,30.0
WF-3-ZX35,496657.00,5404818.22,272.6299,0.845584,red,14.55,109.52,252.9650,4.00,0.0,308.0,30.0
WF-3-ZX36,496682.00,5404818.22,273.0409,0.847545,red,15.09,109.21,254.6829,4.00,0.0,308.0,30.0
WF-3-ZX37,496707.00,5404818.22,273.4515,0.849504,red,15.63,108.91,256.3985,4.00,0.0,308.0,30.0
WF-3-ZX38,496732.00,5404818.22,273.8572,0.851439,red,16.13,108.63,258.0825,4.00,0.0,308.0,30.0
WF-3-ZX39,496757.00,5404818.22,274.2628,0.853375,red,16.64,108.35,259.7665,4.00,0.0,308.0,30.0
WF-3-ZX40,496782.00,5404818.22,274.6506,0.855225,red,17.12,108.09,261.4045,4.00,0.0,308.0,30.0
WF-3-ZX41,496807.00,5404818.22,275.0076,0.856928,red,17.55,107.84,262.9632,4.00,0.0,308.0,30.0
WF-3-ZX42,496832.00,5404818.22,275.3646,0.858632,red,17.99,107.58,264.5220,4.00,0.0,308.0,30.0
WF-3-ZX43,496857.00,5404818.22,275.6779,0.860126,red,18.37,107.33,266.0451,4.00,0.0,308.0,30.0
WF-3-ZX44,496882.00,5404818.22,275.9693,0.861517,red,18.72,107.07,267.5504,4.00,0.0,308.0,30.0
WF-3-ZX45,496907.00,5404818.22,276.2607,0.862907,red,19.07,106.81,269.0557,4.00,0.0,308.0,30.0
WF-3-ZX46,496932.00,5404818.22,276.4892,0.863997,red,19.35,106.52,270.6722,4.00,0.0,308.0,30.0
WF-3-ZX47,496957.00,5404818.22,276.7157,0.865078,red,19.63,106.22,272.2923,4.00,0.0,308.0,30.0
WF-3-ZX48,496982.00,5404818.22,276.9279,0.866090,red,19.89,105.90,273.9999,4.00,0.0,308.0,30.0
WF-3-ZX49,497007.00,5404818.22,277.1013,0.866918,red,20.08,105.53,275.9453,4.00,0.0,308.0,30.0
WF-3-ZX50,497032.00,5404818.22,277.2748,0.867745,red,20.27,105.16,277.8906,4.00,0.0,308.0,30.0
WF-3-ZX51,497057.00,5404818.22,277.4300,0.868486,red,20.41,104.74,280.1355,4.00,0.0,308.0,30.0
WF-3-ZX52,497082.00,5404818.22,277.5716,0.869161,red,20.51,104.29,282.6065,4.00,0.0,308.0,30.0
WF-3-ZX53,497107.00,5404818.22,277.7131,0.869837,red,20.61,103.84,285.0775,4.00,0.0,308.0,30.0
WF-3-ZX54,497132.00,5404818.22,277.8537,0.870507,red,20.62,103.35,288.1196,4.00,0.0,308.0,30.0
WF-3-ZX55,497157.00,5404818.22,277.9941,0.871177,red,20.61,102.84,291.2464,4.00,0.0,308.0,30.0
WF-3-ZX56,497182.00,5404818.22,278.1407,0.871877,red,20.58,102.34,294.4825,4.00,0.0,308.0,30.0
WF-3-ZX57,497207.00,5404818.22,278.3170,0.872718,red,20.45,101.83,298.2461,4.00,0.0,308.0,30.0
WF-3-ZX58,497232.00,5404818.22,278.4932,0.873559,red,20.32,101.33,302.0098,4.00,0.0,308.0,30.0
WF-3-ZX59,497257.00,5404818.22,278.6973,0.874532,red,20.14,100.87,305.9375,4.00,0.0,308.0,30.0
WF-3-ZX60,497282.00,5404818.22,278.9323,0.875654,red,19.91,100.45,310.0485,4.00,0.0,308.0,30.0
WF-3-ZX61,497307.00,5404818.22,279.1674,0.876775,red,19.67,100.03,314.1595,4.00,0.0,308.0,30.0
WF-3-ZX62,497332.00,5404818.22,279.4139,0.877951,red,19.41,99.71,317.9884,4.00,0.0,308.0,30.0
WF-3-ZX63,497357.00,5404818.22,279.6637,0.879143,red,19.14,99.42,321.7344,4.00,0.0,308.0,30.0
WF-3-ZX64,497382.00,5404818.22,279.9023,0.880282,red,18.87,99.13,325.3770,4.00,0.0,308.0,30.0
WF-3-ZX65,497407.00,5404818.22,280.0012,0.880754,red,18.71,98.87,327.7218,4.00,0.0,308.0,30.0
WF-3-ZX66,497432.00,5404818.22,280.1001,0.881226,red,18.55,98.60,330.0666,4.00,0.0,308.0,30.0
WF-3-ZX67,497457.00,5404818.22,280.0723,0.881093,red,18.48,98.27,331.7091,4.00,0.0,308.0,30.0
WF-3-ZX68,497482.00,5404818.22,279.8328,0.879950,red,18.56,97.80,332.1793,4.00,0.0,308.0,30.0
WF-3-ZX69,497507.00,5404818.22,279.5933,0.878807,red,18.63,97.34,332.6495,4.00,0.0,308.0,30.0
WF-3-ZX70,497532.00,5404818.22,279.1584,0.876733,red,18.80,96.70,332.4797,4.00,0.0,308.0,30.0
WF-3-ZX71,497557.00,5404818.22,278.6297,0.874210,red,19.00,95.98,332.0023,4.00,0.0,308.0,30.0
WF-3-ZX72,497582.00,5404818.22,278.1010,0.871688,red,19.21,95.25,331.5250,4.00,0.0,308.0,30.0
WF-3-ZX73,497607.00,5404818.22,277.5462,0.869040,red,19.31,94.50,331.4321,4.00,0.0,308.0,30.0
WF-3-ZX74,497632.00,5404818.22,276.9907,0.866390,red,19.41,93.74,331.3487,4.00,0.0,308.0,30.0
WF-3-ZX75,497657.00,5404818.22,276.4880,0.863992,red,19.45,93.05,331.5211,4.00,0.0,308.0,30.0
WF-3-ZX76,497682.00,5404818.22,276.1235,0.862252,red,19.31,92.52,332.3615,4.00,0.0,308.0,30.0
WF-3-ZX77,497707.00,5404818.22,275.7589,0.860513,red,19.17,91.99,333.2019,4.00,0.0,308.0,30.0
WF-3-ZX78,497732.00,5404818.22,275.5791,0.859655,red,18.90,91.71,334.4717,4.00,0.0,308.0,30.0
WF-3-ZX79,497757.00,5404818.22,275.5342,0.859441,red,18.53,91.61,336.0555,4.00,0.0,308.0,30.0
WF-3-ZX80,497782.00,5404818.22,275.4894,0.859227,red,18.17,91.50,337.6392,4.00,0.0,308.0,30.0
WF-3-ZX81,497807.00,5404818.22,275.8734,0.861059,red,17.64,92.01,339.4751,4.00,0.0,308.0,30.0
WF-3-ZX82,497832.00,5404818.22,276.3166,0.863174,red,17.10,92.59,341.3459,4.00,0.0,308.0,30.0
WF-3-ZX83,497857.00,5404818.22,276.9088,0.865999,red,16.52,93.40,343.1660,4.00,0.0,308.0,30.0
WF-3-ZX84,497882.00,5404818.22,278.1822,0.872075,red,15.79,95.24,344.7536,4.00,0.0,308.0,30.0
WF-3-ZX85,497907.00,5404818.22,279.4557,0.878151,red,15.07,97.07,346.3412,4.00,0.0,308.0,30.0
WF-3-ZX86,497932.00,5404818.22,281.2376,0.886653,red,14.26,99.69,347.4933,4.00,0.0,308.0,30.0
WF-3-ZX87,497957.00,5404818.22,283.5703,0.897782,red,13.38,103.18,348.1737,4.00,0.0,308.0,30.0
WF-3-ZX88,497982.00,5404818.22,285.9029,0.908912,red,12.49,106.66,348.8542,4.00,0.0,308.0,30.0
WF-3-ZX89,498007.00,5404818.22,287.4688,0.916383,red,11.95,109.03,348.9750,4.00,0.0,308.0,30.0
WF-3-ZX90,498032.00,5404818.22,288.8196,0.922828,red,11.51,111.08,348.9388,4.00,0.0,308.0,30.0
WF-3-ZX91,498057.00,5404818.22,289.8817,0.927895,red,11.17,112.69,348.9257,4.00,0.0,308.0,30.0
WF-3-ZX92,498082.00,5404818.22,287.6969,0.917471,red,11.86,109.35,349.1731,4.00,0.0,308.0,30.0
WF-3-ZX93,498107.00,5404818.22,285.5121,0.907047,red,12.55,106.00,349.4205,4.00,0.0,308.0,30.0
WF-3-ZX94,498132.00,5404818.22,283.2959,0.896473,red,13.31,102.63,349.3397,4.00,0.0,308.0,30.0
WF-3-ZX95,498157.00,5404818.22,281.0291,0.885658,red,14.19,99.22,348.7291,4.00,0.0,308.0,30.0
WF-3-ZX96,498182.00,5404818.22,278.7623,0.874843,red,15.07,95.81,348.1184,4.00,0.0,308.0,30.0
WF-3-ZX97,498207.00,5404818.22,277.5341,0.868983,red,15.80,94.01,346.6376,4.00,0.0,308.0,30.0
WF-3-ZX98,498232.00,5404818.22,276.7875,0.865420,red,16.45,92.96,344.7534,4.00,0.0,308.0,30.0
WF-3-ZX99,498257.00,5404818.22,276.0409,0.861858,red,17.11,91.91,342.8692,4.00,0.0,308.0,30.0
WF-3-ZX100,498282.00,5404818.22,276.3833,0.863492,red,17.64,92.45,340.3386,4.00,0.0,308.0,30.0
WF-3-ZX101,498307.00,5404818.22,276.7435,0.865211,red,18.17,93.03,337.7974,4.00,0.0,308.0,30.0
WF-3-ZX102,498332.00,5404818.22,277.3241,0.867981,red,18.69,93.89,335.2237,4.00,0.0,308.0,30.0
WF-3-ZX103,498357.00,5404818.22,278.4582,0.873392,red,19.18,95.50,332.5682,4.00,0.0,308.0,30.0
WF-3-ZX104,498382.00,5404818.22,279.5923,0.878803,red,19.66,97.10,329.9127,4.00,0.0,308.0,30.0
WF-3-ZX105,498407.00,5404818.22,281.0510,0.885762,red,20.13,99.09,327.3953,4.00,0.0,308.0,30.0
WF-3-ZX106,498432.00,5404818.22,282.7393,0.893818,red,20.58,101.36,324.9757,4.00,0.0,308.0,30.0
WF-3-ZX107,498457.00,5404818.22,284.4277,0.901873,red,21.03,103.63,322.5561,4.00,0.0,308.0,30.0
WF-3-ZX108,498482.00,5404818.22,286.2474,0.910555,red,21.43,106.00,320.5963,4.00,0.0,308.0,30.0
WF-3-ZX109,498507.00,5404818.22,288.0839,0.919318,red,21.83,108.39,318.6954,4.00,0.0,308.0,30.0
WF-3-ZX110,498532.00,5404818.22,289.8176,0.927590,red,22.21,110.63,316.9400,4.00,0.0,308.0,30.0
WF-3-ZX111,498557.00,5404818.22,291.1047,0.933731,red,22.53,112.22,315.8164,4.00,0.0,308.0,30.0
WF-3-ZX112,498582.00,5404818.22,292.3918,0.939871,red,22.86,113.80,314.6927,4.00,0.0,308.0,30.0
WF-3-ZX113,498607.00,5404818.22,293.1806,0.943635,red,23.19,114.67,313.9764,4.00,0.0,308.0,30.0
WF-3-ZX114,498632.00,5404818.22,293.4466,0.944904,red,23.54,114.78,313.6877,4.00,0.0,308.0,30.0
WF-3-ZX115,498657.00,5404818.22,293.7125,0.946173,red,23.89,114.89,313.3990,4.00,0.0,308.0,30.0
WF-3-ZX116,498682.00,5404818.22,293.5191,0.945250,red,24.44,114.17,313.5433,4.00,0.0,308.0,30.0
WF-3-ZX117,498707.00,5404818.22,293.2027,0.943740,red,25.04,113.23,313.8037,4.00,0.0,308.0,30.0
WF-3-ZX118,498732.00,5404818.22,292.9240,0.942411,red,25.69,112.29,314.0775,4.00,0.0,308.0,30.0
WF-4-ZX1,495807.27,5405156.22,261.5161,0.792558,red,14.35,90.67,277.9547,4.00,0.0,308.0,30.0
WF-4-ZX2,495832.27,5405156.22,261.3125,0.791587,red,14.37,90.36,278.2077,4.00,0.0,308.0,30.0
WF-4-ZX3,495857.27,5405156.22,261.4616,0.792298,red,14.39,90.56,278.0427,4.00,0.0,308.0,30.0
WF-4-ZX4,495882.27,5405156.22,261.6107,0.793009,red,14.41,90.76,277.8777,4.00,0.0,308.0,30.0
WF-4-ZX5,495907.27,5405156.22,261.9897,0.794818,red,14.45,91.30,277.4421,4.00,0.0,308.0,30.0
WF-4-ZX6,495932.27,5405156.22,262.6307,0.797876,red,14.50,92.21,276.6982,4.00,0.0,308.0,30.0
WF-4-ZX7,495957.27,5405156.22,263.2716,0.800934,red,14.55,93.12,275.9543,4.00,0.0,308.0,30.0
WF-4-ZX8,495982.27,5405156.22,264.1636,0.805190,red,14.61,94.37,274.9881,4.00,0.0,308.0,30.0
WF-4-ZX9,496007.27,5405156.22,265.1314,0.809807,red,14.68,95.73,273.9548,4.00,0.0,308.0,30.0
WF-4-ZX10,496032.27,5405156.22,266.1039,0.814447,red,14.75,97.09,272.9308,4.00,0.0,308.0,30.0
WF-4-ZX11,496057.27,5405156.22,267.1402,0.819391,red,14.82,98.50,272.0325,4.00,0.0,308.0,30.0
WF-4-ZX12,496082.27,5405156.22,268.1764,0.824336,red,14.89,99.91,271.1342,4.00,0.0,308.0,30.0
WF-4-ZX13,496107.27,5405156.22,269.1713,0.829082,red,14.96,101.24,270.3973,4.00,0.0,308.0,30.0
WF-4-ZX14,496132.27,5405156.22,270.0955,0.833492,red,15.03,102.42,269.9355,4.00,0.0,308.0,30.0
WF-4-ZX15,496157.27,5405156.22,271.0197,0.837901,red,15.09,103.60,269.4737,4.00,0.0,308.0,30.0
WF-4-ZX16,496182.27,5405156.22,271.8284,0.841760,red,15.15,104.57,269.3901,4.00,0.0,308.0,30.0
WF-4-ZX17,496207.27,5405156.22,272.5803,0.845347,red,15.20,105.43,269.4924,4.00,0.0,308.0,30.0
WF-4-ZX18,496232.27,5405156.22,273.3322,0.848935,red,15.26,106.28,269.5946,4.00,0.0,308.0,30.0
WF-4-ZX19,496257.27,5405156.22,273.9390,0.851830,red,15.29,106.85,270.2639,4.00,0.0,308.0,30.0
WF-4-ZX20,496282.27,5405156.22,274.5414,0.854704,red,15.33,107.41,270.9498,4.00,0.0,308.0,30.0
WF-4-ZX21,496307.27,5405156.22,275.1205,0.857467,red,15.35,107.92,271.7896,4.00,0.0,308.0,30.0
WF-4-ZX22,496332.27,5405156.22,275.6369,0.859931,red,15.36,108.27,273.0406,4.00,0.0,308.0,30.0
WF-4-ZX23,496357.27,5405156.22,276.1532,0.862394,red,15.37,108.62,274.2916,4.00,0.0,308.0,30.0
WF-4-ZX24,496382.27,5405156.22,276.6644,0.864833,red,15.35,108.92,275.8582,4.00,0.0,308.0,30.0
WF-4-ZX25,496407.27,5405156.22,277.1718,0.867254,red,15.32,109.18,277.6600,4.00,0.0,308.0,30.0
WF-4-ZX26,496432.27,5405156.22,277.6791,0.869675,red,15.28,109.44,279.4618,4.00,0.0,308.0,30.0
WF-4-ZX27,496457.27,5405156.22,278.2458,0.872378,red,15.19,109.72,281.7482,4.00,0.0,308.0,30.0
WF-4-ZX28,496482.27,5405156.22,278.8210,0.875123,red,15.08,109.99,284.1047,4.00,0.0,308.0,30.0
WF-4-ZX29,496507.27,5405156.22,279.4194,0.877978,red,14.97,110.29,286.5576,4.00,0.0,308.0,30.0
WF-4-ZX30,496532.27,5405156.22,280.1269,0.881353,red,14.77,110.69,289.4666,4.00,0.0,308.0,30.0
WF-4-ZX31,496557.27,5405156.22,280.8344,0.884729,red,14.57,111.09,292.3756,4.00,0.0,308.0,30.0
WF-4-ZX32,496582.27,5405156.22,281.6165,0.888461,red,14.33,111.58,295.5006,4.00,0.0,308.0,30.0
WF-4-ZX33,496607.27,5405156.22,282.4811,0.892586,red,14.02,112.16,298.8641,4.00,0.0,308.0,30.0
WF-4-ZX34,496632.27,5405156.22,283.3457,0.896711,red,13.71,112.75,302.2275,4.00,0.0,308.0,30.0
WF-4-ZX35,496657.27,5405156.22,284.2731,0.901136,red,13.34,113.45,305.6546,4.00,0.0,308.0,30.0
WF-4-ZX36,496682.27,5405156.22,285.2186,0.905647,red,12.96,114.19,309.1000,4.00,0.0,308.0,30.0
WF-4-ZX37,496707.27,5405156.22,286.1512,0.910096,red,12.57,114.91,312.4908,4.00,0.0,308.0,30.0
WF-4-ZX38,496732.27,5405156.22,286.9284,0.913804,red,12.23,115.56,315.2254,4.00,0.0,308.0,30.0
WF-4-ZX39,496757.27,5405156.22,287.7056,0.917513,red,11.89,116.20,317.9600,4.00,0.0,308.0,30.0
WF-4-ZX40,496782.27,5405156.22,288.2871,0.920287,red,11.64,116.66,320.0949,4.00,0.0,308.0,30.0
WF-4-ZX41,496807.27,5405156.22,288.5463,0.921524,red,11.55,116.81,321.2413,4.00,0.0,308.0,30.0
WF-4-ZX42,496832.27,5405156.22,288.8054,0.922760,red,11.45,116.96,322.3877,4.00,0.0,308.0,30.0
WF-4-ZX43,496857.27,5405156.22,288.6243,0.921896,red,11.59,116.61,322.4242,4.00,0.0,308.0,30.0
WF-4-ZX44,496882.27,5405156.22,288.2344,0.920036,red,11.83,116.03,321.9346,4.00,0.0,308.0,30.0
WF-4-ZX45,496907.27,5405156.22,287.8446,0.918176,red,12.08,115.45,321.4449,4.00,0.0,308.0,30.0
WF-4-ZX46,496932.27,5405156.22,287.0658,0.914460,red,12.54,114.35,320.3236,4.00,0.0,308.0,30.0
WF-4-ZX47,496957.27,5405156.22,286.2787,0.910705,red,13.01,113.24,319.1889,4.00,0.0,308.0,30.0
WF-4-ZX48,496982.27,5405156.22,285.4809,0.906899,red,13.48,112.08,318.1712,4.00,0.0,308.0,30.0
WF-4-ZX49,497007.27,5405156.22,284.6556,0.902961,red,13.97,110.81,317.4545,4.00,0.0,308.0,30.0
WF-4-ZX50,497032.27,5405156.22,283.8302,0.899023,red,14.46,109.54,316.7377,4.00,0.0,308.0,30.0
WF-4-ZX51,497057.27,5405156.22,283.1037,0.895556,red,14.88,108.33,316.5431,4.00,0.0,308.0,30.0
WF-4-ZX52,497082.27,5405156.22,282.4486,0.892431,red,15.26,107.17,316.7253,4.00,0.0,308.0,30.0
WF-4-ZX53,497107.27,5405156.22,281.7935,0.889305,red,15.63,106.00,316.9075,4.00,0.0,308.0,30.0
WF-4-ZX54,497132.27,5405156.22,281.3385,0.887134,red,15.88,105.02,317.8852,4.00,0.0,308.0,30.0
WF-4-ZX55,497157.27,5405156.22,280.9105,0.885092,red,16.10,104.06,318.9697,4.00,0.0,308.0,30.0
WF-4-ZX56,497182.27,5405156.22,280.5204,0.883231,red,16.31,103.15,320.1771,4.00,0.0,308.0,30.0
WF-4-ZX57,497207.27,5405156.22,280.3010,0.882184,red,16.39,102.41,321.9349,4.00,0.0,308.0,30.0
WF-4-ZX58,497232.27,5405156.22,280.0816,0.881137,red,16.48,101.68,323.6927,4.00,0.0,308.0,30.0
WF-4-ZX59,497257.27,5405156.22,279.9366,0.880445,red,16.52,101.05,325.6068,4.00,0.0,308.0,30.0
WF-4-ZX60,497282.27,5405156.22,279.8712,0.880133,red,16.50,100.52,327.6882,4.00,0.0,308.0,30.0
WF-4-ZX61,497307.27,5405156.22,279.8058,0.879821,red,16.48,100.00,329.7696,4.00,0.0,308.0,30.0
WF-4-ZX62,497332.27,5405156.22,279.7912,0.879752,red,16.42,99.59,331.7780,4.00,0.0,308.0,30.0
WF-4-ZX63,497357.27,5405156.22,279.7906,0.879749,red,16.35,99.21,333.7663,4.00,0.0,308.0,30.0
WF-4-ZX64,497382.27,5405156.22,279.7855,0.879724,red,16.27,98.84,335.7181,4.00,0.0,308.0,30.0
WF-4-ZX65,497407.27,5405156.22,279.7304,0.879461,red,16.19,98.49,337.2747,4.00,0.0,308.0,30.0
WF-4-ZX66,497432.27,5405156.22,279.6753,0.879199,red,16.10,98.15,338.8312,4.00,0.0,308.0,30.0
WF-4-ZX67,497457.27,5405156.22,279.5616,0.878656,red,16.02,97.77,340.2238,4.00,0.0,308.0,30.0
WF-4-ZX68,497482.27,5405156.22,279.3546,0.877668,red,15.93,97.33,341.3549,4.00,0.0,308.0,30.0
WF-4-ZX69,497507.27,5405156.22,279.1475,0.876680,red,15.85,96.89,342.4860,4.00,0.0,308.0,30.0
WF-4-ZX70,497532.27,5405156.22,278.8352,0.875190,red,15.74,96.34,343.6362,4.00,0.0,308.0,30.0
WF-4-ZX71,497557.27,5405156.22,278.4747,0.873470,red,15.61,95.74,344.7951,4.00,0.0,308.0,30.0
WF-4-ZX72,497582.27,5405156.22,278.1142,0.871751,red,15.49,95.14,345.9540,4.00,0.0,308.0,30.0
WF-4-ZX73,497607.27,5405156.22,277.6854,0.869705,red,15.24,94.41,347.7464,4.00,0.0,308.0,30.0
WF-4-ZX74,497632.27,5405156.22,277.2558,0.867655,red,14.99,93.69,349.5472,4.00,0.0,308.0,30.0
WF-4-ZX75,497657.27,5405156.22,276.8293,0.865620,red,14.68,92.94,351.6696,4.00,0.0,308.0,30.0
WF-4-ZX76,497682.27,5405156.22,276.4108,0.863623,red,14.23,92.14,354.5881,4.00,0.0,308.0,30.0
WF-4-ZX77,497707.27,5405156.22,275.9923,0.861627,red,13.78,91.35,357.5067,4.00,0.0,308.0,30.0
WF-4-ZX78,497732.27,5405156.22,275.5959,0.859735,red,13.18,90.52,361.2131,4.00,0.0,308.0,30.0
WF-4-ZX79,497757.27,5405156.22,275.2149,0.857918,red,12.49,89.68,365.4703,4.00,0.0,308.0,30.0
WF-4-ZX80,497782.27,5405156.22,274.8340,0.856100,red,11.79,88.84,369.7275,4.00,0.0,308.0,30.0
WF-4-ZX81,497807.27,5405156.22,274.4949,0.854482,red,10.96,88.01,374.6559,4.00,0.0,308.0,30.0
WF-4-ZX82,497832.27,5405156.22,274.1611,0.852890,red,10.12,87.18,379.6678,4.00,0.0,308.0,30.0
WF-4-ZX83,497857.27,5405156.22,273.8539,0.851424,red,9.32,86.41,384.3407,4.00,0.0,308.0,30.0
WF-4-ZX84,497882.27,5405156.22,273.6601,0.850499,red,8.77,85.91,387.5699,4.00,0.0,308.0,30.0
WF-4-ZX85,497907.27,5405156.22,273.4662,0.849574,red,8.22,85.41,390.7990,4.00,0.0,308.0,30.0
WF-4-ZX86,497932.27,5405156.22,273.4108,0.849310,red,8.05,85.26,391.7914,4.00,0.0,308.0,30.0
WF-4-ZX87,497957.27,5405156.22,273.4989,0.849730,red,8.28,85.47,390.4643,4.00,0.0,308.0,30.0
WF-4-ZX88,497982.27,5405156.22,273.5870,0.850151,red,8.52,85.68,389.1372,4.00,0.0,308.0,30.0
WF-4-ZX89,498007.27,5405156.22,273.8548,0.851428,red,9.19,86.30,385.3319,4.00,0.0,308.0,30.0
WF-4-ZX90,498032.27,5405156.22,274.1698,0.852931,red,9.99,87.03,380.8746,4.00,0.0,308.0,30.0
WF-4-ZX91,498057.27,5405156.22,274.4906,0.854462,red,10.79,87.76,376.4093,4.00,0.0,308.0,30.0
WF-4-ZX92,498082.27,5405156.22,274.8684,0.856264,red,11.62,88.55,371.8655,4.00,0.0,308.0,30.0
WF-4-ZX93,498107.27,5405156.22,275.2462,0.858067,red,12.46,89.33,367.3217,4.00,0.0,308.0,30.0
WF-4-ZX94,498132.27,5405156.22,275.6257,0.859877,red,13.24,90.08,363.1790,4.00,0.0,308.0,30.0
WF-4-ZX95,498157.27,5405156.22,276.0078,0.861700,red,13.93,90.77,359.6549,4.00,0.0,308.0,30.0
WF-4-ZX96,498182.27,5405156.22,276.3899,0.863523,red,14.63,91.45,356.1308,4.00,0.0,308.0,30.0
WF-4-ZX97,498207.27,5405156.22,276.7931,0.865447,red,15.24,92.09,353.2591,4.00,0.0,308.0,30.0
WF-4-ZX98,498232.27,5405156.22,277.2058,0.867416,red,15.80,92.71,350.6750,4.00,0.0,308.0,30.0
WF-4-ZX99,498257.27,5405156.22,277.6184,0.869385,red,16.37,93.33,348.0910,4.00,0.0,308.0,30.0
WF-4-ZX100,498282.27,5405156.22,278.1063,0.871713,red,16.86,93.96,346.1865,4.00,0.0,308.0,30.0
WF-4-ZX101,498307.27,5405156.22,278.5946,0.874043,red,17.35,94.58,344.2856,4.00,0.0,308.0,30.0
WF-4-ZX102,498332.27,5405156.22,279.1157,0.876529,red,17.83,95.23,342.5377,4.00,0.0,308.0,30.0
WF-4-ZX103,498357.27,5405156.22,279.7146,0.879386,red,18.27,95.92,341.1543,4.00,0.0,308.0,30.0
WF-4-ZX104,498382.27,5405156.22,280.3136,0.882244,red,18.72,96.61,339.7710,4.00,0.0,308.0,30.0
WF-4-ZX105,498407.27,5405156.22,280.9893,0.885468,red,19.15,97.34,338.6520,4.00,0.0,308.0,30.0
WF-4-ZX106,498432.27,5405156.22,281.7169,0.888940,red,19.57,98.11,337.7118,4.00,0.0,308.0,30.0
WF-4-ZX107,498457.27,5405156.22,282.4445,0.892411,red,19.99,98.88,336.7717,4.00,0.0,308.0,30.0
WF-4-ZX108,498482.27,5405156.22,283.2893,0.896442,red,20.40,99.72,336.2038,4.00,0.0,308.0,30.0
WF-4-ZX109,498507.27,5405156.22,284.1476,0.900537,red,20.81,100.58,335.6787,4.00,0.0,308.0,30.0
WF-4-ZX110,498532.27,5405156.22,285.0289,0.904742,red,21.22,101.44,335.2304,4.00,0.0,308.0,30.0
WF-4-ZX111,498557.27,5405156.22,286.0035,0.909392,red,21.63,102.35,335.0936,4.00,0.0,308.0,30.0
WF-4-ZX112,498582.27,5405156.22,286.9781,0.914042,red,22.04,103.27,334.9569,4.00,0.0,308.0,30.0
WF-4-ZX113,498607.27,5405156.22,287.9918,0.918878,red,22.45,104.19,334.9797,4.00,0.0,308.0,30.0
WF-4-ZX114,498632.27,5405156.22,289.0449,0.923903,red,22.86,105.13,335.1627,4.00,0.0,308.0,30.0
WF-4-ZX115,498657.27,5405156.22,290.0980,0.928928,red,23.26,106.07,335.3458,4.00,0.0,308.0,30.0
WF-4-ZX116,498682.27,5405156.22,291.1555,0.933973,red,23.68,106.98,335.6621,4.00,0.0,308.0,30.0
WF-4-ZX117,498707.27,5405156.22,292.2141,0.939024,red,24.11,107.88,336.0118,4.00,0.0,308.0,30.0
WF-4-ZX118,498732.27,5405156.22,293.2627,0.944027,red,24.53,108.77,336.3531,4.00,0.0,308.0,30.0
WF-5-ZX1,495807.54,5405494.22,280.6430,0.883816,red,14.51,119.28,254.5045,4.00,0.0,308.0,30.0
WF-5-ZX2,495832.54,5405494.22,281.6733,0.888732,red,14.36,121.09,252.6804,4.00,0.0,308.0,30.0
WF-5-ZX3,495857.54,5405494.22,282.9177,0.894669,red,14.16,123.31,250.3487,4.00,0.0,308.0,30.0
WF-5-ZX4,495882.54,5405494.22,284.1620,0.900606,red,13.95,125.54,248.0171,4.00,0.0,308.0,30.0
WF-5-ZX5,495907.54,5405494.22,285.5227,0.907098,red,13.72,128.00,245.3605,4.00,0.0,308.0,30.0
WF-5-ZX6,495932.54,5405494.22,287.0104,0.914196,red,13.45,130.73,242.3496,4.00,0.0,308.0,30.0
WF-5-ZX7,495957.54,5405494.22,288.4981,0.921294,red,13.19,133.46,239.3387,4.00,0.0,308.0,30.0
WF-5-ZX8,495982.54,5405494.22,290.0695,0.928791,red,12.89,136.41,235.9592,4.00,0.0,308.0,30.0
WF-5-ZX9,496007.54,5405494.22,291.6646,0.936402,red,12.57,139.41,232.4752,4.00,0.0,308.0,30.0
WF-5-ZX10,496032.54,5405494.22,293.2413,0.943925,red,12.26,142.38,229.0172,4.00,0.0,308.0,30.0
WF-5-ZX11,496057.54,5405494.22,294.6055,0.950433,red,11.97,145.01,225.8581,4.00,0.0,308.0,30.0
WF-5-ZX12,496082.54,5405494.22,295.9696,0.956942,red,11.68,147.64,222.6990,4.00,0.0,308.0,30.0
WF-5-ZX13,496107.54,5405494.22,297.0534,0.962113,red,11.46,149.71,220.2428,4.00,0.0,308.0,30.0
WF-5-ZX14,496132.54,5405494.22,297.6808,0.965106,red,11.34,150.87,218.9302,4.00,0.0,308.0,30.0
WF-5-ZX15,496157.54,5405494.22,298.3083,0.968100,red,11.22,152.04,217.6177,4.00,0.0,308.0,30.0
WF-5-ZX16,496182.54,5405494.22,298.2042,0.967604,red,11.30,151.64,218.5675,4.00,0.0,308.0,30.0
WF-5-ZX17,496207.54,5405494.22,297.7582,0.965476,red,11.48,150.49,220.5753,4.00,0.0,308.0,30.0
WF-5-ZX18,496232.54,5405494.22,297.3121,0.963347,red,11.66,149.35,222.5830,4.00,0.0,308.0,30.0
WF-5-ZX19,496257.54,5405494.22,296.0317,0.957238,red,12.13,146.21,227.8704,4.00,0.0,308.0,30.0
WF-5-ZX20,496282.54,5405494.22,294.7361,0.951057,red,12.60,143.03,233.2174,4.00,0.0,308.0,30.0
WF-5-ZX21,496307.54,5405494.22,293.3750,0.944562,red,13.12,139.62,239.0743,4.00,0.0,308.0,30.0
WF-5-ZX22,496332.54,5405494.22,291.8476,0.937275,red,13.74,135.64,246.2234,4.00,0.0,308.0,30.0
WF-5-ZX23,496357.54,5405494.22,290.3203,0.929988,red,14.36,131.66,253.3724,4.00,0.0,308.0,30.0
WF-5-ZX24,496382.54,5405494.22,288.9464,0.923433,red,14.96,127.88,260.5676,4.00,0.0,308.0,30.0
WF-5-ZX25,496407.54,5405494.22,287.6820,0.917400,red,15.55,124.23,267.7957,4.00,0.0,308.0,30.0
WF-5-ZX26,496432.54,5405494.22,286.4176,0.911367,red,16.14,120.58,275.0238,4.00,0.0,308.0,30.0
WF-5-ZX27,496457.54,5405494.22,285.5451,0.907205,red,16.60,117.71,281.4071,4.00,0.0,308.0,30.0
WF-5-ZX28,496482.54,5405494.22,284.7239,0.903287,red,17.04,114.95,287.6802,4.00,0.0,308.0,30.0
WF-5-ZX29,496507.54,5405494.22,283.9821,0.899747,red,17.45,112.36,293.7000,4.00,0.0,308.0,30.0
WF-5-ZX30,496532.54,5405494.22,283.5893,0.897873,red,17.69,110.60,298.6058,4.00,0.0,308.0,30.0
WF-5-ZX31,496557.54,5405494.22,283.1965,0.895999,red,17.93,108.83,303.5116,4.00,0.0,308.0,30.0
WF-5-ZX32,496582.54,5405494.22,282.9738,0.894937,red,18.06,107.52,307.7237,4.00,0.0,308.0,30.0
WF-5-ZX33,496607.54,5405494.22,282.9308,0.894731,red,18.06,106.70,311.2024,4.00,0.0,308.0,30.0
WF-5-ZX34,496632.54,5405494.22,282.8878,0.894526,red,18.07,105.88,314.6810,4.00,0.0,308.0,30.0
WF-5-ZX35,496657.54,5405494.22,283.0347,0.895227,red,17.90,105.65,317.1572,4.00,0.0,308.0,30.0
WF-5-ZX36,496682.54,5405494.22,283.2329,0.896173,red,17.69,105.59,319.3618,4.00,0.0,308.0,30.0
WF-5-ZX37,496707.54,5405494.22,283.4377,0.897150,red,17.47,105.56,321.4783,4.00,0.0,308.0,30.0
WF-5-ZX38,496732.54,5405494.22,283.7094,0.898446,red,17.15,105.89,322.6763,4.00,0.0,308.0,30.0
WF-5-ZX39,496757.54,5405494.22,283.9812,0.899743,red,16.84,106.22,323.8742,4.00,0.0,308.0,30.0
WF-5-ZX40,496782.54,5405494.22,284.2012,0.900793,red,16.55,106.52,324.7834,4.00,0.0,308.0,30.0
WF-5-ZX41,496807.54,5405494.22,284.3398,0.901454,red,16.31,106.80,325.2377,4.00,0.0,308.0,30.0
WF-5-ZX42,496832.54,5405494.22,284.4783,0.902115,red,16.07,107.07,325.6920,4.00,0.0,308.0,30.0
WF-5-ZX43,496857.54,5405494.22,284.4409,0.901936,red,15.94,107.10,325.8055,4.00,0.0,308.0,30.0
WF-5-ZX44,496882.54,5405494.22,284.3242,0.901380,red,15.86,107.03,325.7653,4.00,0.0,308.0,30.0
WF-5-ZX45,496907.54,5405494.22,284.2076,0.900823,red,15.78,106.96,325.7251,4.00,0.0,308.0,30.0
WF-5-ZX46,496932.54,5405494.22,283.8690,0.899207,red,15.83,106.55,325.4938,4.00,0.0,308.0,30.0
WF-5-ZX47,496957.54,5405494.22,283.5281,0.897581,red,15.88,106.13,325.2605,4.00,0.0,308.0,30.0
WF-5-ZX48,496982.54,5405494.22,283.1533,0.895793,red,15.94,105.65,325.0634,4.00,0.0,308.0,30.0
WF-5-ZX49,497007.54,5405494.22,282.6957,0.893610,red,16.04,105.03,324.9542,4.00,0.0,308.0,30.0
WF-5-ZX50,497032.54,5405494.22,282.2381,0.891426,red,16.14,104.40,324.8451,4.00,0.0,308.0,30.0
WF-5-ZX51,497057.54,5405494.22,281.7661,0.889174,red,16.23,103.72,324.9534,4.00,0.0,308.0,30.0
WF-5-ZX52,497082.54,5405494.22,281.2840,0.886874,red,16.31,102.99,325.2117,4.00,0.0,308.0,30.0
WF-5-ZX53,497107.54,5405494.22,280.8020,0.884574,red,16.39,102.27,325.4701,4.00,0.0,308.0,30.0
WF-5-ZX54,497132.54,5405494.22,280.3416,0.882378,red,16.42,101.51,326.1827,4.00,0.0,308.0,30.0
WF-5-ZX55,497157.54,5405494.22,279.8838,0.880193,red,16.45,100.75,326.9500,4.00,0.0,308.0,30.0
WF-5-ZX56,497182.54,5405494.22,279.4332,0.878043,red,16.47,99.98,327.8290,4.00,0.0,308.0,30.0
WF-5-ZX57,497207.54,5405494.22,279.0127,0.876037,red,16.43,99.19,329.1744,4.00,0.0,308.0,30.0
WF-5-ZX58,497232.54,5405494.22,278.5923,0.874031,red,16.39,98.40,330.5199,4.00,0.0,308.0,30.0
WF-5-ZX59,497257.54,5405494.22,278.1861,0.872093,red,16.32,97.58,332.1723,4.00,0.0,308.0,30.0
WF-5-ZX60,497282.54,5405494.22,277.7945,0.870225,red,16.22,96.75,334.1392,4.00,0.0,308.0,30.0
WF-5-ZX61,497307.54,5405494.22,277.4030,0.868357,red,16.11,95.91,336.1062,4.00,0.0,308.0,30.0
WF-5-ZX62,497332.54,5405494.22,277.0187,0.866524,red,15.95,95.02,338.6114,4.00,0.0,308.0,30.0
WF-5-ZX63,497357.54,5405494.22,276.6364,0.864699,red,15.76,94.11,341.2556,4.00,0.0,308.0,30.0
WF-5-ZX64,497382.54,5405494.22,276.2526,0.862868,red,15.58,93.19,343.9723,4.00,0.0,308.0,30.0
WF-5-ZX65,497407.54,5405494.22,275.8556,0.860974,red,15.31,92.16,347.3752,4.00,0.0,308.0,30.0
WF-5-ZX66,497432.54,5405494.22,275.4586,0.859080,red,15.05,91.13,350.7780,4.00,0.0,308.0,30.0
WF-5-ZX67,497457.54,5405494.22,275.0477,0.857119,red,14.75,90.04,354.5078,4.00,0.0,308.0,30.0
WF-5-ZX68,497482.54,5405494.22,274.6156,0.855058,red,14.40,88.85,358.7359,4.00,0.0,308.0,30.0
WF-5-ZX69,497507.54,5405494.22,274.1835,0.852996,red,14.05,87.67,362.9639,4.00,0.0,308.0,30.0
WF-5-ZX70,497532.54,5405494.22,273.7252,0.850810,red,13.65,86.39,367.6944,4.00,0.0,308.0,30.0
WF-5-ZX71,497557.54,5405494.22,273.2554,0.848568,red,13.22,85.06,372.6434,4.00,0.0,308.0,30.0
WF-5-ZX72,497582.54,5405494.22,272.7857,0.846327,red,12.80,83.73,377.5923,4.00,0.0,308.0,30.0
WF-5-ZX73,497607.54,5405494.22,272.3233,0.844121,red,12.36,82.41,382.6419,4.00,0.0,308.0,30.0
WF-5-ZX74,497632.54,5405494.22,271.8609,0.841915,red,11.91,81.08,387.6917,4.00,0.0,308.0,30.0
WF-5-ZX75,497657.54,5405494.22,271.4377,0.839896,red,11.50,79.87,392.3318,4.00,0.0,308.0,30.0
WF-5-ZX76,497682.54,5405494.22,271.1066,0.838316,red,11.18,78.91,396.0094,4.00,0.0,308.0,30.0
WF-5-ZX77,497707.54,5405494.22,270.7755,0.836736,red,10.85,77.95,399.6870,4.00,0.0,308.0,30.0
WF-5-ZX78,497732.54,5405494.22,270.6155,0.835973,red,10.69,77.48,401.5182,4.00,0.0,308.0,30.0
WF-5-ZX79,497757.54,5405494.22,270.5698,0.835755,red,10.64,77.34,402.1153,4.00,0.0,308.0,30.0
WF-5-ZX80,497782.54,5405494.22,270.5242,0.835537,red,10.59,77.19,402.7123,4.00,0.0,308.0,30.0
WF-5-ZX81,497807.54,5405494.22,270.7549,0.836638,red,10.80,77.81,400.4437,4.00,0.0,308.0,30.0
WF-5-ZX82,497832.54,5405494.22,271.0162,0.837885,red,11.03,78.51,397.8572,4.00,0.0,308.0,30.0
WF-5-ZX83,497857.54,5405494.22,271.3103,0.839288,red,11.30,79.29,394.9805,4.00,0.0,308.0,30.0
WF-5-ZX84,497882.54,5405494.22,271.7345,0.841312,red,11.69,80.39,390.9499,4.00,0.0,308.0,30.0
WF-5-ZX85,497907.54,5405494.22,272.1586,0.843335,red,12.07,81.49,386.9193,4.00,0.0,308.0,30.0
WF-5-ZX86,497932.54,5405494.22,272.5953,0.845419,red,12.46,82.59,382.9632,4.00,0.0,308.0,30.0
WF-5-ZX87,497957.54,5405494.22,273.0444,0.847561,red,12.85,83.68,379.0812,4.00,0.0,308.0,30.0
WF-5-ZX88,497982.54,5405494.22,273.4935,0.849704,red,13.25,84.77,375.1991,4.00,0.0,308.0,30.0
WF-5-ZX89,498007.54,5405494.22,273.9286,0.851780,red,13.62,85.74,371.8726,4.00,0.0,308.0,30.0
WF-5-ZX90,498032.54,5405494.22,274.3604,0.853840,red,13.99,86.68,368.6827,4.00,0.0,308.0,30.0
WF-5-ZX91,498057.54,5405494.22,274.7921,0.855900,red,14.35,87.61,365.5612,4.00,0.0,308.0,30.0
WF-5-ZX92,498082.54,5405494.22,275.2236,0.857959,red,14.69,88.43,363.0331,4.00,0.0,308.0,30.0
WF-5-ZX93,498107.54,5405494.22,275.6552,0.860018,red,15.03,89.25,360.5051,4.00,0.0,308.0,30.0
WF-5-ZX94,498132.54,5405494.22,276.1004,0.862142,red,15.36,90.04,358.1906,4.00,0.0,308.0,30.0
WF-5-ZX95,498157.54,5405494.22,276.5659,0.864363,red,15.69,90.80,356.1911,4.00,0.0,308.0,30.0
WF-5-ZX96,498182.54,5405494.22,277.0313,0.866584,red,16.01,91.55,354.1915,4.00,0.0,308.0,30.0
WF-5-ZX97,498207.54,5405494.22,277.5460,0.869039,red,16.33,92.31,352.5066,4.00,0.0,308.0,30.0
WF-5-ZX98,498232.54,5405494.22,278.0813,0.871593,red,16.64,93.06,350.9535,4.00,0.0,308.0,30.0
WF-5-ZX99,498257.54,5405494.22,278.6172,0.874150,red,16.95,93.82,349.4027,4.00,0.0,308.0,30.0
WF-5-ZX100,498282.54,5405494.22,279.2588,0.877211,red,17.25,94.62,348.2749,4.00,0.0,308.0,30.0
WF-5-ZX101,498307.54,5405494.22,279.9003,0.880272,red,17.55,95.43,347.1470,4.00,0.0,308.0,30.0
WF-5-ZX102,498332.54,5405494.22,280.5864,0.883546,red,17.84,96.26,346.1566,4.00,0.0,308.0,30.0
WF-5-ZX103,498357.54,5405494.22,281.3734,0.887301,red,18.12,97.16,345.4772,4.00,0.0,308.0,30.0
WF-5-ZX104,498382.54,5405494.22,282.1604,0.891055,red,18.40,98.06,344.7979,4.00,0.0,308.0,30.0
WF-5-ZX105,498407.54,5405494.22,283.0616,0.895355,red,18.67,99.05,344.4245,4.00,0.0,308.0,30.0
WF-5-ZX106,498432.54,5405494.22,284.0366,0.900007,red,18.92,100.10,344.2491,4.00,0.0,308.0,30.0
WF-5-ZX107,498457.54,5405494.22,285.0117,0.904660,red,19.17,101.15,344.0737,4.00,0.0,308.0,30.0
WF-5-ZX108,498482.54,5405494.22,286.1955,0.910308,red,19.39,102.37,344.4257,4.00,0.0,308.0,30.0
WF-5-ZX109,498507.54,5405494.22,287.4005,0.916057,red,19.60,103.61,344.8313,4.00,0.0,308.0,30.0
WF-5-ZX110,498532.54,5405494.22,288.6584,0.922059,red,19.81,104.90,345.3731,4.00,0.0,308.0,30.0
WF-5-ZX111,498557.54,5405494.22,290.1170,0.929018,red,19.96,106.36,346.4318,4.00,0.0,308.0,30.0
WF-5-ZX112,498582.54,5405494.22,291.5755,0.935977,red,20.12,107.82,347.4905,4.00,0.0,308.0,30.0
WF-5-ZX113,498607.54,5405494.22,293.1449,0.943464,red,20.23,109.38,348.8803,4.00,0.0,308.0,30.0
WF-5-ZX114,498632.54,5405494.22,294.8209,0.951461,red,20.31,111.03,350.5890,4.00,0.0,308.0,30.0
WF-5-ZX115,498657.54,5405494.22,296.4969,0.959458,red,20.38,112.68,352.2976,4.00,0.0,308.0,30.0
WF-5-ZX116,498682.54,5405494.22,298.2144,0.967652,red,20.39,114.37,354.3574,4.00,0.0,308.0,30.0
WF-5-ZX117,498707.54,5405494.22,299.9415,0.975893,red,20.38,116.06,356.4993,4.00,0.0,308.0,30.0
