ID,X,Y,厚度Ti,弹模Ei,间距Hi,埋深Di,采高Mi,垮落角,面宽,煤柱宽
50-14,495394.96,5404813.13,7.00,25.0,100.13,299.7948,0.00,0.0,0.0,0.0
50-15,495558.87,5404339.03,10.70,25.0,94.97,203.8481,0.00,0.0,0.0,0.0
50-16,495724.71,5403865.27,67.88,25.0,62.11,178.5582,0.00,0.0,0.0,0.0
52-17,495869.64,5404980.28,13.79,18.2,76.60,290.7766,0.00,0.0,0.0,0.0
52-18,496022.31,5404502.09,10.80,25.0,118.00,229.7122,4.00,0.0,264.3,0.0
52-19,496166.57,5404015.05,12.20,25.0,91.45,192.8016,0.00,0.0,0.0,0.0
54-16,496497.74,5404659.17,7.30,25.0,115.48,231.9091,0.00,0.0,0.0,0.0
54-17,496655.46,5404184.68,31.63,25.0,88.85,244.4627,15.84,0.0,223.1,0.0
54-18,496814.18,5403710.73,23.18,25.0,95.83,163.4604,0.00,0.0,0.0,0.0
56-18,496675.16,5405766.01,31.36,25.0,73.01,367.9716,0.00,0.0,0.0,0.0
56-20,497136.01,5404331.36,42.30,25.0,153.69,96.3401,4.00,0.0,10.3,0.0
56-22,497291.62,5403856.01,23.99,25.0,194.58,131.9908,0.00,0.0,0.0,0.0
60-18,497934.73,5405121.27,7.78,25.0,85.04,393.3244,4.00,0.0,238.1,0.0
60-20,498232.97,5404152.17,21.95,25.0,90.75,248.8583,19.48,0.0,288.1,0.0
64-24,498879.63,5405400.98,19.68,25.0,126.49,372.1935,0.00,0.0,0.0,0.0
BK12-2,497464.39,5404959.31,14.60,25.0,101.83,356.8387,4.00,0.0,25.8,0.0
BK12-3,497621.50,5404458.17,47.71,25.0,62.24,311.5349,4.00,0.0,263.9,0.0
BK12-4,497754.00,5403998.03,12.19,25.0,62.66,284.3160,20.74,0.0,19.6,0.0
BK12-7,498083.15,5404638.49,19.18,25.0,46.22,388.7325,0.00,0.0,0.0,0.0
BK12-8,498378.44,5403689.89,12.27,25.0,49.23,273.1153,0.00,0.0,0.0,0.0
BK14-9,499027.94,5404918.19,47.18,25.0,119.97,317.0020,0.00,0.0,0.0,0.0
BK17-6,498782.26,5404074.31,33.91,25.0,41.61,284.1628,23.14,0.0,172.2,0.0
BK20-1,498695.79,5404381.00,7.95,25.0,28.60,326.3662,4.00,0.0,109.6,0.0
BK23-3,498046.92,5404790.11,11.42,25.0,111.04,349.5780,4.00,0.0,251.8,0.0
BK23-4,498616.54,5404670.77,23.33,25.0,134.90,305.1006,4.00,0.0,13.1,0.0
BK23-5,496173.39,5405602.25,9.65,25.0,164.54,200.2891,4.00,0.0,91.9,0.0
BK23-6,496830.86,5405285.47,8.21,25.0,123.58,338.9049,4.00,0.0,49.5,0.0
BK23-8,497760.29,5405592.22,9.27,25.0,73.25,417.5623,4.00,0.0,112.0,0.0
BND-1,495394.96,5403689.89,38.98,24.8,83.40,211.3800,0.00,0.0,0.0,0.0
BND-2,499027.94,5403689.89,22.85,25.0,69.48,286.6189,0.00,0.0,0.0,0.0
BND-3,499027.94,5405766.01,21.25,24.9,107.83,339.5717,0.00,0.0,0.0,0.0
BND-4,495394.96,5405766.01,16.48,24.2,108.07,267.2489,0.00,0.0,0.0,0.0
BJ1,495601.82,5404270.61,13.20,24.9,94.85,208.1438,0.00,0.0,0.0,0.0
BJ2,495603.05,5405808.91,16.14,24.3,113.23,264.2561,0.00,0.0,0.0,0.0
BJ3,496085.13,5404207.59,18.33,24.8,97.71,216.3403,0.00,0.0,0.0,0.0
BJ4,496085.13,5404272.58,17.57,24.8,101.72,223.3059,0.00,0.0,0.0,0.0
BJ5,496170.86,5403926.97,15.59,25.0,91.89,197.8029,0.00,0.0,0.0,0.0
BJ6,496177.63,5404207.59,18.02,24.8,97.68,216.1491,0.00,0.0,0.0,0.0
BJ7,498958.81,5405677.69,21.03,25.0,111.76,346.9132,0.00,0.0,0.0,0.0
BJ8,498958.81,5403926.11,26.88,25.0,57.97,288.6053,0.00,0.0,0.0,0.0
WF-1-LOC1,496227.86,5403988.22,13.82,25.0,92.00,196.0740,23.14,0.0,0.0,0.0
WF-1-LOC2,498908.18,5403988.22,29.41,25.0,51.45,287.5308,23.14,0.0,0.0,0.0
WF-1-LOC3,498908.18,5404296.22,19.77,25.0,55.76,306.7199,22.30,0.0,0.0,0.0
WF-1-LOC4,496227.86,5404296.22,18.22,24.8,101.97,226.3203,23.14,0.0,0.0,0.0
WF-2-LOC1,495652.73,5404326.22,12.85,24.9,95.58,209.8109,4.00,0.0,0.0,0.0
WF-2-LOC2,498908.18,5404326.22,18.74,25.0,56.24,309.0029,4.00,0.0,0.0,0.0
WF-2-LOC3,498908.18,5404634.22,24.69,25.0,95.43,312.7855,4.00,0.0,0.0,0.0
WF-2-LOC4,495652.73,5404634.22,13.64,24.1,99.11,252.0223,4.00,0.0,0.0,0.0
WF-3-LOC1,495653.00,5404664.22,13.41,24.0,98.76,256.6714,4.00,0.0,0.0,0.0
WF-3-LOC2,498908.18,5404664.22,26.14,25.0,98.92,313.1420,4.00,0.0,0.0,0.0
WF-3-LOC3,498908.18,5404972.22,39.90,25.0,114.89,319.1359,4.00,0.0,0.0,0.0
WF-3-LOC4,495653.00,5404972.22,13.27,21.6,90.51,279.7063,4.00,0.0,0.0,0.0
WF-4-LOC1,495653.27,5405002.22,13.44,21.5,90.28,279.6850,4.00,0.0,0.0,0.0
WF-4-LOC2,498908.18,5405002.22,38.53,25.0,114.18,320.3597,4.00,0.0,0.0,0.0
WF-4-LOC3,498908.18,5405310.22,20.98,25.0,122.40,363.6212,4.00,0.0,0.0,0.0
WF-4-LOC4,495653.27,5405310.22,14.83,23.0,102.30,268.8693,4.00,0.0,0.0,0.0
WF-5-LOC1,495653.54,5405340.22,14.92,23.2,103.87,267.6498,4.00,0.0,0.0,0.0
WF-5-LOC2,498869.67,5405340.22,20.08,25.0,124.85,369.0049,4.00,0.0,0.0,0.0
WF-5-LOC3,498869.67,5405648.22,20.73,25.0,113.32,350.5288,4.00,0.0,0.0,0.0
WF-5-LOC4,495653.54,5405648.22,15.45,24.1,114.98,260.4654,4.00,0.0,0.0,0.0
WF-1-BJ1,496252.91,5403988.22,14.80,25.0,92.51,198.4229,23.14,0.0,0.0,0.0
WF-1-BJ2,496277.96,5403988.22,15.91,24.9,93.09,201.0825,23.14,0.0,0.0,0.0
WF-1-BJ3,496303.01,5403988.22,17.01,24.9,93.68,203.7486,23.14,0.0,0.0,0.0
WF-1-BJ4,496328.06,5403988.22,18.11,24.9,94.34,206.4727,23.14,0.0,0.0,0.0
WF-1-BJ5,496353.11,5403988.22,19.21,24.9,94.99,209.1968,23.14,0.0,0.0,0.0
WF-1-BJ6,496378.16,5403988.22,20.23,24.9,95.58,211.6475,23.04,0.0,0.0,0.0
WF-1-BJ7,496403.21,5403988.22,21.13,24.9,96.08,213.7013,22.67,0.0,0.0,0.0
WF-1-BJ8,496428.26,5403988.22,22.03,24.9,96.57,215.7552,22.30,0.0,0.0,0.0
WF-1-BJ9,496453.31,5403988.22,22.79,24.9,96.92,217.2676,21.95,0.0,0.0,0.0
WF-1-BJ10,496478.36,5403988.22,23.48,24.9,97.20,218.5633,21.60,0.0,0.0,0.0
WF-1-BJ11,496503.41,5403988.22,24.17,24.9,97.48,219.8448,21.26,0.0,0.0,0.0
WF-1-BJ12,496528.46,5403988.22,24.66,24.9,97.66,220.4363,20.98,0.0,0.0,0.0
WF-1-BJ13,496553.51,5403988.22,25.16,24.9,97.83,221.0277,20.70,0.0,0.0,0.0
WF-1-BJ14,496578.56,5403988.22,25.58,24.9,98.04,221.3684,20.46,0.0,0.0,0.0
WF-1-BJ15,496603.61,5403988.22,25.86,24.9,98.32,221.1912,20.31,0.0,0.0,0.0
WF-1-BJ16,496628.66,5403988.22,26.14,24.9,98.60,221.0140,20.15,0.0,0.0,0.0
WF-1-BJ17,496653.71,5403988.22,26.29,24.9,99.09,220.2931,20.10,0.0,0.0,0.0
WF-1-BJ18,496678.76,5403988.22,26.37,24.9,99.70,219.2561,20.09,0.0,0.0,0.0
WF-1-BJ19,496703.81,5403988.22,26.45,24.9,100.31,218.2191,20.09,0.0,0.0,0.0
WF-1-BJ20,496728.86,5403988.22,26.41,24.9,101.32,216.5523,20.19,0.0,0.0,0.0
WF-1-BJ21,496753.91,5403988.22,26.37,24.9,102.37,214.8444,20.30,0.0,0.0,0.0
WF-1-BJ22,496778.96,5403988.22,26.32,24.9,103.52,213.0782,20.43,0.0,0.0,0.0
WF-1-BJ23,496804.01,5403988.22,26.27,24.9,105.00,211.1322,20.58,0.0,0.0,0.0
WF-1-BJ24,496829.06,5403988.22,26.21,24.9,106.49,209.1862,20.74,0.0,0.0,0.0
WF-1-BJ25,496854.11,5403988.22,26.17,24.9,108.23,207.2493,20.89,0.0,0.0,0.0
WF-1-BJ26,496879.16,5403988.22,26.16,24.9,110.19,205.3198,21.03,0.0,0.0,0.0
WF-1-BJ27,496904.21,5403988.22,26.14,24.9,112.14,203.3903,21.17,0.0,0.0,0.0
WF-1-BJ28,496929.26,5403988.22,26.15,24.9,114.55,201.4099,21.25,0.0,0.0,0.0
WF-1-BJ29,496954.31,5403988.22,26.16,24.9,117.05,199.4209,21.33,0.0,0.0,0.0
WF-1-BJ30,496979.36,5403988.22,26.17,24.9,119.64,197.3869,21.39,0.0,0.0,0.0
WF-1-BJ31,497004.41,5403988.22,26.17,24.9,122.74,195.1222,21.37,0.0,0.0,0.0
WF-1-BJ32,497029.46,5403988.22,26.16,24.9,125.85,192.8574,21.34,0.0,0.0,0.0
WF-1-BJ33,497054.51,5403988.22,26.12,24.9,129.26,190.3815,21.24,0.0,0.0,0.0
WF-1-BJ34,497079.55,5403988.22,26.04,24.9,133.00,187.6667,21.07,0.0,0.0,0.0
WF-1-BJ35,497104.60,5403988.22,25.96,24.9,136.75,184.9519,20.90,0.0,0.0,0.0
WF-1-BJ36,497129.65,5403988.22,25.83,25.0,140.76,181.9807,20.63,0.0,0.0,0.0
WF-1-BJ37,497154.70,5403988.22,25.67,25.0,144.85,178.9351,20.34,0.0,0.0,0.0
WF-1-BJ38,497179.75,5403988.22,25.52,25.0,148.86,175.9509,20.05,0.0,0.0,0.0
WF-1-BJ39,497204.80,5403988.22,25.34,25.0,152.02,173.6562,19.77,0.0,0.0,0.0
WF-1-BJ40,497229.85,5403988.22,25.17,25.0,155.19,171.3615,19.49,0.0,0.0,0.0
WF-1-BJ41,497254.90,5403988.22,25.01,25.0,157.17,170.2309,19.29,0.0,0.0,0.0
WF-1-BJ42,497279.95,5403988.22,24.87,25.0,157.29,170.9384,19.21,0.0,0.0,0.0
WF-1-BJ43,497305.00,5403988.22,24.72,25.0,157.42,171.6458,19.13,0.0,0.0,0.0
WF-1-BJ44,497330.05,5403988.22,24.56,25.0,154.80,175.3671,19.23,0.0,0.0,0.0
WF-1-BJ45,497355.10,5403988.22,24.38,25.0,150.98,180.4181,19.40,0.0,0.0,0.0
WF-1-BJ46,497380.15,5403988.22,24.21,25.0,147.15,185.4691,19.57,0.0,0.0,0.0
WF-1-BJ47,497405.20,5403988.22,23.85,25.0,140.74,193.6180,19.83,0.0,0.0,0.0
WF-1-BJ48,497430.25,5403988.22,23.49,25.0,134.33,201.7669,20.09,0.0,0.0,0.0
WF-1-BJ49,497455.30,5403988.22,23.04,25.0,127.66,210.2016,20.34,0.0,0.0,0.0
WF-1-BJ50,497480.35,5403988.22,22.38,25.0,120.42,219.2842,20.54,0.0,0.0,0.0
WF-1-BJ51,497505.40,5403988.22,21.72,25.0,113.18,228.3669,20.74,0.0,0.0,0.0
WF-1-BJ52,497530.45,5403988.22,20.83,25.0,106.02,237.0920,20.87,0.0,0.0,0.0
WF-1-BJ53,497555.50,5403988.22,19.81,25.0,98.91,245.5909,20.95,0.0,0.0,0.0
WF-1-BJ54,497580.55,5403988.22,18.78,25.0,91.79,254.0897,21.03,0.0,0.0,0.0
WF-1-BJ55,497605.60,5403988.22,17.52,25.0,85.47,261.0294,21.01,0.0,0.0,0.0
WF-1-BJ56,497630.65,5403988.22,16.23,25.0,79.21,267.8306,20.98,0.0,0.0,0.0
WF-1-BJ57,497655.70,5403988.22,15.00,25.0,73.46,273.9578,20.94,0.0,0.0,0.0
WF-1-BJ58,497680.75,5403988.22,13.97,25.0,69.50,277.7578,20.87,0.0,0.0,0.0
WF-1-BJ59,497705.80,5403988.22,12.94,25.0,65.54,281.5577,20.80,0.0,0.0,0.0
WF-1-BJ60,497730.85,5403988.22,12.43,25.0,63.54,283.4956,20.76,0.0,0.0,0.0
WF-1-BJ61,497755.90,5403988.22,12.37,25.0,63.26,283.7872,20.76,0.0,0.0,0.0
WF-1-BJ62,497780.95,5403988.22,12.31,25.0,62.99,284.0787,20.75,0.0,0.0,0.0
WF-1-BJ63,497806.00,5403988.22,12.98,25.0,64.80,282.8932,20.81,0.0,0.0,0.0
WF-1-BJ64,497831.05,5403988.22,13.80,25.0,67.02,281.4197,20.89,0.0,0.0,0.0
WF-1-BJ65,497856.10,5403988.22,14.63,25.0,69.25,279.9619,20.96,0.0,0.0,0.0
WF-1-BJ66,497881.15,5403988.22,15.57,25.0,71.53,278.5976,21.02,0.0,0.0,0.0
WF-1-BJ67,497906.20,5403988.22,16.50,25.0,73.81,277.2333,21.09,0.0,0.0,0.0
WF-1-BJ68,497931.25,5403988.22,17.32,25.0,75.71,276.0478,21.12,0.0,0.0,0.0
WF-1-BJ69,497956.30,5403988.22,17.97,25.0,77.13,275.0816,21.12,0.0,0.0,0.0
WF-1-BJ70,497981.35,5403988.22,18.63,25.0,78.55,274.1154,21.12,0.0,0.0,0.0
WF-1-BJ71,498006.39,5403988.22,19.08,25.0,79.44,273.1910,21.08,0.0,0.0,0.0
WF-1-BJ72,498031.44,5403988.22,19.46,25.0,80.16,272.2802,21.02,0.0,0.0,0.0
WF-1-BJ73,498056.49,5403988.22,19.83,25.0,80.86,271.3655,20.97,0.0,0.0,0.0
WF-1-BJ74,498081.54,5403988.22,20.04,25.0,81.19,270.3908,20.88,0.0,0.0,0.0
WF-1-BJ75,498106.59,5403988.22,20.24,25.0,81.53,269.4161,20.79,0.0,0.0,0.0
WF-1-BJ76,498131.64,5403988.22,20.40,25.0,81.75,268.5416,20.71,0.0,0.0,0.0
WF-1-BJ77,498156.69,5403988.22,20.49,25.0,81.79,267.8392,20.64,0.0,0.0,0.0
WF-1-BJ78,498181.74,5403988.22,20.59,25.0,81.82,267.1369,20.56,0.0,0.0,0.0
WF-1-BJ79,498206.79,5403988.22,20.63,25.0,81.54,266.9966,20.53,0.0,0.0,0.0
WF-1-BJ80,498231.84,5403988.22,20.65,25.0,81.12,267.1285,20.51,0.0,0.0,0.0
WF-1-BJ81,498256.89,5403988.22,20.66,25.0,80.69,267.2603,20.50,0.0,0.0,0.0
WF-1-BJ82,498281.94,5403988.22,20.65,25.0,79.72,268.3558,20.55,0.0,0.0,0.0
WF-1-BJ83,498306.99,5403988.22,20.64,25.0,78.73,269.4711,20.60,0.0,0.0,0.0
WF-1-BJ84,498332.04,5403988.22,20.65,25.0,77.62,270.7367,20.67,0.0,0.0,0.0
WF-1-BJ85,498357.09,5403988.22,20.70,25.0,76.24,272.3774,20.78,0.0,0.0,0.0
WF-1-BJ86,498382.14,5403988.22,20.76,25.0,74.85,274.0180,20.90,0.0,0.0,0.0
WF-1-BJ87,498407.19,5403988.22,20.92,25.0,73.35,275.6601,21.04,0.0,0.0,0.0
WF-1-BJ88,498432.24,5403988.22,21.16,25.0,71.76,277.3031,21.21,0.0,0.0,0.0
WF-1-BJ89,498457.29,5403988.22,21.39,25.0,70.18,278.9461,21.38,0.0,0.0,0.0
WF-1-BJ90,498482.34,5403988.22,21.87,25.0,68.41,280.3244,21.61,0.0,0.0,0.0
WF-1-BJ91,498507.39,5403988.22,22.38,25.0,66.62,281.6727,21.84,0.0,0.0,0.0
WF-1-BJ92,498532.44,5403988.22,22.96,25.0,64.77,282.9222,22.09,0.0,0.0,0.0
WF-1-BJ93,498557.49,5403988.22,23.80,25.0,62.66,283.7871,22.39,0.0,0.0,0.0
WF-1-BJ94,498582.54,5403988.22,24.65,25.0,60.55,284.6519,22.69,0.0,0.0,0.0
WF-1-BJ95,498607.59,5403988.22,25.63,25.0,58.32,285.2118,23.01,0.0,0.0,0.0
WF-1-BJ96,498632.64,5403988.22,26.75,25.0,55.97,285.4794,23.14,0.0,0.0,0.0
WF-1-BJ97,498657.69,5403988.22,27.86,25.0,53.62,285.7469,23.14,0.0,0.0,0.0
WF-1-BJ98,498682.74,5403988.22,28.89,25.0,51.59,285.6690,23.14,0.0,0.0,0.0
WF-1-BJ99,498707.79,5403988.22,29.89,25.0,49.63,285.5135,23.14,0.0,0.0,0.0
WF-1-BJ100,498732.84,5403988.22,30.82,25.0,47.84,285.3721,23.14,0.0,0.0,0.0
WF-1-BJ101,498757.89,5403988.22,31.15,25.0,47.23,285.3308,23.14,0.0,0.0,0.0
WF-1-BJ102,498782.94,5403988.22,31.49,25.0,46.62,285.2894,23.14,0.0,0.0,0.0
WF-1-BJ103,498807.99,5403988.22,31.51,25.0,46.65,285.4398,23.14,0.0,0.0,0.0
WF-1-BJ104,498833.04,5403988.22,31.11,25.0,47.53,285.8452,23.14,0.0,0.0,0.0
WF-1-BJ105,498858.09,5403988.22,30.71,25.0,48.41,286.2507,23.14,0.0,0.0,0.0
WF-1-BJ106,498883.14,5403988.22,30.10,25.0,49.83,286.8549,23.14,0.0,0.0,0.0
WF-1-BJ107,498908.18,5404013.88,29.95,25.0,50.08,287.4853,23.14,0.0,0.0,0.0
WF-1-BJ108,498908.18,5404039.55,30.29,25.0,49.14,287.5189,23.14,0.0,0.0,0.0
WF-1-BJ109,498908.18,5404065.22,30.49,25.0,48.44,287.6874,23.14,0.0,0.0,0.0
WF-1-BJ110,498908.18,5404090.88,30.06,25.0,48.85,288.4885,23.14,0.0,0.0,0.0
WF-1-BJ111,498908.18,5404116.55,29.64,25.0,49.26,289.2895,23.14,0.0,0.0,0.0
WF-1-BJ112,498908.18,5404142.22,28.46,25.0,50.51,291.1859,23.14,0.0,0.0,0.0
WF-1-BJ113,498908.18,5404167.88,27.21,25.0,51.84,293.1837,23.14,0.0,0.0,0.0
WF-1-BJ114,498908.18,5404193.55,25.72,25.0,53.02,295.7176,23.14,0.0,0.0,0.0
WF-1-BJ115,498908.18,5404219.22,24.10,25.0,54.12,298.5343,23.14,0.0,0.0,0.0
WF-1-BJ116,498908.18,5404244.88,22.56,25.0,54.95,301.3250,22.87,0.0,0.0,0.0
WF-1-BJ117,498908.18,5404270.55,21.13,25.0,55.35,304.0757,22.58,0.0,0.0,0.0
WF-1-BJ118,498883.14,5404296.22,19.02,25.0,53.51,307.8309,22.18,0.0,0.0,0.0
WF-1-BJ119,498858.09,5404296.22,18.17,25.0,51.16,309.1175,22.04,0.0,0.0,0.0
WF-1-BJ120,498833.04,5404296.22,17.04,25.0,48.50,310.8913,21.86,0.0,0.0,0.0
WF-1-BJ121,498807.99,5404296.22,15.91,25.0,45.85,312.6652,21.68,0.0,0.0,0.0
WF-1-BJ122,498782.94,5404296.22,14.81,25.0,43.40,314.4174,21.50,0.0,0.0,0.0
WF-1-BJ123,498757.89,5404296.22,13.72,25.0,41.12,316.1533,21.32,0.0,0.0,0.0
WF-1-BJ124,498732.84,5404296.22,12.64,25.0,38.84,317.8892,21.14,0.0,0.0,0.0
WF-1-BJ125,498707.79,5404296.22,12.42,25.0,38.83,318.0960,21.09,0.0,0.0,0.0
WF-1-BJ126,498682.74,5404296.22,12.32,25.0,39.14,318.0887,21.05,0.0,0.0,0.0
WF-1-BJ127,498657.69,5404296.22,12.40,25.0,40.01,317.7184,21.05,0.0,0.0,0.0
WF-1-BJ128,498632.64,5404296.22,13.26,25.0,43.40,315.7311,21.14,0.0,0.0,0.0
WF-1-BJ129,498607.59,5404296.22,14.12,25.0,46.78,313.7438,21.23,0.0,0.0,0.0
WF-1-BJ130,498582.54,5404296.22,15.02,25.0,50.59,311.4142,21.32,0.0,0.0,0.0
WF-1-BJ131,498557.49,5404296.22,15.98,25.0,54.84,308.7276,21.39,0.0,0.0,0.0
WF-1-BJ132,498532.44,5404296.22,16.94,25.0,59.10,306.0410,21.46,0.0,0.0,0.0
WF-1-BJ133,498507.39,5404296.22,17.68,25.0,62.81,303.2841,21.47,0.0,0.0,0.0
WF-1-BJ134,498482.34,5404296.22,18.36,25.0,66.38,300.5091,21.47,0.0,0.0,0.0
WF-1-BJ135,498457.29,5404296.22,19.02,25.0,69.86,297.7274,21.46,0.0,0.0,0.0
WF-1-BJ136,498432.24,5404296.22,19.44,25.0,72.44,294.8866,21.39,0.0,0.0,0.0
WF-1-BJ137,498407.19,5404296.22,19.87,25.0,75.02,292.0458,21.31,0.0,0.0,0.0
WF-1-BJ138,498382.14,5404296.22,20.23,25.0,77.24,289.2694,21.23,0.0,0.0,0.0
WF-1-BJ139,498357.09,5404296.22,20.48,25.0,78.94,286.5868,21.13,0.0,0.0,0.0
WF-1-BJ140,498332.04,5404296.22,20.74,25.0,80.64,283.9041,21.02,0.0,0.0,0.0
WF-1-BJ141,498306.99,5404296.22,20.92,25.0,81.77,281.9493,20.94,0.0,0.0,0.0
WF-1-BJ142,498281.94,5404296.22,21.06,25.0,82.67,280.2860,20.87,0.0,0.0,0.0
WF-1-BJ143,498256.89,5404296.22,21.20,25.0,83.55,278.6617,20.80,0.0,0.0,0.0
WF-1-BJ144,498231.84,5404296.22,21.28,25.0,83.73,278.9305,20.81,0.0,0.0,0.0
WF-1-BJ145,498206.79,5404296.22,21.35,25.0,83.91,279.1993,20.83,0.0,0.0,0.0
WF-1-BJ146,498181.74,5404296.22,21.42,25.0,83.95,279.9654,20.87,0.0,0.0,0.0
WF-1-BJ147,498156.69,5404296.22,21.49,25.0,83.68,281.7585,20.96,0.0,0.0,0.0
WF-1-BJ148,498131.64,5404296.22,21.56,25.0,83.42,283.5516,21.05,0.0,0.0,0.0
WF-1-BJ149,498106.59,5404296.22,21.68,25.0,83.10,285.4139,21.16,0.0,0.0,0.0
WF-1-BJ150,498081.54,5404296.22,21.82,25.0,82.75,287.3163,21.28,0.0,0.0,0.0
WF-1-BJ151,498056.49,5404296.22,21.96,25.0,82.40,289.2186,21.40,0.0,0.0,0.0
WF-1-BJ152,498031.44,5404296.22,22.21,25.0,82.14,290.3654,21.50,0.0,0.0,0.0
WF-1-BJ153,498006.39,5404296.22,22.48,25.0,81.89,291.4627,21.61,0.0,0.0,0.0
WF-1-BJ154,497981.35,5404296.22,22.79,25.0,81.66,292.3451,21.70,0.0,0.0,0.0
WF-1-BJ155,497956.30,5404296.22,23.23,25.0,81.49,292.5643,21.78,0.0,0.0,0.0
WF-1-BJ156,497931.25,5404296.22,23.67,25.0,81.33,292.7835,21.85,0.0,0.0,0.0
WF-1-BJ157,497906.20,5404296.22,24.23,25.0,81.16,292.7050,21.91,0.0,0.0,0.0
WF-1-BJ158,497881.15,5404296.22,24.89,25.0,81.00,292.3838,21.94,0.0,0.0,0.0
WF-1-BJ159,497856.10,5404296.22,25.56,25.0,80.84,292.0626,21.98,0.0,0.0,0.0
WF-1-BJ160,497831.05,5404296.22,26.43,25.0,80.63,291.6001,21.99,0.0,0.0,0.0
WF-1-BJ161,497806.00,5404296.22,27.33,25.0,80.42,291.1140,22.00,0.0,0.0,0.0
WF-1-BJ162,497780.95,5404296.22,28.26,25.0,80.21,290.6245,22.00,0.0,0.0,0.0
WF-1-BJ163,497755.90,5404296.22,29.30,25.0,80.00,290.1179,21.98,0.0,0.0,0.0
WF-1-BJ164,497730.85,5404296.22,30.34,25.0,79.79,289.6113,21.96,0.0,0.0,0.0
WF-1-BJ165,497705.80,5404296.22,31.27,25.0,79.75,288.9103,21.96,0.0,0.0,0.0
WF-1-BJ166,497680.75,5404296.22,32.08,25.0,79.90,287.9893,21.96,0.0,0.0,0.0
WF-1-BJ167,497655.70,5404296.22,32.90,25.0,80.04,287.0683,21.96,0.0,0.0,0.0
WF-1-BJ168,497630.65,5404296.22,33.26,25.0,80.92,285.0546,22.03,0.0,0.0,0.0
WF-1-BJ169,497605.60,5404296.22,33.49,25.0,82.00,282.7244,22.12,0.0,0.0,0.0
WF-1-BJ170,497580.55,5404296.22,33.68,25.0,83.20,280.2037,22.22,0.0,0.0,0.0
WF-1-BJ171,497555.50,5404296.22,33.41,25.0,85.57,275.5376,22.43,0.0,0.0,0.0
WF-1-BJ172,497530.45,5404296.22,33.14,25.0,87.94,270.8716,22.63,0.0,0.0,0.0
WF-1-BJ173,497505.40,5404296.22,32.86,25.0,90.74,265.1612,22.88,0.0,0.0,0.0
WF-1-BJ174,497480.35,5404296.22,32.57,25.0,94.23,257.8014,23.14,0.0,0.0,0.0
WF-1-BJ175,497455.30,5404296.22,32.27,25.0,97.71,250.4416,23.14,0.0,0.0,0.0
WF-1-BJ176,497430.25,5404296.22,32.23,25.0,101.79,241.0564,23.14,0.0,0.0,0.0
WF-1-BJ177,497405.20,5404296.22,32.32,25.0,106.12,230.7775,23.14,0.0,0.0,0.0
WF-1-BJ178,497380.15,5404296.22,32.40,25.0,110.45,220.4985,23.14,0.0,0.0,0.0
WF-1-BJ179,497355.10,5404296.22,33.10,25.0,115.55,206.9128,23.14,0.0,0.0,0.0
WF-1-BJ180,497330.05,5404296.22,33.80,25.0,120.64,193.3271,23.14,0.0,0.0,0.0
WF-1-BJ181,497305.00,5404296.22,34.70,25.0,125.89,178.9313,23.14,0.0,0.0,0.0
WF-1-BJ182,497279.95,5404296.22,36.03,25.0,131.48,162.6994,23.14,0.0,0.0,0.0
WF-1-BJ183,497254.90,5404296.22,37.36,25.0,137.07,146.4674,23.14,0.0,0.0,0.0
WF-1-BJ184,497229.85,5404296.22,38.70,25.0,142.01,131.7953,23.14,0.0,0.0,0.0
WF-1-BJ185,497204.80,5404296.22,40.07,25.0,146.53,118.1111,23.14,0.0,0.0,0.0
WF-1-BJ186,497179.75,5404296.22,41.43,25.0,151.05,104.4269,23.14,0.0,0.0,0.0
WF-1-BJ187,497154.70,5404296.22,41.71,25.0,151.98,101.5741,23.14,0.0,0.0,0.0
WF-1-BJ188,497129.65,5404296.22,41.89,25.0,152.59,99.6838,23.14,0.0,0.0,0.0
WF-1-BJ189,497104.60,5404296.22,41.75,25.0,152.26,100.5754,23.14,0.0,0.0,0.0
WF-1-BJ190,497079.55,5404296.22,40.49,25.0,148.70,111.0750,23.14,0.0,0.0,0.0
WF-1-BJ191,497054.51,5404296.22,39.22,25.0,145.14,121.5745,23.14,0.0,0.0,0.0
WF-1-BJ192,497029.46,5404296.22,37.74,25.0,140.86,133.7820,23.14,0.0,0.0,0.0
WF-1-BJ193,497004.41,5404296.22,36.07,25.0,135.96,147.5000,23.14,0.0,0.0,0.0
WF-1-BJ194,496979.36,5404296.22,34.41,24.9,131.05,161.2180,23.14,0.0,0.0,0.0
WF-1-BJ195,496954.31,5404296.22,33.06,24.9,126.58,172.7570,23.14,0.0,0.0,0.0
WF-1-BJ196,496929.26,5404296.22,31.78,24.9,122.20,183.8711,23.14,0.0,0.0,0.0
WF-1-BJ197,496904.21,5404296.22,30.59,24.9,117.94,194.4989,23.14,0.0,0.0,0.0
WF-1-BJ198,496879.16,5404296.22,29.89,24.9,114.43,202.2117,23.14,0.0,0.0,0.0
WF-1-BJ199,496854.11,5404296.22,29.19,24.9,110.92,209.9244,22.75,0.0,0.0,0.0
WF-1-BJ200,496829.06,5404296.22,28.73,24.9,107.76,216.4123,22.01,0.0,0.0,0.0
WF-1-BJ201,496804.01,5404296.22,28.55,24.9,105.06,221.3974,21.30,0.0,0.0,0.0
WF-1-BJ202,496778.96,5404296.22,28.36,24.9,102.35,226.3826,20.59,0.0,0.0,0.0
WF-1-BJ203,496753.91,5404296.22,28.38,24.9,100.35,229.7118,20.01,0.0,0.0,0.0
WF-1-BJ204,496728.86,5404296.22,28.47,24.9,98.58,232.5043,19.49,0.0,0.0,0.0
WF-1-BJ205,496703.81,5404296.22,28.54,24.9,96.88,235.1825,18.98,0.0,0.0,0.0
WF-1-BJ206,496678.76,5404296.22,28.46,24.9,96.30,236.1106,18.84,0.0,0.0,0.0
WF-1-BJ207,496653.71,5404296.22,28.37,24.9,95.71,237.0387,18.69,0.0,0.0,0.0
WF-1-BJ208,496628.66,5404296.22,28.12,24.9,95.50,237.5012,18.70,0.0,0.0,0.0
WF-1-BJ209,496603.61,5404296.22,27.58,24.9,95.91,237.1623,18.97,0.0,0.0,0.0
WF-1-BJ210,496578.56,5404296.22,27.05,24.9,96.32,236.8235,19.24,0.0,0.0,0.0
WF-1-BJ211,496553.51,5404296.22,26.32,24.9,96.94,236.1514,19.63,0.0,0.0,0.0
WF-1-BJ212,496528.46,5404296.22,25.50,24.9,97.67,235.3178,20.08,0.0,0.0,0.0
WF-1-BJ213,496503.41,5404296.22,24.68,24.9,98.40,234.4843,20.53,0.0,0.0,0.0
WF-1-BJ214,496478.36,5404296.22,23.87,24.9,98.98,233.5947,20.95,0.0,0.0,0.0
WF-1-BJ215,496453.31,5404296.22,23.06,24.8,99.56,232.7038,21.36,0.0,0.0,0.0
WF-1-BJ216,496428.26,5404296.22,22.29,24.8,100.06,231.8293,21.75,0.0,0.0,0.0
WF-1-BJ217,496403.21,5404296.22,21.62,24.8,100.40,230.9953,22.06,0.0,0.0,0.0
WF-1-BJ218,496378.16,5404296.22,20.96,24.8,100.74,230.1613,22.37,0.0,0.0,0.0
WF-1-BJ219,496353.11,5404296.22,20.39,24.8,100.99,229.3879,22.62,0.0,0.0,0.0
WF-1-BJ220,496328.06,5404296.22,19.88,24.8,101.19,228.6564,22.83,0.0,0.0,0.0
WF-1-BJ221,496303.01,5404296.22,19.37,24.8,101.39,227.9248,23.03,0.0,0.0,0.0
WF-1-BJ222,496277.96,5404296.22,18.97,24.8,101.58,227.3598,23.14,0.0,0.0,0.0
WF-1-BJ223,496252.91,5404296.22,18.59,24.8,101.77,226.8136,23.14,0.0,0.0,0.0
WF-1-BJ224,496227.86,5404270.55,18.44,24.8,100.75,224.0456,23.14,0.0,0.0,0.0
WF-1-BJ225,496227.86,5404244.88,18.62,24.8,99.54,221.6746,23.14,0.0,0.0,0.0
WF-1-BJ226,496227.86,5404219.22,18.52,24.8,98.35,218.8001,23.14,0.0,0.0,0.0
WF-1-BJ227,496227.86,5404193.55,18.25,24.9,97.18,215.5981,23.14,0.0,0.0,0.0
WF-1-BJ228,496227.86,5404167.88,17.80,24.9,96.05,212.1860,23.14,0.0,0.0,0.0
WF-1-BJ229,496227.86,5404142.22,17.00,24.9,95.00,208.3756,23.14,0.0,0.0,0.0
WF-1-BJ230,496227.86,5404116.55,16.19,24.9,93.97,204.6118,23.14,0.0,0.0,0.0
WF-1-BJ231,496227.86,5404090.88,15.21,24.9,93.24,201.3520,23.14,0.0,0.0,0.0
WF-1-BJ232,496227.86,5404065.22,14.23,25.0,92.50,198.0922,23.14,0.0,0.0,0.0
WF-1-BJ233,496227.86,5404039.55,13.80,25.0,92.19,196.7158,23.14,0.0,0.0,0.0
WF-1-BJ234,496227.86,5404013.88,13.50,25.0,91.99,195.7415,23.14,0.0,0.0,0.0
WF-2-BJ1,495677.77,5404326.22,13.72,24.9,95.94,212.2737,4.00,0.0,0.0,0.0
WF-2-BJ2,495702.81,5404326.22,14.54,24.8,96.41,214.6693,4.00,0.0,0.0,0.0
WF-2-BJ3,495727.85,5404326.22,15.25,24.8,97.08,216.9584,4.00,0.0,0.0,0.0
WF-2-BJ4,495752.89,5404326.22,15.97,24.8,97.74,219.2475,4.00,0.0,0.0,0.0
WF-2-BJ5,495777.94,5404326.22,16.39,24.8,98.57,220.9839,4.00,0.0,0.0,0.0
WF-2-BJ6,495802.98,5404326.22,16.66,24.7,99.47,222.4737,4.00,0.0,0.0,0.0
WF-2-BJ7,495828.02,5404326.22,16.94,24.7,100.38,223.9635,4.00,0.0,0.0,0.0
WF-2-BJ8,495853.06,5404326.22,16.86,24.7,101.35,224.7546,4.00,0.0,0.0,0.0
WF-2-BJ9,495878.10,5404326.22,16.78,24.7,102.32,225.5435,4.00,0.0,0.0,0.0
WF-2-BJ10,495903.15,5404326.22,16.66,24.7,103.24,226.1978,4.00,0.0,0.0,0.0
WF-2-BJ11,495928.19,5404326.22,16.46,24.8,104.02,226.5414,4.00,0.0,0.0,0.0
WF-2-BJ12,495953.23,5404326.22,16.25,24.8,104.80,226.8851,4.00,0.0,0.0,0.0
WF-2-BJ13,495978.27,5404326.22,16.11,24.8,105.31,227.0852,4.00,0.0,0.0,0.0
WF-2-BJ14,496003.31,5404326.22,16.01,24.8,105.64,227.1926,4.00,0.0,0.0,0.0
WF-2-BJ15,496028.36,5404326.22,15.91,24.8,105.97,227.3000,4.00,0.0,0.0,0.0
WF-2-BJ16,496053.40,5404326.22,16.00,24.8,105.84,227.3331,4.00,0.0,0.0,0.0
WF-2-BJ17,496078.44,5404326.22,16.10,24.8,105.66,227.3590,4.00,0.0,0.0,0.0
WF-2-BJ18,496103.48,5404326.22,16.24,24.8,105.43,227.3980,4.00,0.0,0.0,0.0
WF-2-BJ19,496128.52,5404326.22,16.49,24.8,105.01,227.4841,4.00,0.0,0.0,0.0
WF-2-BJ20,496153.57,5404326.22,16.74,24.8,104.58,227.5701,4.00,0.0,0.0,0.0
WF-2-BJ21,496178.61,5404326.22,17.04,24.8,104.17,227.7452,4.00,0.0,0.0,0.0
WF-2-BJ22,496203.65,5404326.22,17.37,24.8,103.77,228.0014,4.00,0.0,0.0,0.0
WF-2-BJ23,496228.69,5404326.22,17.70,24.8,103.37,228.2576,4.00,0.0,0.0,0.0
WF-2-BJ24,496253.73,5404326.22,18.08,24.8,103.07,228.6699,4.00,0.0,0.0,0.0
WF-2-BJ25,496278.78,5404326.22,18.46,24.8,102.79,229.1144,4.00,0.0,0.0,0.0
WF-2-BJ26,496303.82,5404326.22,18.86,24.8,102.52,229.5757,4.00,0.0,0.0,0.0
WF-2-BJ27,496328.86,5404326.22,19.32,24.8,102.30,230.1455,4.00,0.0,0.0,0.0
WF-2-BJ28,496353.90,5404326.22,19.79,24.8,102.08,230.7154,4.00,0.0,0.0,0.0
WF-2-BJ29,496378.94,5404326.22,20.30,24.8,101.83,231.3072,4.00,0.0,0.0,0.0
WF-2-BJ30,496403.99,5404326.22,20.88,24.8,101.54,231.9273,4.00,0.0,0.0,0.0
WF-2-BJ31,496429.03,5404326.22,21.46,24.8,101.25,232.5474,4.00,0.0,0.0,0.0
WF-2-BJ32,496454.07,5404326.22,22.13,24.8,100.84,233.1639,4.00,0.0,0.0,0.0
WF-2-BJ33,496479.11,5404326.22,22.82,24.8,100.40,233.7792,4.00,0.0,0.0,0.0
WF-2-BJ34,496504.15,5404326.22,23.52,24.9,99.95,234.3887,4.00,0.0,0.0,0.0
WF-2-BJ35,496529.20,5404326.22,24.24,24.9,99.43,234.8862,4.00,0.0,0.0,0.0
WF-2-BJ36,496554.24,5404326.22,24.96,24.9,98.91,235.3838,4.00,0.0,0.0,0.0
WF-2-BJ37,496579.28,5404326.22,25.60,24.9,98.50,235.7177,4.00,0.0,0.0,0.0
WF-2-BJ38,496604.32,5404326.22,26.12,24.9,98.27,235.7547,4.00,0.0,0.0,0.0
WF-2-BJ39,496629.36,5404326.22,26.63,24.9,98.05,235.7917,4.00,0.0,0.0,0.0
WF-2-BJ40,496654.41,5404326.22,26.94,24.9,98.35,235.1332,4.00,0.0,0.0,0.0
WF-2-BJ41,496679.45,5404326.22,27.13,24.9,98.92,234.1172,4.00,0.0,0.0,0.0
WF-2-BJ42,496704.49,5404326.22,27.33,24.9,99.49,233.1012,4.00,0.0,0.0,0.0
WF-2-BJ43,496729.53,5404326.22,27.42,24.9,101.01,230.5236,4.00,0.0,0.0,0.0
WF-2-BJ44,496754.57,5404326.22,27.51,24.9,102.56,227.8907,4.00,0.0,0.0,0.0
WF-2-BJ45,496779.62,5404326.22,27.67,24.9,104.36,224.6844,4.00,0.0,0.0,0.0
WF-2-BJ46,496804.66,5404326.22,27.99,24.9,106.79,219.9368,4.00,0.0,0.0,0.0
WF-2-BJ47,496829.70,5404326.22,28.32,24.9,109.23,215.1891,4.00,0.0,0.0,0.0
WF-2-BJ48,496854.74,5404326.22,28.92,24.9,112.18,208.8075,4.00,0.0,0.0,0.0
WF-2-BJ49,496879.78,5404326.22,29.71,24.9,115.49,201.2251,4.00,0.0,0.0,0.0
WF-2-BJ50,496904.83,5404326.22,30.51,24.9,118.80,193.6427,4.00,0.0,0.0,0.0
WF-2-BJ51,496929.87,5404326.22,31.79,24.9,122.99,182.8515,4.00,0.0,0.0,0.0
WF-2-BJ52,496954.91,5404326.22,33.14,24.9,127.30,171.6298,4.00,0.0,0.0,0.0
WF-2-BJ53,496979.95,5404326.22,34.57,24.9,131.73,159.8658,4.00,0.0,0.0,0.0
WF-2-BJ54,497004.99,5404326.22,36.30,25.0,136.70,145.7443,4.00,0.0,0.0,0.0
WF-2-BJ55,497030.04,5404326.22,38.03,25.0,141.68,131.6229,4.00,0.0,0.0,0.0
WF-2-BJ56,497055.08,5404326.22,39.55,25.0,146.02,119.0510,4.00,0.0,0.0,0.0
WF-2-BJ57,497080.12,5404326.22,40.86,25.0,149.72,108.0767,4.00,0.0,0.0,0.0
WF-2-BJ58,497105.16,5404326.22,42.17,25.0,153.41,97.1025,4.00,0.0,0.0,0.0
WF-2-BJ59,497130.20,5404326.22,42.28,25.0,153.65,96.4453,4.00,0.0,0.0,0.0
WF-2-BJ60,497155.25,5404326.22,42.09,25.0,153.01,98.4052,4.00,0.0,0.0,0.0
WF-2-BJ61,497180.29,5404326.22,41.77,25.0,151.95,101.6519,4.00,0.0,0.0,0.0
WF-2-BJ62,497205.33,5404326.22,40.38,25.0,147.14,116.1088,4.00,0.0,0.0,0.0
WF-2-BJ63,497230.37,5404326.22,38.98,25.0,142.34,130.5657,4.00,0.0,0.0,0.0
WF-2-BJ64,497255.41,5404326.22,37.62,25.0,137.07,146.1351,4.00,0.0,0.0,0.0
WF-2-BJ65,497280.46,5404326.22,36.30,25.0,131.11,163.3169,4.00,0.0,0.0,0.0
WF-2-BJ66,497305.50,5404326.22,34.98,25.0,125.15,180.4987,4.00,0.0,0.0,0.0
WF-2-BJ67,497330.54,5404326.22,34.17,25.0,119.55,195.6886,4.00,0.0,0.0,0.0
WF-2-BJ68,497355.58,5404326.22,33.56,25.0,114.10,210.0790,4.00,0.0,0.0,0.0
WF-2-BJ69,497380.62,5404326.22,32.97,25.0,108.67,224.4041,4.00,0.0,0.0,0.0
WF-2-BJ70,497405.67,5404326.22,33.10,25.0,103.97,235.3361,4.00,0.0,0.0,0.0
WF-2-BJ71,497430.71,5404326.22,33.24,25.0,99.27,246.2681,4.00,0.0,0.0,0.0
WF-2-BJ72,497455.75,5404326.22,33.54,25.0,94.84,256.2058,4.00,0.0,0.0,0.0
WF-2-BJ73,497480.79,5404326.22,34.19,25.0,90.97,264.0713,4.00,0.0,0.0,0.0
WF-2-BJ74,497505.83,5404326.22,34.84,25.0,87.10,271.9367,4.00,0.0,0.0,0.0
WF-2-BJ75,497530.88,5404326.22,35.47,25.0,84.03,277.8923,4.00,0.0,0.0,0.0
WF-2-BJ76,497555.92,5404326.22,36.09,25.0,81.42,282.7239,4.00,0.0,0.0,0.0
WF-2-BJ77,497580.96,5404326.22,36.72,25.0,78.82,287.5555,4.00,0.0,0.0,0.0
WF-2-BJ78,497606.00,5404326.22,36.63,25.0,77.81,289.7098,4.00,0.0,0.0,0.0
WF-2-BJ79,497631.04,5404326.22,36.49,25.0,76.92,291.6774,4.00,0.0,0.0,0.0
WF-2-BJ80,497656.09,5404326.22,36.12,25.0,76.32,293.2555,4.00,0.0,0.0,0.0
WF-2-BJ81,497681.13,5404326.22,35.05,25.0,76.69,293.6010,4.00,0.0,0.0,0.0
WF-2-BJ82,497706.17,5404326.22,33.98,25.0,77.06,293.9465,4.00,0.0,0.0,0.0
WF-2-BJ83,497731.21,5404326.22,32.73,25.0,77.58,294.2020,4.00,0.0,0.0,0.0
WF-2-BJ84,497756.25,5404326.22,31.34,25.0,78.23,294.3824,4.00,0.0,0.0,0.0
WF-2-BJ85,497781.30,5404326.22,29.95,25.0,78.89,294.5627,4.00,0.0,0.0,0.0
WF-2-BJ86,497806.34,5404326.22,28.74,25.0,79.35,295.0031,4.00,0.0,0.0,0.0
WF-2-BJ87,497831.38,5404326.22,27.56,25.0,79.78,295.4891,4.00,0.0,0.0,0.0
WF-2-BJ88,497856.42,5404326.22,26.43,25.0,80.17,295.9830,4.00,0.0,0.0,0.0
WF-2-BJ89,497881.46,5404326.22,25.59,25.0,80.36,296.5189,4.00,0.0,0.0,0.0
WF-2-BJ90,497906.51,5404326.22,24.76,25.0,80.55,297.0548,4.00,0.0,0.0,0.0
WF-2-BJ91,497931.55,5404326.22,24.06,25.0,80.70,297.4022,4.00,0.0,0.0,0.0
WF-2-BJ92,497956.59,5404326.22,23.52,25.0,80.80,297.5297,4.00,0.0,0.0,0.0
WF-2-BJ93,497981.63,5404326.22,22.98,25.0,80.90,297.6571,4.00,0.0,0.0,0.0
WF-2-BJ94,498006.67,5404326.22,22.61,25.0,81.03,297.1873,4.00,0.0,0.0,0.0
WF-2-BJ95,498031.72,5404326.22,22.28,25.0,81.18,296.5356,4.00,0.0,0.0,0.0
WF-2-BJ96,498056.76,5404326.22,21.97,25.0,81.34,295.8298,4.00,0.0,0.0,0.0
WF-2-BJ97,498081.80,5404326.22,21.79,25.0,81.58,294.4253,4.00,0.0,0.0,0.0
WF-2-BJ98,498106.84,5404326.22,21.62,25.0,81.83,293.0207,4.00,0.0,0.0,0.0
WF-2-BJ99,498131.88,5404326.22,21.47,25.0,82.05,291.6029,4.00,0.0,0.0,0.0
WF-2-BJ100,498156.93,5404326.22,21.37,25.0,82.25,290.1631,4.00,0.0,0.0,0.0
WF-2-BJ101,498181.97,5404326.22,21.27,25.0,82.45,288.7234,4.00,0.0,0.0,0.0
WF-2-BJ102,498207.01,5404326.22,21.17,25.0,82.42,288.0013,4.00,0.0,0.0,0.0
WF-2-BJ103,498232.05,5404326.22,21.08,25.0,82.27,287.6129,4.00,0.0,0.0,0.0
WF-2-BJ104,498257.09,5404326.22,20.99,25.0,82.13,287.2245,4.00,0.0,0.0,0.0
WF-2-BJ105,498282.14,5404326.22,20.83,25.0,81.40,288.2566,4.00,0.0,0.0,0.0
WF-2-BJ106,498307.18,5404326.22,20.68,25.0,80.66,289.3062,4.00,0.0,0.0,0.0
WF-2-BJ107,498332.22,5404326.22,20.49,25.0,79.71,290.6210,4.00,0.0,0.0,0.0
WF-2-BJ108,498357.26,5404326.22,20.22,25.0,78.21,292.5754,4.00,0.0,0.0,0.0
WF-2-BJ109,498382.30,5404326.22,19.95,25.0,76.71,294.5298,4.00,0.0,0.0,0.0
WF-2-BJ110,498407.35,5404326.22,19.55,25.0,74.61,296.6994,4.00,0.0,0.0,0.0
WF-2-BJ111,498432.39,5404326.22,19.08,25.0,72.11,299.0135,4.00,0.0,0.0,0.0
WF-2-BJ112,498457.43,5404326.22,18.60,25.0,69.61,301.3277,4.00,0.0,0.0,0.0
WF-2-BJ113,498482.47,5404326.22,17.82,25.0,65.90,303.8758,4.00,0.0,0.0,0.0
WF-2-BJ114,498507.51,5404326.22,17.01,25.0,62.06,306.4489,4.00,0.0,0.0,0.0
WF-2-BJ115,498532.56,5404326.22,16.11,25.0,57.95,309.0812,4.00,0.0,0.0,0.0
WF-2-BJ116,498557.60,5404326.22,14.89,25.0,52.86,311.9374,4.00,0.0,0.0,0.0
WF-2-BJ117,498582.64,5404326.22,13.67,25.0,47.76,314.7935,4.00,0.0,0.0,0.0
WF-2-BJ118,498607.68,5404326.22,12.47,25.0,43.02,317.3864,4.00,0.0,0.0,0.0
WF-2-BJ119,498632.72,5404326.22,11.30,25.0,38.62,319.7308,4.00,0.0,0.0,0.0
WF-2-BJ120,498657.77,5404326.22,10.13,25.0,34.22,322.0751,4.00,0.0,0.0,0.0
WF-2-BJ121,498682.81,5404326.22,9.96,25.0,33.27,322.5104,4.00,0.0,0.0,0.0
WF-2-BJ122,498707.85,5404326.22,10.00,25.0,33.08,322.5258,4.00,0.0,0.0,0.0
WF-2-BJ123,498732.89,5404326.22,10.21,25.0,33.33,322.2812,4.00,0.0,0.0,0.0
WF-2-BJ124,498757.93,5404326.22,11.49,25.0,36.69,320.2170,4.00,0.0,0.0,0.0
WF-2-BJ125,498782.97,5404326.22,12.77,25.0,40.06,318.1529,4.00,0.0,0.0,0.0
WF-2-BJ126,498808.02,5404326.22,14.09,25.0,43.50,316.0768,4.00,0.0,0.0,0.0
WF-2-BJ127,498833.06,5404326.22,15.43,25.0,47.06,313.9848,4.00,0.0,0.0,0.0
WF-2-BJ128,498858.10,5404326.22,16.78,25.0,50.61,311.8929,4.00,0.0,0.0,0.0
WF-2-BJ129,498883.14,5404326.22,17.82,25.0,53.54,310.3494,4.00,0.0,0.0,0.0
WF-2-BJ130,498908.18,5404351.88,17.89,25.0,56.71,310.9127,4.00,0.0,0.0,0.0
WF-2-BJ131,498908.18,5404377.55,17.72,25.0,58.29,311.8250,4.00,0.0,0.0,0.0
WF-2-BJ132,498908.18,5404403.22,17.54,25.0,59.87,312.7373,4.00,0.0,0.0,0.0
WF-2-BJ133,498908.18,5404428.88,17.84,25.0,62.79,313.0408,4.00,0.0,0.0,0.0
WF-2-BJ134,498908.18,5404454.55,18.29,25.0,66.08,313.1738,4.00,0.0,0.0,0.0
WF-2-BJ135,498908.18,5404480.22,18.92,25.0,69.97,313.1488,4.00,0.0,0.0,0.0
WF-2-BJ136,498908.18,5404505.88,19.74,25.0,74.42,312.9783,4.00,0.0,0.0,0.0
WF-2-BJ137,498908.18,5404531.55,20.60,25.0,78.88,312.8216,4.00,0.0,0.0,0.0
WF-2-BJ138,498908.18,5404557.22,21.58,25.0,83.40,312.7041,4.00,0.0,0.0,0.0
WF-2-BJ139,498908.18,5404582.88,22.55,25.0,87.92,312.5865,4.00,0.0,0.0,0.0
WF-2-BJ140,498908.18,5404608.55,23.62,25.0,91.67,312.6860,4.00,0.0,0.0,0.0
WF-2-BJ141,498883.14,5404634.22,24.09,25.0,96.15,312.6241,4.00,0.0,0.0,0.0
WF-2-BJ142,498858.10,5404634.22,23.53,25.0,97.29,312.3901,4.00,0.0,0.0,0.0
WF-2-BJ143,498833.06,5404634.22,23.11,25.0,99.58,311.9540,4.00,0.0,0.0,0.0
WF-2-BJ144,498808.02,5404634.22,22.70,25.0,101.87,311.5180,4.00,0.0,0.0,0.0
WF-2-BJ145,498782.97,5404634.22,22.48,25.0,105.45,310.8318,4.00,0.0,0.0,0.0
WF-2-BJ146,498757.93,5404634.22,22.42,25.0,110.00,309.9567,4.00,0.0,0.0,0.0
WF-2-BJ147,498732.89,5404634.22,22.35,25.0,114.55,309.0816,4.00,0.0,0.0,0.0
WF-2-BJ148,498707.85,5404634.22,22.53,25.0,119.90,308.0050,4.00,0.0,0.0,0.0
WF-2-BJ149,498682.81,5404634.22,22.76,25.0,125.35,306.8996,4.00,0.0,0.0,0.0
WF-2-BJ150,498657.77,5404634.22,22.95,25.0,130.05,305.9514,4.00,0.0,0.0,0.0
WF-2-BJ151,498632.72,5404634.22,23.02,25.0,131.29,305.7178,4.00,0.0,0.0,0.0
WF-2-BJ152,498607.68,5404634.22,23.08,25.0,132.54,305.4842,4.00,0.0,0.0,0.0
WF-2-BJ153,498582.64,5404634.22,22.97,25.0,131.00,306.0164,4.00,0.0,0.0,0.0
WF-2-BJ154,498557.60,5404634.22,22.66,25.0,126.50,307.3600,4.00,0.0,0.0,0.0
WF-2-BJ155,498532.56,5404634.22,22.35,25.0,122.00,308.7035,4.00,0.0,0.0,0.0
WF-2-BJ156,498507.51,5404634.22,21.96,25.0,116.61,310.8399,4.00,0.0,0.0,0.0
WF-2-BJ157,498482.47,5404634.22,21.56,25.0,110.98,313.1859,4.00,0.0,0.0,0.0
WF-2-BJ158,498457.43,5404634.22,21.15,25.0,105.48,315.5976,4.00,0.0,0.0,0.0
WF-2-BJ159,498432.39,5404634.22,20.81,25.0,101.12,318.6262,4.00,0.0,0.0,0.0
WF-2-BJ160,498407.35,5404634.22,20.47,25.0,96.76,321.6549,4.00,0.0,0.0,0.0
WF-2-BJ161,498382.30,5404634.22,20.16,25.0,92.79,325.0389,4.00,0.0,0.0,0.0
WF-2-BJ162,498357.26,5404634.22,19.88,25.0,89.41,328.9527,4.00,0.0,0.0,0.0
WF-2-BJ163,498332.22,5404634.22,19.61,25.0,86.03,332.8665,4.00,0.0,0.0,0.0
WF-2-BJ164,498307.18,5404634.22,19.38,25.0,82.65,337.6693,4.00,0.0,0.0,0.0
WF-2-BJ165,498282.14,5404634.22,19.17,25.0,79.28,342.8410,4.00,0.0,0.0,0.0
WF-2-BJ166,498257.09,5404634.22,18.96,25.0,75.89,348.0324,4.00,0.0,0.0,0.0
WF-2-BJ167,498232.05,5404634.22,18.89,25.0,71.36,354.8341,4.00,0.0,0.0,0.0
WF-2-BJ168,498207.01,5404634.22,18.81,25.0,66.84,361.6357,4.00,0.0,0.0,0.0
WF-2-BJ169,498181.97,5404634.22,18.80,25.0,61.87,368.6700,4.00,0.0,0.0,0.0
WF-2-BJ170,498156.93,5404634.22,18.94,25.0,55.98,376.2044,4.00,0.0,0.0,0.0
WF-2-BJ171,498131.88,5404634.22,19.09,25.0,50.08,383.7388,4.00,0.0,0.0,0.0
WF-2-BJ172,498106.84,5404634.22,19.16,25.0,47.42,387.1111,4.00,0.0,0.0,0.0
WF-2-BJ173,498081.80,5404634.22,19.19,25.0,46.71,387.9620,4.00,0.0,0.0,0.0
WF-2-BJ174,498056.76,5404634.22,19.21,25.0,46.01,388.8129,4.00,0.0,0.0,0.0
WF-2-BJ175,498031.72,5404634.22,19.07,25.0,52.00,381.7900,4.00,0.0,0.0,0.0
WF-2-BJ176,498006.67,5404634.22,18.92,25.0,58.51,374.1565,4.00,0.0,0.0,0.0
WF-2-BJ177,497981.63,5404634.22,18.88,25.0,64.53,366.6885,4.00,0.0,0.0,0.0
WF-2-BJ178,497956.59,5404634.22,19.22,25.0,68.95,359.7643,4.00,0.0,0.0,0.0
WF-2-BJ179,497931.55,5404634.22,19.55,25.0,73.37,352.8402,4.00,0.0,0.0,0.0
WF-2-BJ180,497906.51,5404634.22,20.16,25.0,76.40,346.8529,4.00,0.0,0.0,0.0
WF-2-BJ181,497881.46,5404634.22,20.99,25.0,78.23,341.6682,4.00,0.0,0.0,0.0
WF-2-BJ182,497856.42,5404634.22,21.83,25.0,80.06,336.4834,4.00,0.0,0.0,0.0
WF-2-BJ183,497831.38,5404634.22,22.92,25.0,80.78,332.3260,4.00,0.0,0.0,0.0
WF-2-BJ184,497806.34,5404634.22,24.07,25.0,81.31,328.3585,4.00,0.0,0.0,0.0
WF-2-BJ185,497781.30,5404634.22,25.22,25.0,81.74,324.5523,4.00,0.0,0.0,0.0
WF-2-BJ186,497756.25,5404634.22,26.40,25.0,81.67,321.6651,4.00,0.0,0.0,0.0
WF-2-BJ187,497731.21,5404634.22,27.59,25.0,81.60,318.7780,4.00,0.0,0.0,0.0
WF-2-BJ188,497706.17,5404634.22,28.62,25.0,81.54,316.2701,4.00,0.0,0.0,0.0
WF-2-BJ189,497681.13,5404634.22,29.47,25.0,81.50,314.2175,4.00,0.0,0.0,0.0
WF-2-BJ190,497656.09,5404634.22,30.31,25.0,81.46,312.1648,4.00,0.0,0.0,0.0
WF-2-BJ191,497631.04,5404634.22,30.67,25.0,81.87,310.3039,4.00,0.0,0.0,0.0
WF-2-BJ192,497606.00,5404634.22,30.86,25.0,82.43,308.5035,4.00,0.0,0.0,0.0
WF-2-BJ193,497580.96,5404634.22,31.03,25.0,83.04,306.6768,4.00,0.0,0.0,0.0
WF-2-BJ194,497555.92,5404634.22,30.67,25.0,84.35,304.4724,4.00,0.0,0.0,0.0
WF-2-BJ195,497530.88,5404634.22,30.31,25.0,85.66,302.2680,4.00,0.0,0.0,0.0
WF-2-BJ196,497505.83,5404634.22,29.89,25.0,87.13,299.7836,4.00,0.0,0.0,0.0
WF-2-BJ197,497480.79,5404634.22,29.35,24.9,88.88,296.8234,4.00,0.0,0.0,0.0
WF-2-BJ198,497455.75,5404634.22,28.81,24.9,90.62,293.8632,4.00,0.0,0.0,0.0
WF-2-BJ199,497430.71,5404634.22,28.35,24.9,92.43,290.3802,4.00,0.0,0.0,0.0
WF-2-BJ200,497405.67,5404634.22,27.92,24.9,94.27,286.6463,4.00,0.0,0.0,0.0
WF-2-BJ201,497380.62,5404634.22,27.49,24.9,96.11,282.9123,4.00,0.0,0.0,0.0
WF-2-BJ202,497355.58,5404634.22,27.25,24.9,97.85,278.6677,4.00,0.0,0.0,0.0
WF-2-BJ203,497330.54,5404634.22,27.00,24.9,99.59,274.4132,4.00,0.0,0.0,0.0
WF-2-BJ204,497305.50,5404634.22,26.80,24.9,101.27,270.1583,4.00,0.0,0.0,0.0
WF-2-BJ205,497280.46,5404634.22,26.69,24.9,102.79,265.9023,4.00,0.0,0.0,0.0
WF-2-BJ206,497255.41,5404634.22,26.57,24.9,104.30,261.6463,4.00,0.0,0.0,0.0
WF-2-BJ207,497230.37,5404634.22,26.48,24.9,105.61,257.7825,4.00,0.0,0.0,0.0
WF-2-BJ208,497205.33,5404634.22,26.40,24.9,106.77,254.1893,4.00,0.0,0.0,0.0
WF-2-BJ209,497180.29,5404634.22,26.31,24.9,107.94,250.5960,4.00,0.0,0.0,0.0
WF-2-BJ210,497155.25,5404634.22,26.17,24.9,108.70,248.0604,4.00,0.0,0.0,0.0
WF-2-BJ211,497130.20,5404634.22,26.01,24.9,109.41,245.6462,4.00,0.0,0.0,0.0
WF-2-BJ212,497105.16,5404634.22,25.84,24.9,110.04,243.4907,4.00,0.0,0.0,0.0
WF-2-BJ213,497080.12,5404634.22,25.55,24.9,110.31,242.3549,4.00,0.0,0.0,0.0
WF-2-BJ214,497055.08,5404634.22,25.27,24.9,110.59,241.2190,4.00,0.0,0.0,0.0
WF-2-BJ215,497030.04,5404634.22,24.92,24.9,110.70,240.5696,4.00,0.0,0.0,0.0
WF-2-BJ216,497004.99,5404634.22,24.50,24.9,110.65,240.3920,4.00,0.0,0.0,0.0
WF-2-BJ217,496979.95,5404634.22,24.08,24.9,110.60,240.2144,4.00,0.0,0.0,0.0
WF-2-BJ218,496954.91,5404634.22,23.56,24.8,110.43,240.4069,4.00,0.0,0.0,0.0
WF-2-BJ219,496929.87,5404634.22,23.01,24.8,110.23,240.6845,4.00,0.0,0.0,0.0
WF-2-BJ220,496904.83,5404634.22,22.45,24.8,110.03,240.9624,4.00,0.0,0.0,0.0
WF-2-BJ221,496879.78,5404634.22,21.78,24.8,109.85,241.2423,4.00,0.0,0.0,0.0
WF-2-BJ222,496854.74,5404634.22,21.11,24.8,109.68,241.5221,4.00,0.0,0.0,0.0
WF-2-BJ223,496829.70,5404634.22,20.37,24.8,109.56,241.6696,4.00,0.0,0.0,0.0
WF-2-BJ224,496804.66,5404634.22,19.55,24.8,109.55,241.6371,4.00,0.0,0.0,0.0
WF-2-BJ225,496779.62,5404634.22,18.72,24.8,109.53,241.6045,4.00,0.0,0.0,0.0
WF-2-BJ226,496754.57,5404634.22,17.74,24.8,109.73,241.2076,4.00,0.0,0.0,0.0
WF-2-BJ227,496729.53,5404634.22,16.70,24.8,110.00,240.6751,4.00,0.0,0.0,0.0
WF-2-BJ228,496704.49,5404634.22,15.66,24.8,110.28,240.1242,4.00,0.0,0.0,0.0
WF-2-BJ229,496679.45,5404634.22,14.41,24.8,110.90,239.0493,4.00,0.0,0.0,0.0
WF-2-BJ230,496654.41,5404634.22,13.16,24.9,111.53,237.9744,4.00,0.0,0.0,0.0
WF-2-BJ231,496629.36,5404634.22,11.91,24.9,112.22,236.8157,4.00,0.0,0.0,0.0
WF-2-BJ232,496604.32,5404634.22,10.67,24.9,113.05,235.4941,4.00,0.0,0.0,0.0
WF-2-BJ233,496579.28,5404634.22,9.43,24.9,113.88,234.1724,4.00,0.0,0.0,0.0
WF-2-BJ234,496554.24,5404634.22,8.60,25.0,114.49,233.2363,4.00,0.0,0.0,0.0
WF-2-BJ235,496529.20,5404634.22,7.98,25.0,114.97,232.5124,4.00,0.0,0.0,0.0
WF-2-BJ236,496504.15,5404634.22,7.36,25.0,115.45,231.7886,4.00,0.0,0.0,0.0
WF-2-BJ237,496479.11,5404634.22,7.72,25.0,115.10,232.2654,4.00,0.0,0.0,0.0
WF-2-BJ238,496454.07,5404634.22,8.13,24.9,114.70,232.8052,4.00,0.0,0.0,0.0
WF-2-BJ239,496429.03,5404634.22,8.67,24.9,114.16,233.5217,4.00,0.0,0.0,0.0
WF-2-BJ240,496403.99,5404634.22,9.60,24.9,113.21,234.7529,4.00,0.0,0.0,0.0
WF-2-BJ241,496378.94,5404634.22,10.52,24.8,112.25,235.9842,4.00,0.0,0.0,0.0
WF-2-BJ242,496353.90,5404634.22,11.33,24.8,111.37,237.0790,4.00,0.0,0.0,0.0
WF-2-BJ243,496328.86,5404634.22,12.06,24.7,110.55,238.0668,4.00,0.0,0.0,0.0
WF-2-BJ244,496303.82,5404634.22,12.79,24.6,109.72,239.0547,4.00,0.0,0.0,0.0
WF-2-BJ245,496278.78,5404634.22,13.17,24.6,109.31,239.5180,4.00,0.0,0.0,0.0
WF-2-BJ246,496253.73,5404634.22,13.49,24.5,108.96,239.9000,4.00,0.0,0.0,0.0
WF-2-BJ247,496228.69,5404634.22,13.75,24.5,108.69,240.1869,4.00,0.0,0.0,0.0
WF-2-BJ248,496203.65,5404634.22,13.74,24.5,108.82,240.0138,4.00,0.0,0.0,0.0
WF-2-BJ249,496178.61,5404634.22,13.72,24.5,108.96,239.8406,4.00,0.0,0.0,0.0
WF-2-BJ250,496153.57,5404634.22,13.63,24.5,109.22,239.5401,4.00,0.0,0.0,0.0
WF-2-BJ251,496128.52,5404634.22,13.46,24.5,109.62,239.0998,4.00,0.0,0.0,0.0
WF-2-BJ252,496103.48,5404634.22,13.28,24.5,110.02,238.6595,4.00,0.0,0.0,0.0
WF-2-BJ253,496078.44,5404634.22,13.15,24.5,110.24,238.4136,4.00,0.0,0.0,0.0
WF-2-BJ254,496053.40,5404634.22,13.03,24.5,110.41,238.2219,4.00,0.0,0.0,0.0
WF-2-BJ255,496028.36,5404634.22,12.93,24.4,110.52,238.0894,4.00,0.0,0.0,0.0
WF-2-BJ256,496003.31,5404634.22,12.99,24.4,110.03,238.5759,4.00,0.0,0.0,0.0
WF-2-BJ257,495978.27,5404634.22,13.06,24.4,109.54,239.0625,4.00,0.0,0.0,0.0
WF-2-BJ258,495953.23,5404634.22,13.17,24.3,108.83,239.7615,4.00,0.0,0.0,0.0
WF-2-BJ259,495928.19,5404634.22,13.36,24.2,107.79,240.7894,4.00,0.0,0.0,0.0
WF-2-BJ260,495903.15,5404634.22,13.54,24.2,106.75,241.8174,4.00,0.0,0.0,0.0
WF-2-BJ261,495878.10,5404634.22,13.70,24.1,105.66,242.8946,4.00,0.0,0.0,0.0
WF-2-BJ262,495853.06,5404634.22,13.86,24.1,104.55,243.9931,4.00,0.0,0.0,0.0
WF-2-BJ263,495828.02,5404634.22,14.02,24.0,103.43,245.0911,4.00,0.0,0.0,0.0
WF-2-BJ264,495802.98,5404634.22,14.06,24.0,102.56,246.0269,4.00,0.0,0.0,0.0
WF-2-BJ265,495777.94,5404634.22,14.11,24.0,101.69,246.9627,4.00,0.0,0.0,0.0
WF-2-BJ266,495752.89,5404634.22,14.12,24.0,100.92,247.8903,4.00,0.0,0.0,0.0
WF-2-BJ267,495727.85,5404634.22,14.05,24.0,100.36,248.7996,4.00,0.0,0.0,0.0
WF-2-BJ268,495702.81,5404634.22,13.97,24.0,99.80,249.7089,4.00,0.0,0.0,0.0
WF-2-BJ269,495677.77,5404634.22,13.83,24.1,99.40,250.8064,4.00,0.0,0.0,0.0
WF-2-BJ270,495652.73,5404608.55,13.80,24.2,99.23,247.7329,4.00,0.0,0.0,0.0
WF-2-BJ271,495652.73,5404582.88,13.96,24.3,99.34,243.4434,4.00,0.0,0.0,0.0
WF-2-BJ272,495652.73,5404557.22,13.99,24.4,99.15,238.9706,4.00,0.0,0.0,0.0
WF-2-BJ273,495652.73,5404531.55,14.02,24.5,98.96,234.4978,4.00,0.0,0.0,0.0
WF-2-BJ274,495652.73,5404505.88,13.91,24.6,98.56,230.0170,4.00,0.0,0.0,0.0
WF-2-BJ275,495652.73,5404480.22,13.74,24.7,98.08,225.5334,4.00,0.0,0.0,0.0
WF-2-BJ276,495652.73,5404454.55,13.50,24.7,97.57,221.3418,4.00,0.0,0.0,0.0
WF-2-BJ277,495652.73,5404428.88,13.17,24.8,97.00,217.4673,4.00,0.0,0.0,0.0
WF-2-BJ278,495652.73,5404403.22,12.87,24.8,96.48,213.9841,4.00,0.0,0.0,0.0
WF-2-BJ279,495652.73,5404377.55,12.66,24.9,96.12,211.8979,4.00,0.0,0.0,0.0
WF-2-BJ280,495652.73,5404351.88,12.45,24.9,95.76,209.8118,4.00,0.0,0.0,0.0
WF-3-BJ1,495678.04,5404664.22,13.64,23.9,98.92,255.1809,4.00,0.0,0.0,0.0
WF-3-BJ2,495703.08,5404664.22,13.83,23.8,99.18,253.8693,4.00,0.0,0.0,0.0
WF-3-BJ3,495728.12,5404664.22,13.94,23.8,99.58,252.8297,4.00,0.0,0.0,0.0
WF-3-BJ4,495753.16,5404664.22,14.06,23.7,99.97,251.7900,4.00,0.0,0.0,0.0
WF-3-BJ5,495778.20,5404664.22,14.09,23.7,100.56,250.8087,4.00,0.0,0.0,0.0
WF-3-BJ6,495803.24,5404664.22,14.08,23.7,101.24,249.8522,4.00,0.0,0.0,0.0
WF-3-BJ7,495828.28,5404664.22,14.08,23.7,101.91,248.8949,4.00,0.0,0.0,0.0
WF-3-BJ8,495853.32,5404664.22,13.99,23.8,102.82,247.8352,4.00,0.0,0.0,0.0
WF-3-BJ9,495878.36,5404664.22,13.89,23.8,103.72,246.7755,4.00,0.0,0.0,0.0
WF-3-BJ10,495903.40,5404664.22,13.79,23.9,104.62,245.7329,4.00,0.0,0.0,0.0
WF-3-BJ11,495928.44,5404664.22,13.68,24.0,105.51,244.7280,4.00,0.0,0.0,0.0
WF-3-BJ12,495953.48,5404664.22,13.56,24.0,106.40,243.7231,4.00,0.0,0.0,0.0
WF-3-BJ13,495978.52,5404664.22,13.49,24.1,107.06,242.9782,4.00,0.0,0.0,0.0
WF-3-BJ14,496003.56,5404664.22,13.46,24.1,107.58,242.3945,4.00,0.0,0.0,0.0
WF-3-BJ15,496028.60,5404664.22,13.42,24.2,108.09,241.8109,4.00,0.0,0.0,0.0
WF-3-BJ16,496053.64,5404664.22,13.48,24.2,108.18,241.7166,4.00,0.0,0.0,0.0
WF-3-BJ17,496078.68,5404664.22,13.56,24.2,108.23,241.6636,4.00,0.0,0.0,0.0
WF-3-BJ18,496103.72,5404664.22,13.64,24.3,108.24,241.6570,4.00,0.0,0.0,0.0
WF-3-BJ19,496128.76,5404664.22,13.74,24.3,108.13,241.8085,4.00,0.0,0.0,0.0
WF-3-BJ20,496153.80,5404664.22,13.84,24.3,108.01,241.9599,4.00,0.0,0.0,0.0
WF-3-BJ21,496178.84,5404664.22,13.85,24.3,108.00,241.9928,4.00,0.0,0.0,0.0
WF-3-BJ22,496203.87,5404664.22,13.80,24.4,108.09,241.9215,4.00,0.0,0.0,0.0
WF-3-BJ23,496228.91,5404664.22,13.75,24.4,108.17,241.8503,4.00,0.0,0.0,0.0
WF-3-BJ24,496253.95,5404664.22,13.44,24.5,108.59,241.3551,4.00,0.0,0.0,0.0
WF-3-BJ25,496278.99,5404664.22,13.08,24.5,109.08,240.7778,4.00,0.0,0.0,0.0
WF-3-BJ26,496304.03,5404664.22,12.67,24.6,109.62,240.1174,4.00,0.0,0.0,0.0
WF-3-BJ27,496329.07,5404664.22,11.93,24.7,110.50,238.9584,4.00,0.0,0.0,0.0
WF-3-BJ28,496354.11,5404664.22,11.19,24.7,111.38,237.7994,4.00,0.0,0.0,0.0
WF-3-BJ29,496379.15,5404664.22,10.37,24.8,112.30,236.5450,4.00,0.0,0.0,0.0
WF-3-BJ30,496404.19,5404664.22,9.47,24.9,113.26,235.1729,4.00,0.0,0.0,0.0
WF-3-BJ31,496429.23,5404664.22,8.56,24.9,114.23,233.8007,4.00,0.0,0.0,0.0
WF-3-BJ32,496454.27,5404664.22,8.04,24.9,114.76,233.0157,4.00,0.0,0.0,0.0
WF-3-BJ33,496479.31,5404664.22,7.64,25.0,115.16,232.4234,4.00,0.0,0.0,0.0
WF-3-BJ34,496504.35,5404664.22,7.29,25.0,115.50,231.9126,4.00,0.0,0.0,0.0
WF-3-BJ35,496529.39,5404664.22,7.88,25.0,115.03,232.7277,4.00,0.0,0.0,0.0
WF-3-BJ36,496554.43,5404664.22,8.48,24.9,114.55,233.5428,4.00,0.0,0.0,0.0
WF-3-BJ37,496579.47,5404664.22,9.29,24.9,113.95,234.6216,4.00,0.0,0.0,0.0
WF-3-BJ38,496604.51,5404664.22,10.48,24.9,113.13,236.1632,4.00,0.0,0.0,0.0
WF-3-BJ39,496629.55,5404664.22,11.67,24.9,112.30,237.7048,4.00,0.0,0.0,0.0
WF-3-BJ40,496654.59,5404664.22,12.87,24.9,111.59,239.1320,4.00,0.0,0.0,0.0
WF-3-BJ41,496679.63,5404664.22,14.08,24.8,110.94,240.5023,4.00,0.0,0.0,0.0
WF-3-BJ42,496704.67,5404664.22,15.29,24.8,110.29,241.8726,4.00,0.0,0.0,0.0
WF-3-BJ43,496729.71,5404664.22,16.29,24.8,109.95,242.7629,4.00,0.0,0.0,0.0
WF-3-BJ44,496754.75,5404664.22,17.29,24.8,109.61,243.6399,4.00,0.0,0.0,0.0
WF-3-BJ45,496779.79,5404664.22,18.23,24.8,109.35,244.3930,4.00,0.0,0.0,0.0
WF-3-BJ46,496804.83,5404664.22,19.02,24.8,109.26,244.8248,4.00,0.0,0.0,0.0
WF-3-BJ47,496829.87,5404664.22,19.81,24.8,109.18,245.2565,4.00,0.0,0.0,0.0
WF-3-BJ48,496854.91,5404664.22,20.50,24.8,109.17,245.5432,4.00,0.0,0.0,0.0
WF-3-BJ49,496879.95,5404664.22,21.13,24.8,109.22,245.7262,4.00,0.0,0.0,0.0
WF-3-BJ50,496904.99,5404664.22,21.75,24.8,109.27,245.9092,4.00,0.0,0.0,0.0
WF-3-BJ51,496930.03,5404664.22,22.26,24.8,109.32,246.1333,4.00,0.0,0.0,0.0
WF-3-BJ52,496955.07,5404664.22,22.76,24.8,109.38,246.3625,4.00,0.0,0.0,0.0
WF-3-BJ53,496980.11,5404664.22,23.23,24.8,109.40,246.6742,4.00,0.0,0.0,0.0
WF-3-BJ54,497005.15,5404664.22,23.61,24.8,109.32,247.3297,4.00,0.0,0.0,0.0
WF-3-BJ55,497030.19,5404664.22,23.98,24.9,109.24,247.9852,4.00,0.0,0.0,0.0
WF-3-BJ56,497055.23,5404664.22,24.29,24.9,109.04,249.0447,4.00,0.0,0.0,0.0
WF-3-BJ57,497080.27,5404664.22,24.54,24.9,108.69,250.5105,4.00,0.0,0.0,0.0
WF-3-BJ58,497105.31,5404664.22,24.79,24.9,108.35,251.9763,4.00,0.0,0.0,0.0
WF-3-BJ59,497130.35,5404664.22,24.95,24.9,107.74,254.2678,4.00,0.0,0.0,0.0
WF-3-BJ60,497155.39,5404664.22,25.09,24.9,107.06,256.7611,4.00,0.0,0.0,0.0
WF-3-BJ61,497180.43,5404664.22,25.21,24.9,106.34,259.3538,4.00,0.0,0.0,0.0
WF-3-BJ62,497205.47,5404664.22,25.28,24.9,105.33,262.7620,4.00,0.0,0.0,0.0
WF-3-BJ63,497230.51,5404664.22,25.35,24.9,104.31,266.1701,4.00,0.0,0.0,0.0
WF-3-BJ64,497255.55,5404664.22,25.43,24.9,103.19,269.7737,4.00,0.0,0.0,0.0
WF-3-BJ65,497280.59,5404664.22,25.50,24.9,101.92,273.6541,4.00,0.0,0.0,0.0
WF-3-BJ66,497305.63,5404664.22,25.58,24.9,100.65,277.5345,4.00,0.0,0.0,0.0
WF-3-BJ67,497330.67,5404664.22,25.72,24.9,99.28,281.3409,4.00,0.0,0.0,0.0
WF-3-BJ68,497355.71,5404664.22,25.89,24.9,97.86,285.1183,4.00,0.0,0.0,0.0
WF-3-BJ69,497380.75,5404664.22,26.06,24.9,96.44,288.8824,4.00,0.0,0.0,0.0
WF-3-BJ70,497405.79,5404664.22,26.36,24.9,94.96,292.1084,4.00,0.0,0.0,0.0
WF-3-BJ71,497430.83,5404664.22,26.66,24.9,93.48,295.3344,4.00,0.0,0.0,0.0
WF-3-BJ72,497455.87,5404664.22,26.98,24.9,92.03,298.3262,4.00,0.0,0.0,0.0
WF-3-BJ73,497480.91,5404664.22,27.34,24.9,90.63,300.8403,4.00,0.0,0.0,0.0
WF-3-BJ74,497505.95,5404664.22,27.71,24.9,89.23,303.3544,4.00,0.0,0.0,0.0
WF-3-BJ75,497530.99,5404664.22,27.99,25.0,88.02,305.5060,4.00,0.0,0.0,0.0
WF-3-BJ76,497556.03,5404664.22,28.21,25.0,86.92,307.4484,4.00,0.0,0.0,0.0
WF-3-BJ77,497581.07,5404664.22,28.43,25.0,85.82,309.3907,4.00,0.0,0.0,0.0
WF-3-BJ78,497606.11,5404664.22,28.27,25.0,85.20,311.1593,4.00,0.0,0.0,0.0
WF-3-BJ79,497631.15,5404664.22,28.08,25.0,84.62,312.9167,4.00,0.0,0.0,0.0
WF-3-BJ80,497656.19,5404664.22,27.78,25.0,84.14,314.7561,4.00,0.0,0.0,0.0
WF-3-BJ81,497681.23,5404664.22,27.10,25.0,84.00,316.8494,4.00,0.0,0.0,0.0
WF-3-BJ82,497706.27,5404664.22,26.43,25.0,83.85,318.9427,4.00,0.0,0.0,0.0
WF-3-BJ83,497731.31,5404664.22,25.59,25.0,83.74,321.4498,4.00,0.0,0.0,0.0
WF-3-BJ84,497756.35,5404664.22,24.62,25.0,83.68,324.2962,4.00,0.0,0.0,0.0
WF-3-BJ85,497781.39,5404664.22,23.65,25.0,83.61,327.1427,4.00,0.0,0.0,0.0
WF-3-BJ86,497806.43,5404664.22,22.66,25.0,83.24,330.7575,4.00,0.0,0.0,0.0
WF-3-BJ87,497831.47,5404664.22,21.67,25.0,82.83,334.5032,4.00,0.0,0.0,0.0
WF-3-BJ88,497856.51,5404664.22,20.71,25.0,82.28,338.3883,4.00,0.0,0.0,0.0
WF-3-BJ89,497881.55,5404664.22,19.93,25.0,81.01,343.0073,4.00,0.0,0.0,0.0
WF-3-BJ90,497906.59,5404664.22,19.15,25.0,79.73,347.6263,4.00,0.0,0.0,0.0
WF-3-BJ91,497931.63,5404664.22,18.57,25.0,77.53,352.7528,4.00,0.0,0.0,0.0
WF-3-BJ92,497956.67,5404664.22,18.22,25.0,74.25,358.4642,4.00,0.0,0.0,0.0
WF-3-BJ93,497981.71,5404664.22,17.87,25.0,70.97,364.1756,4.00,0.0,0.0,0.0
WF-3-BJ94,498006.75,5404664.22,17.94,25.0,65.81,370.3926,4.00,0.0,0.0,0.0
WF-3-BJ95,498031.79,5404664.22,18.13,25.0,60.07,376.7610,4.00,0.0,0.0,0.0
WF-3-BJ96,498056.83,5404664.22,18.32,25.0,54.76,382.6241,4.00,0.0,0.0,0.0
WF-3-BJ97,498081.87,5404664.22,18.38,25.0,54.71,382.2367,4.00,0.0,0.0,0.0
WF-3-BJ98,498106.91,5404664.22,18.44,25.0,54.65,381.8494,4.00,0.0,0.0,0.0
WF-3-BJ99,498131.95,5404664.22,18.46,25.0,56.44,379.2120,4.00,0.0,0.0,0.0
WF-3-BJ100,498156.99,5404664.22,18.39,25.0,61.25,372.9017,4.00,0.0,0.0,0.0
WF-3-BJ101,498182.03,5404664.22,18.31,25.0,66.05,366.5915,4.00,0.0,0.0,0.0
WF-3-BJ102,498207.07,5404664.22,18.39,25.0,70.22,360.4474,4.00,0.0,0.0,0.0
WF-3-BJ103,498232.11,5404664.22,18.53,25.0,74.09,354.3798,4.00,0.0,0.0,0.0
WF-3-BJ104,498257.15,5404664.22,18.66,25.0,77.97,348.3122,4.00,0.0,0.0,0.0
WF-3-BJ105,498282.19,5404664.22,18.93,25.0,81.12,343.3714,4.00,0.0,0.0,0.0
WF-3-BJ106,498307.23,5404664.22,19.20,25.0,84.27,338.4420,4.00,0.0,0.0,0.0
WF-3-BJ107,498332.27,5404664.22,19.49,25.0,87.49,333.8016,4.00,0.0,0.0,0.0
WF-3-BJ108,498357.31,5404664.22,19.82,25.0,90.90,329.8516,4.00,0.0,0.0,0.0
WF-3-BJ109,498382.35,5404664.22,20.16,25.0,94.31,325.9016,4.00,0.0,0.0,0.0
WF-3-BJ110,498407.39,5404664.22,20.53,25.0,98.39,322.3977,4.00,0.0,0.0,0.0
WF-3-BJ111,498432.43,5404664.22,20.92,25.0,102.92,319.1910,4.00,0.0,0.0,0.0
WF-3-BJ112,498457.47,5404664.22,21.32,25.0,107.45,315.9842,4.00,0.0,0.0,0.0
WF-3-BJ113,498482.51,5404664.22,21.75,25.0,113.14,313.3711,4.00,0.0,0.0,0.0
WF-3-BJ114,498507.55,5404664.22,22.19,25.0,118.94,310.8201,4.00,0.0,0.0,0.0
WF-3-BJ115,498532.59,5404664.22,22.59,25.0,124.48,308.5008,4.00,0.0,0.0,0.0
WF-3-BJ116,498557.63,5404664.22,22.90,25.0,129.02,307.0510,4.00,0.0,0.0,0.0
WF-3-BJ117,498582.67,5404664.22,23.20,25.0,133.56,305.6012,4.00,0.0,0.0,0.0
WF-3-BJ118,498607.71,5404664.22,23.33,25.0,135.18,305.0231,4.00,0.0,0.0,0.0
WF-3-BJ119,498632.75,5404664.22,23.28,25.0,134.05,305.2645,4.00,0.0,0.0,0.0
WF-3-BJ120,498657.79,5404664.22,23.24,25.0,132.91,305.5058,4.00,0.0,0.0,0.0
WF-3-BJ121,498682.83,5404664.22,23.13,25.0,128.40,306.5034,4.00,0.0,0.0,0.0
WF-3-BJ122,498707.87,5404664.22,23.00,25.0,123.16,307.6664,4.00,0.0,0.0,0.0
WF-3-BJ123,498732.91,5404664.22,22.92,25.0,118.00,308.8045,4.00,0.0,0.0,0.0
WF-3-BJ124,498757.95,5404664.22,23.10,25.0,113.51,309.7691,4.00,0.0,0.0,0.0
WF-3-BJ125,498782.99,5404664.22,23.29,25.0,109.01,310.7337,4.00,0.0,0.0,0.0
WF-3-BJ126,498808.03,5404664.22,23.64,25.0,105.46,311.5122,4.00,0.0,0.0,0.0
WF-3-BJ127,498833.07,5404664.22,24.18,25.0,103.14,312.0450,4.00,0.0,0.0,0.0
WF-3-BJ128,498858.11,5404664.22,24.73,25.0,100.82,312.5777,4.00,0.0,0.0,0.0
WF-3-BJ129,498883.14,5404664.22,25.41,25.0,99.66,312.8980,4.00,0.0,0.0,0.0
WF-3-BJ130,498908.18,5404689.88,27.42,25.0,101.70,313.5060,4.00,0.0,0.0,0.0
WF-3-BJ131,498908.18,5404715.55,28.95,25.0,104.04,314.0062,4.00,0.0,0.0,0.0
WF-3-BJ132,498908.18,5404741.22,30.62,25.0,106.14,314.5805,4.00,0.0,0.0,0.0
WF-3-BJ133,498908.18,5404766.88,32.41,25.0,108.13,315.1644,4.00,0.0,0.0,0.0
WF-3-BJ134,498908.18,5404792.55,34.40,25.0,109.93,315.7635,4.00,0.0,0.0,0.0
WF-3-BJ135,498908.18,5404818.22,36.36,25.0,111.68,316.3402,4.00,0.0,0.0,0.0
WF-3-BJ136,498908.18,5404843.88,38.06,25.0,113.06,316.7628,4.00,0.0,0.0,0.0
WF-3-BJ137,498908.18,5404869.55,39.76,25.0,114.44,317.1853,4.00,0.0,0.0,0.0
WF-3-BJ138,498908.18,5404895.22,40.46,25.0,115.02,317.5365,4.00,0.0,0.0,0.0
WF-3-BJ139,498908.18,5404920.88,41.01,25.0,115.48,317.8765,4.00,0.0,0.0,0.0
WF-3-BJ140,498908.18,5404946.55,40.73,25.0,115.37,318.4349,4.00,0.0,0.0,0.0
WF-3-BJ141,498883.14,5404972.22,37.86,25.0,113.52,319.6539,4.00,0.0,0.0,0.0
WF-3-BJ142,498858.11,5404972.22,35.86,25.0,112.21,320.1477,4.00,0.0,0.0,0.0
WF-3-BJ143,498833.07,5404972.22,33.99,25.0,111.07,320.5742,4.00,0.0,0.0,0.0
WF-3-BJ144,498808.03,5404972.22,32.13,25.0,109.92,321.0006,4.00,0.0,0.0,0.0
WF-3-BJ145,498782.99,5404972.22,30.55,25.0,108.97,321.3610,4.00,0.0,0.0,0.0
WF-3-BJ146,498757.95,5404972.22,29.18,25.0,108.18,321.6714,4.00,0.0,0.0,0.0
WF-3-BJ147,498732.91,5404972.22,27.81,25.0,107.38,321.9817,4.00,0.0,0.0,0.0
WF-3-BJ148,498707.87,5404972.22,26.82,25.0,106.73,322.3091,4.00,0.0,0.0,0.0
WF-3-BJ149,498682.83,5404972.22,25.88,25.0,106.10,322.6390,4.00,0.0,0.0,0.0
WF-3-BJ150,498657.79,5404972.22,24.99,25.0,105.47,323.0018,4.00,0.0,0.0,0.0
WF-3-BJ151,498632.75,5404972.22,24.32,25.0,104.80,323.5153,4.00,0.0,0.0,0.0
WF-3-BJ152,498607.71,5404972.22,23.65,25.0,104.13,324.0288,4.00,0.0,0.0,0.0
WF-3-BJ153,498582.67,5404972.22,23.05,25.0,103.39,324.6872,4.00,0.0,0.0,0.0
WF-3-BJ154,498557.63,5404972.22,22.52,25.0,102.58,325.4997,4.00,0.0,0.0,0.0
WF-3-BJ155,498532.59,5404972.22,21.99,25.0,101.77,326.3122,4.00,0.0,0.0,0.0
WF-3-BJ156,498507.55,5404972.22,21.51,25.0,100.89,327.3902,4.00,0.0,0.0,0.0
WF-3-BJ157,498482.51,5404972.22,21.04,25.0,99.98,328.5388,4.00,0.0,0.0,0.0
WF-3-BJ158,498457.47,5404972.22,20.57,25.0,99.08,329.7157,4.00,0.0,0.0,0.0
WF-3-BJ159,498432.43,5404972.22,20.11,25.0,98.22,331.1633,4.00,0.0,0.0,0.0
WF-3-BJ160,498407.39,5404972.22,19.65,25.0,97.36,332.6108,4.00,0.0,0.0,0.0
WF-3-BJ161,498382.35,5404972.22,19.19,25.0,96.59,334.1413,4.00,0.0,0.0,0.0
WF-3-BJ162,498357.31,5404972.22,18.73,25.0,95.93,335.7964,4.00,0.0,0.0,0.0
WF-3-BJ163,498332.27,5404972.22,18.28,25.0,95.28,337.4514,4.00,0.0,0.0,0.0
WF-3-BJ164,498307.23,5404972.22,17.81,25.0,94.85,339.1687,4.00,0.0,0.0,0.0
WF-3-BJ165,498282.19,5404972.22,17.35,25.0,94.50,340.9120,4.00,0.0,0.0,0.0
WF-3-BJ166,498257.15,5404972.22,16.89,25.0,94.16,342.6552,4.00,0.0,0.0,0.0
WF-3-BJ167,498232.11,5404972.22,16.43,25.0,94.12,344.3811,4.00,0.0,0.0,0.0
WF-3-BJ168,498207.07,5404972.22,15.97,25.0,94.09,346.1070,4.00,0.0,0.0,0.0
WF-3-BJ169,498182.03,5404972.22,15.53,25.0,94.09,347.8197,4.00,0.0,0.0,0.0
WF-3-BJ170,498156.99,5404972.22,15.10,25.0,94.18,349.5039,4.00,0.0,0.0,0.0
WF-3-BJ171,498131.95,5404972.22,14.67,25.0,94.27,351.1882,4.00,0.0,0.0,0.0
WF-3-BJ172,498106.91,5404972.22,14.28,25.0,94.21,352.8964,4.00,0.0,0.0,0.0
WF-3-BJ173,498081.87,5404972.22,13.92,25.0,94.07,354.6193,4.00,0.0,0.0,0.0
WF-3-BJ174,498056.83,5404972.22,13.56,25.0,93.94,356.3423,4.00,0.0,0.0,0.0
WF-3-BJ175,498031.79,5404972.22,13.31,25.0,93.46,357.9399,4.00,0.0,0.0,0.0
WF-3-BJ176,498006.75,5404972.22,13.07,25.0,92.96,359.5275,4.00,0.0,0.0,0.0
WF-3-BJ177,497981.71,5404972.22,12.89,25.0,92.46,360.8622,4.00,0.0,0.0,0.0
WF-3-BJ178,497956.67,5404972.22,12.87,25.0,91.99,361.3519,4.00,0.0,0.0,0.0
WF-3-BJ179,497931.63,5404972.22,12.86,25.0,91.52,361.8416,4.00,0.0,0.0,0.0
WF-3-BJ180,497906.59,5404972.22,13.00,25.0,91.25,361.3813,4.00,0.0,0.0,0.0
WF-3-BJ181,497881.55,5404972.22,13.28,25.0,91.17,360.0965,4.00,0.0,0.0,0.0
WF-3-BJ182,497856.51,5404972.22,13.56,25.0,91.08,358.8118,4.00,0.0,0.0,0.0
WF-3-BJ183,497831.47,5404972.22,13.97,25.0,91.30,356.6678,4.00,0.0,0.0,0.0
WF-3-BJ184,497806.43,5404972.22,14.41,25.0,91.59,354.3607,4.00,0.0,0.0,0.0
WF-3-BJ185,497781.39,5404972.22,14.83,25.0,91.92,352.0895,4.00,0.0,0.0,0.0
WF-3-BJ186,497756.35,5404972.22,15.21,25.0,92.53,350.0289,4.00,0.0,0.0,0.0
WF-3-BJ187,497731.31,5404972.22,15.58,25.0,93.14,347.9684,4.00,0.0,0.0,0.0
WF-3-BJ188,497706.27,5404972.22,15.85,25.0,93.88,346.5073,4.00,0.0,0.0,0.0
WF-3-BJ189,497681.23,5404972.22,15.99,25.0,94.80,345.7771,4.00,0.0,0.0,0.0
WF-3-BJ190,497656.19,5404972.22,16.13,25.0,95.72,345.0469,4.00,0.0,0.0,0.0
WF-3-BJ191,497631.15,5404972.22,16.04,25.0,96.79,345.8400,4.00,0.0,0.0,0.0
WF-3-BJ192,497606.11,5404972.22,15.87,25.0,97.91,347.1256,4.00,0.0,0.0,0.0
WF-3-BJ193,497581.07,5404972.22,15.70,25.0,99.01,348.4887,4.00,0.0,0.0,0.0
WF-3-BJ194,497556.03,5404972.22,15.36,25.0,99.92,351.0496,4.00,0.0,0.0,0.0
WF-3-BJ195,497530.99,5404972.22,15.02,25.0,100.82,353.6106,4.00,0.0,0.0,0.0
WF-3-BJ196,497505.95,5404972.22,14.77,25.0,101.47,355.5316,4.00,0.0,0.0,0.0
WF-3-BJ197,497480.91,5404972.22,14.66,25.0,101.69,356.3436,4.00,0.0,0.0,0.0
WF-3-BJ198,497455.87,5404972.22,14.56,25.0,101.91,357.1556,4.00,0.0,0.0,0.0
WF-3-BJ199,497430.83,5404972.22,14.73,25.0,101.80,355.5079,4.00,0.0,0.0,0.0
WF-3-BJ200,497405.79,5404972.22,15.03,25.0,101.52,352.6538,4.00,0.0,0.0,0.0
WF-3-BJ201,497380.75,5404972.22,15.33,25.0,101.25,349.7998,4.00,0.0,0.0,0.0
WF-3-BJ202,497355.71,5404972.22,15.77,25.0,101.07,344.9789,4.00,0.0,0.0,0.0
WF-3-BJ203,497330.67,5404972.22,16.21,25.0,100.88,340.1098,4.00,0.0,0.0,0.0
WF-3-BJ204,497305.63,5404972.22,16.63,24.9,100.79,335.2498,4.00,0.0,0.0,0.0
WF-3-BJ205,497280.59,5404972.22,16.97,24.9,100.91,330.4131,4.00,0.0,0.0,0.0
WF-3-BJ206,497255.55,5404972.22,17.32,24.9,101.04,325.5764,4.00,0.0,0.0,0.0
WF-3-BJ207,497230.51,5404972.22,17.56,24.9,101.31,321.2419,4.00,0.0,0.0,0.0
WF-3-BJ208,497205.47,5404972.22,17.73,24.9,101.68,317.2619,4.00,0.0,0.0,0.0
WF-3-BJ209,497180.43,5404972.22,17.91,24.9,102.06,313.2818,4.00,0.0,0.0,0.0
WF-3-BJ210,497155.39,5404972.22,17.95,24.9,102.55,310.1644,4.00,0.0,0.0,0.0
WF-3-BJ211,497130.35,5404972.22,17.97,24.9,103.06,307.1523,4.00,0.0,0.0,0.0
WF-3-BJ212,497105.31,5404972.22,17.97,24.9,103.58,304.3033,4.00,0.0,0.0,0.0
WF-3-BJ213,497080.27,5404972.22,17.88,24.8,104.13,302.1220,4.00,0.0,0.0,0.0
WF-3-BJ214,497055.23,5404972.22,17.78,24.8,104.68,299.9408,4.00,0.0,0.0,0.0
WF-3-BJ215,497030.19,5404972.22,17.66,24.8,105.21,298.0581,4.00,0.0,0.0,0.0
WF-3-BJ216,497005.15,5404972.22,17.50,24.8,105.73,296.4724,4.00,0.0,0.0,0.0
WF-3-BJ217,496980.11,5404972.22,17.33,24.8,106.25,294.8866,4.00,0.0,0.0,0.0
WF-3-BJ218,496955.07,5404972.22,17.15,24.8,106.70,293.5450,4.00,0.0,0.0,0.0
WF-3-BJ219,496930.03,5404972.22,16.97,24.8,107.13,292.2620,4.00,0.0,0.0,0.0
WF-3-BJ220,496904.99,5404972.22,16.79,24.8,107.54,290.9797,4.00,0.0,0.0,0.0
WF-3-BJ221,496879.95,5404972.22,16.61,24.8,107.84,289.7035,4.00,0.0,0.0,0.0
WF-3-BJ222,496854.91,5404972.22,16.44,24.8,108.14,288.4274,4.00,0.0,0.0,0.0
WF-3-BJ223,496829.87,5404972.22,16.28,24.8,108.38,287.0694,4.00,0.0,0.0,0.0
WF-3-BJ224,496804.83,5404972.22,16.14,24.7,108.54,285.5968,4.00,0.0,0.0,0.0
WF-3-BJ225,496779.79,5404972.22,15.99,24.7,108.70,284.1243,4.00,0.0,0.0,0.0
WF-3-BJ226,496754.75,5404972.22,15.87,24.7,108.78,282.4905,4.00,0.0,0.0,0.0
WF-3-BJ227,496729.71,5404972.22,15.75,24.7,108.82,280.7945,4.00,0.0,0.0,0.0
WF-3-BJ228,496704.67,5404972.22,15.63,24.7,108.86,279.0964,4.00,0.0,0.0,0.0
WF-3-BJ229,496679.63,5404972.22,15.53,24.6,108.83,277.3232,4.00,0.0,0.0,0.0
WF-3-BJ230,496654.59,5404972.22,15.43,24.6,108.79,275.5499,4.00,0.0,0.0,0.0
WF-3-BJ231,496629.55,5404972.22,15.33,24.6,108.74,273.8261,4.00,0.0,0.0,0.0
WF-3-BJ232,496604.51,5404972.22,15.25,24.6,108.64,272.2019,4.00,0.0,0.0,0.0
WF-3-BJ233,496579.47,5404972.22,15.16,24.5,108.54,270.5777,4.00,0.0,0.0,0.0
WF-3-BJ234,496554.43,5404972.22,15.10,24.5,108.39,269.1706,4.00,0.0,0.0,0.0
WF-3-BJ235,496529.39,5404972.22,15.05,24.5,108.22,267.8872,4.00,0.0,0.0,0.0
WF-3-BJ236,496504.35,5404972.22,14.99,24.4,108.04,266.6038,4.00,0.0,0.0,0.0
WF-3-BJ237,496479.31,5404972.22,14.97,24.4,107.77,265.7271,4.00,0.0,0.0,0.0
WF-3-BJ238,496454.27,5404972.22,14.96,24.3,107.49,264.8753,4.00,0.0,0.0,0.0
WF-3-BJ239,496429.23,5404972.22,14.95,24.2,107.17,264.1309,4.00,0.0,0.0,0.0
WF-3-BJ240,496404.19,5404972.22,14.96,24.2,106.74,263.7136,4.00,0.0,0.0,0.0
WF-3-BJ241,496379.15,5404972.22,14.97,24.1,106.32,263.2962,4.00,0.0,0.0,0.0
WF-3-BJ242,496354.11,5404972.22,14.99,24.0,105.78,263.1093,4.00,0.0,0.0,0.0
WF-3-BJ243,496329.07,5404972.22,15.00,23.9,105.16,263.1091,4.00,0.0,0.0,0.0
WF-3-BJ244,496304.03,5404972.22,15.02,23.7,104.53,263.1089,4.00,0.0,0.0,0.0
WF-3-BJ245,496278.99,5404972.22,15.02,23.6,103.68,263.4923,4.00,0.0,0.0,0.0
WF-3-BJ246,496253.95,5404972.22,15.02,23.4,102.78,263.9394,4.00,0.0,0.0,0.0
WF-3-BJ247,496228.91,5404972.22,15.02,23.2,101.83,264.4763,4.00,0.0,0.0,0.0
WF-3-BJ248,496203.87,5404972.22,14.98,23.0,100.56,265.4757,4.00,0.0,0.0,0.0
WF-3-BJ249,496178.84,5404972.22,14.94,22.7,99.29,266.4752,4.00,0.0,0.0,0.0
WF-3-BJ250,496153.80,5404972.22,14.88,22.5,97.79,267.8029,4.00,0.0,0.0,0.0
WF-3-BJ251,496128.76,5404972.22,14.80,22.1,96.03,269.5043,4.00,0.0,0.0,0.0
WF-3-BJ252,496103.72,5404972.22,14.72,21.8,94.26,271.2057,4.00,0.0,0.0,0.0
WF-3-BJ253,496078.68,5404972.22,14.61,21.3,92.09,273.4859,4.00,0.0,0.0,0.0
WF-3-BJ254,496053.64,5404972.22,14.48,20.9,89.79,275.9363,4.00,0.0,0.0,0.0
WF-3-BJ255,496028.60,5404972.22,14.36,20.4,87.49,278.4118,4.00,0.0,0.0,0.0
WF-3-BJ256,496003.56,5404972.22,14.23,19.9,85.02,281.1853,4.00,0.0,0.0,0.0
WF-3-BJ257,495978.52,5404972.22,14.10,19.4,82.55,283.9587,4.00,0.0,0.0,0.0
WF-3-BJ258,495953.48,5404972.22,13.98,19.0,80.41,286.3834,4.00,0.0,0.0,0.0
WF-3-BJ259,495928.44,5404972.22,13.90,18.7,78.78,288.2458,4.00,0.0,0.0,0.0
WF-3-BJ260,495903.40,5404972.22,13.82,18.3,77.15,290.1082,4.00,0.0,0.0,0.0
WF-3-BJ261,495878.36,5404972.22,13.80,18.3,76.79,290.5374,4.00,0.0,0.0,0.0
WF-3-BJ262,495853.32,5404972.22,13.80,18.3,77.00,290.3163,4.00,0.0,0.0,0.0
WF-3-BJ263,495828.28,5404972.22,13.80,18.4,77.21,290.0952,4.00,0.0,0.0,0.0
WF-3-BJ264,495803.24,5404972.22,13.82,18.8,78.96,288.3358,4.00,0.0,0.0,0.0
WF-3-BJ265,495778.20,5404972.22,13.84,19.2,80.71,286.5655,4.00,0.0,0.0,0.0
WF-3-BJ266,495753.16,5404972.22,13.83,19.6,82.57,284.8136,4.00,0.0,0.0,0.0
WF-3-BJ267,495728.12,5404972.22,13.75,20.1,84.70,283.1053,4.00,0.0,0.0,0.0
WF-3-BJ268,495703.08,5404972.22,13.67,20.6,86.83,281.3969,4.00,0.0,0.0,0.0
WF-3-BJ269,495678.04,5404972.22,13.50,21.1,88.74,280.3380,4.00,0.0,0.0,0.0
WF-3-BJ270,495653.00,5404946.55,13.13,21.8,90.98,279.4816,4.00,0.0,0.0,0.0
WF-3-BJ271,495653.00,5404920.88,12.98,22.0,91.61,279.0318,4.00,0.0,0.0,0.0
WF-3-BJ272,495653.00,5404895.22,12.84,22.2,92.51,278.2373,4.00,0.0,0.0,0.0
WF-3-BJ273,495653.00,5404869.55,12.71,22.5,93.41,277.3577,4.00,0.0,0.0,0.0
WF-3-BJ274,495653.00,5404843.88,12.64,22.8,94.33,275.9305,4.00,0.0,0.0,0.0
WF-3-BJ275,495653.00,5404818.22,12.58,23.0,95.26,274.5034,4.00,0.0,0.0,0.0
WF-3-BJ276,495653.00,5404792.55,12.63,23.2,96.02,272.3361,4.00,0.0,0.0,0.0
WF-3-BJ277,495653.00,5404766.88,12.69,23.4,96.76,270.0621,4.00,0.0,0.0,0.0
WF-3-BJ278,495653.00,5404741.22,12.83,23.6,97.38,267.2209,4.00,0.0,0.0,0.0
WF-3-BJ279,495653.00,5404715.55,13.01,23.7,97.92,264.0222,4.00,0.0,0.0,0.0
WF-3-BJ280,495653.00,5404689.88,13.20,23.9,98.40,260.5749,4.00,0.0,0.0,0.0
WF-4-BJ1,495678.30,5405002.22,13.62,21.0,88.55,280.4695,4.00,0.0,0.0,0.0
WF-4-BJ2,495703.34,5405002.22,13.76,20.6,86.68,281.6275,4.00,0.0,0.0,0.0
WF-4-BJ3,495728.38,5405002.22,13.81,20.1,84.60,283.3287,4.00,0.0,0.0,0.0
WF-4-BJ4,495753.42,5405002.22,13.86,19.6,82.52,285.0298,4.00,0.0,0.0,0.0
WF-4-BJ5,495778.46,5405002.22,13.86,19.1,80.71,286.7238,4.00,0.0,0.0,0.0
WF-4-BJ6,495803.49,5405002.22,13.84,18.8,79.01,288.4148,4.00,0.0,0.0,0.0
WF-4-BJ7,495828.53,5405002.22,13.81,18.4,77.34,290.0803,4.00,0.0,0.0,0.0
WF-4-BJ8,495853.57,5405002.22,13.81,18.3,77.13,290.2894,4.00,0.0,0.0,0.0
WF-4-BJ9,495878.61,5405002.22,13.81,18.3,76.93,290.4984,4.00,0.0,0.0,0.0
WF-4-BJ10,495903.65,5405002.22,13.83,18.4,77.31,290.0749,4.00,0.0,0.0,0.0
WF-4-BJ11,495928.68,5405002.22,13.91,18.7,78.91,288.3200,4.00,0.0,0.0,0.0
WF-4-BJ12,495953.72,5405002.22,13.99,19.0,80.50,286.5650,4.00,0.0,0.0,0.0
WF-4-BJ13,495978.76,5405002.22,14.11,19.4,82.63,284.2638,4.00,0.0,0.0,0.0
WF-4-BJ14,496003.80,5405002.22,14.24,19.9,85.08,281.6375,4.00,0.0,0.0,0.0
WF-4-BJ15,496028.83,5405002.22,14.38,20.4,87.52,279.0113,4.00,0.0,0.0,0.0
WF-4-BJ16,496053.87,5405002.22,14.50,20.9,89.82,276.6677,4.00,0.0,0.0,0.0
WF-4-BJ17,496078.91,5405002.22,14.63,21.3,92.12,274.3448,4.00,0.0,0.0,0.0
WF-4-BJ18,496103.95,5405002.22,14.75,21.7,94.29,272.1959,4.00,0.0,0.0,0.0
WF-4-BJ19,496128.99,5405002.22,14.84,22.1,96.06,270.6082,4.00,0.0,0.0,0.0
WF-4-BJ20,496154.02,5405002.22,14.93,22.4,97.84,269.0206,4.00,0.0,0.0,0.0
WF-4-BJ21,496179.06,5405002.22,14.99,22.7,99.34,267.8191,4.00,0.0,0.0,0.0
WF-4-BJ22,496204.10,5405002.22,15.04,22.9,100.61,266.9444,4.00,0.0,0.0,0.0
WF-4-BJ23,496229.14,5405002.22,15.09,23.2,101.89,266.0698,4.00,0.0,0.0,0.0
WF-4-BJ24,496254.17,5405002.22,15.11,23.4,102.83,265.6873,4.00,0.0,0.0,0.0
WF-4-BJ25,496279.21,5405002.22,15.13,23.5,103.72,265.3941,4.00,0.0,0.0,0.0
WF-4-BJ26,496304.25,5405002.22,15.15,23.7,104.56,265.1736,4.00,0.0,0.0,0.0
WF-4-BJ27,496329.29,5405002.22,15.14,23.8,105.18,265.3615,4.00,0.0,0.0,0.0
WF-4-BJ28,496354.33,5405002.22,15.14,23.9,105.79,265.5493,4.00,0.0,0.0,0.0
WF-4-BJ29,496379.36,5405002.22,15.14,24.0,106.32,265.9381,4.00,0.0,0.0,0.0
WF-4-BJ30,496404.40,5405002.22,15.13,24.1,106.74,266.5666,4.00,0.0,0.0,0.0
WF-4-BJ31,496429.44,5405002.22,15.13,24.2,107.17,267.1951,4.00,0.0,0.0,0.0
WF-4-BJ32,496454.48,5405002.22,15.13,24.3,107.49,268.1563,4.00,0.0,0.0,0.0
WF-4-BJ33,496479.52,5405002.22,15.14,24.3,107.79,269.2221,4.00,0.0,0.0,0.0
WF-4-BJ34,496504.55,5405002.22,15.14,24.4,108.08,270.3151,4.00,0.0,0.0,0.0
WF-4-BJ35,496529.59,5405002.22,15.16,24.4,108.29,271.7963,4.00,0.0,0.0,0.0
WF-4-BJ36,496554.63,5405002.22,15.18,24.5,108.50,273.2775,4.00,0.0,0.0,0.0
WF-4-BJ37,496579.67,5405002.22,15.21,24.5,108.70,274.8748,4.00,0.0,0.0,0.0
WF-4-BJ38,496604.70,5405002.22,15.24,24.6,108.86,276.6694,4.00,0.0,0.0,0.0
WF-4-BJ39,496629.74,5405002.22,15.27,24.6,109.01,278.4639,4.00,0.0,0.0,0.0
WF-4-BJ40,496654.78,5405002.22,15.30,24.6,109.14,280.3300,4.00,0.0,0.0,0.0
WF-4-BJ41,496679.82,5405002.22,15.34,24.7,109.24,282.2303,4.00,0.0,0.0,0.0
WF-4-BJ42,496704.86,5405002.22,15.38,24.7,109.34,284.1307,4.00,0.0,0.0,0.0
WF-4-BJ43,496729.89,5405002.22,15.43,24.7,109.36,285.8794,4.00,0.0,0.0,0.0
WF-4-BJ44,496754.93,5405002.22,15.49,24.7,109.37,287.6250,4.00,0.0,0.0,0.0
WF-4-BJ45,496779.97,5405002.22,15.57,24.7,109.34,289.2747,4.00,0.0,0.0,0.0
WF-4-BJ46,496805.01,5405002.22,15.67,24.7,109.20,290.6838,4.00,0.0,0.0,0.0
WF-4-BJ47,496830.05,5405002.22,15.77,24.8,109.06,292.0929,4.00,0.0,0.0,0.0
WF-4-BJ48,496855.08,5405002.22,15.91,24.8,108.82,293.3207,4.00,0.0,0.0,0.0
WF-4-BJ49,496880.12,5405002.22,16.07,24.8,108.51,294.4225,4.00,0.0,0.0,0.0
WF-4-BJ50,496905.16,5405002.22,16.23,24.8,108.19,295.5242,4.00,0.0,0.0,0.0
WF-4-BJ51,496930.20,5405002.22,16.42,24.8,107.73,296.5750,4.00,0.0,0.0,0.0
WF-4-BJ52,496955.23,5405002.22,16.61,24.8,107.25,297.6198,4.00,0.0,0.0,0.0
WF-4-BJ53,496980.27,5405002.22,16.80,24.8,106.76,298.7230,4.00,0.0,0.0,0.0
WF-4-BJ54,497005.31,5405002.22,16.99,24.8,106.18,300.0600,4.00,0.0,0.0,0.0
WF-4-BJ55,497030.35,5405002.22,17.17,24.8,105.60,301.3970,4.00,0.0,0.0,0.0
WF-4-BJ56,497055.39,5405002.22,17.32,24.8,105.00,303.0410,4.00,0.0,0.0,0.0
WF-4-BJ57,497080.42,5405002.22,17.44,24.8,104.40,304.9860,4.00,0.0,0.0,0.0
WF-4-BJ58,497105.46,5405002.22,17.55,24.9,103.79,306.9311,4.00,0.0,0.0,0.0
WF-4-BJ59,497130.50,5405002.22,17.58,24.9,103.24,309.5483,4.00,0.0,0.0,0.0
WF-4-BJ60,497155.54,5405002.22,17.59,24.9,102.69,312.3237,4.00,0.0,0.0,0.0
WF-4-BJ61,497180.57,5405002.22,17.57,24.9,102.16,315.2053,4.00,0.0,0.0,0.0
WF-4-BJ62,497205.61,5405002.22,17.43,24.9,101.76,318.9092,4.00,0.0,0.0,0.0
WF-4-BJ63,497230.65,5405002.22,17.29,24.9,101.36,322.6132,4.00,0.0,0.0,0.0
WF-4-BJ64,497255.69,5405002.22,17.09,24.9,101.06,326.6415,4.00,0.0,0.0,0.0
WF-4-BJ65,497280.73,5405002.22,16.79,24.9,100.91,331.1190,4.00,0.0,0.0,0.0
WF-4-BJ66,497305.76,5405002.22,16.49,24.9,100.76,335.5964,4.00,0.0,0.0,0.0
WF-4-BJ67,497330.80,5405002.22,16.13,25.0,100.82,340.0509,4.00,0.0,0.0,0.0
WF-4-BJ68,497355.84,5405002.22,15.75,25.0,100.96,344.4967,4.00,0.0,0.0,0.0
WF-4-BJ69,497380.88,5405002.22,15.37,25.0,101.10,348.8886,4.00,0.0,0.0,0.0
WF-4-BJ70,497405.92,5405002.22,15.11,25.0,101.32,351.4808,4.00,0.0,0.0,0.0
WF-4-BJ71,497430.95,5405002.22,14.85,25.0,101.54,354.0729,4.00,0.0,0.0,0.0
WF-4-BJ72,497455.99,5405002.22,14.71,25.0,101.61,355.5937,4.00,0.0,0.0,0.0
WF-4-BJ73,497481.03,5405002.22,14.79,25.0,101.38,354.9770,4.00,0.0,0.0,0.0
WF-4-BJ74,497506.07,5405002.22,14.87,25.0,101.15,354.3604,4.00,0.0,0.0,0.0
WF-4-BJ75,497531.10,5405002.22,15.07,25.0,100.51,352.8089,4.00,0.0,0.0,0.0
WF-4-BJ76,497556.14,5405002.22,15.33,25.0,99.65,350.7287,4.00,0.0,0.0,0.0
WF-4-BJ77,497581.18,5405002.22,15.59,25.0,98.78,348.6486,4.00,0.0,0.0,0.0
WF-4-BJ78,497606.22,5405002.22,15.69,25.0,97.70,347.7430,4.00,0.0,0.0,0.0
WF-4-BJ79,497631.26,5405002.22,15.78,25.0,96.60,346.9077,4.00,0.0,0.0,0.0
WF-4-BJ80,497656.29,5405002.22,15.79,25.0,95.54,346.5698,4.00,0.0,0.0,0.0
WF-4-BJ81,497681.33,5405002.22,15.58,25.0,94.59,347.7361,4.00,0.0,0.0,0.0
WF-4-BJ82,497706.37,5405002.22,15.36,25.0,93.63,348.9025,4.00,0.0,0.0,0.0
WF-4-BJ83,497731.41,5405002.22,15.02,25.0,92.80,350.8814,4.00,0.0,0.0,0.0
WF-4-BJ84,497756.44,5405002.22,14.56,25.0,92.07,353.5162,4.00,0.0,0.0,0.0
WF-4-BJ85,497781.48,5405002.22,14.10,25.0,91.35,356.1510,4.00,0.0,0.0,0.0
WF-4-BJ86,497806.52,5405002.22,13.57,25.0,90.82,359.1370,4.00,0.0,0.0,0.0
WF-4-BJ87,497831.56,5405002.22,13.03,25.0,90.33,362.1810,4.00,0.0,0.0,0.0
WF-4-BJ88,497856.60,5405002.22,12.53,25.0,89.90,365.0219,4.00,0.0,0.0,0.0
WF-4-BJ89,497881.63,5405002.22,12.20,25.0,89.74,366.8205,4.00,0.0,0.0,0.0
WF-4-BJ90,497906.67,5405002.22,11.86,25.0,89.58,368.6190,4.00,0.0,0.0,0.0
WF-4-BJ91,497931.71,5405002.22,11.73,25.0,89.65,369.2169,4.00,0.0,0.0,0.0
WF-4-BJ92,497956.75,5405002.22,11.83,25.0,89.97,368.4493,4.00,0.0,0.0,0.0
WF-4-BJ93,497981.79,5405002.22,11.93,25.0,90.29,367.6817,4.00,0.0,0.0,0.0
WF-4-BJ94,498006.82,5405002.22,12.27,25.0,90.80,365.6330,4.00,0.0,0.0,0.0
WF-4-BJ95,498031.86,5405002.22,12.67,25.0,91.37,363.2074,4.00,0.0,0.0,0.0
WF-4-BJ96,498056.90,5405002.22,13.07,25.0,91.92,360.7777,4.00,0.0,0.0,0.0
WF-4-BJ97,498081.94,5405002.22,13.54,25.0,92.31,358.2980,4.00,0.0,0.0,0.0
WF-4-BJ98,498106.97,5405002.22,14.01,25.0,92.70,355.8183,4.00,0.0,0.0,0.0
WF-4-BJ99,498132.01,5405002.22,14.48,25.0,93.01,353.4739,4.00,0.0,0.0,0.0
WF-4-BJ100,498157.05,5405002.22,14.95,25.0,93.20,351.3481,4.00,0.0,0.0,0.0
WF-4-BJ101,498182.09,5405002.22,15.42,25.0,93.39,349.2223,4.00,0.0,0.0,0.0
WF-4-BJ102,498207.13,5405002.22,15.88,25.0,93.59,347.2500,4.00,0.0,0.0,0.0
WF-4-BJ103,498232.16,5405002.22,16.35,25.0,93.80,345.3476,4.00,0.0,0.0,0.0
WF-4-BJ104,498257.20,5405002.22,16.82,25.0,94.01,343.4451,4.00,0.0,0.0,0.0
WF-4-BJ105,498282.24,5405002.22,17.28,25.0,94.41,341.6876,4.00,0.0,0.0,0.0
WF-4-BJ106,498307.28,5405002.22,17.74,25.0,94.80,339.9312,4.00,0.0,0.0,0.0
WF-4-BJ107,498332.31,5405002.22,18.20,25.0,95.27,338.2261,4.00,0.0,0.0,0.0
WF-4-BJ108,498357.35,5405002.22,18.66,25.0,95.88,336.6422,4.00,0.0,0.0,0.0
WF-4-BJ109,498382.39,5405002.22,19.11,25.0,96.50,335.0582,4.00,0.0,0.0,0.0
WF-4-BJ110,498407.43,5405002.22,19.57,25.0,97.22,333.6176,4.00,0.0,0.0,0.0
WF-4-BJ111,498432.47,5405002.22,20.03,25.0,97.99,332.2719,4.00,0.0,0.0,0.0
WF-4-BJ112,498457.50,5405002.22,20.48,25.0,98.77,330.9261,4.00,0.0,0.0,0.0
WF-4-BJ113,498482.54,5405002.22,20.96,25.0,99.60,329.8465,4.00,0.0,0.0,0.0
WF-4-BJ114,498507.58,5405002.22,21.43,25.0,100.42,328.7943,4.00,0.0,0.0,0.0
WF-4-BJ115,498532.62,5405002.22,21.92,25.0,101.24,327.8071,4.00,0.0,0.0,0.0
WF-4-BJ116,498557.66,5405002.22,22.46,25.0,102.03,327.0619,4.00,0.0,0.0,0.0
WF-4-BJ117,498582.69,5405002.22,22.99,25.0,102.81,326.3168,4.00,0.0,0.0,0.0
WF-4-BJ118,498607.73,5405002.22,23.60,25.0,103.56,325.7053,4.00,0.0,0.0,0.0
WF-4-BJ119,498632.77,5405002.22,24.26,25.0,104.27,325.2189,4.00,0.0,0.0,0.0
WF-4-BJ120,498657.81,5405002.22,24.92,25.0,104.99,324.7325,4.00,0.0,0.0,0.0
WF-4-BJ121,498682.84,5405002.22,25.79,25.0,105.69,324.3639,4.00,0.0,0.0,0.0
WF-4-BJ122,498707.88,5405002.22,26.69,25.0,106.40,324.0209,4.00,0.0,0.0,0.0
WF-4-BJ123,498732.92,5405002.22,27.64,25.0,107.12,323.6759,4.00,0.0,0.0,0.0
WF-4-BJ124,498757.96,5405002.22,28.90,25.0,107.95,323.3171,4.00,0.0,0.0,0.0
WF-4-BJ125,498783.00,5405002.22,30.17,25.0,108.78,322.9583,4.00,0.0,0.0,0.0
WF-4-BJ126,498808.03,5405002.22,31.61,25.0,109.72,322.5382,4.00,0.0,0.0,0.0
WF-4-BJ127,498833.07,5405002.22,33.28,25.0,110.78,322.0370,4.00,0.0,0.0,0.0
WF-4-BJ128,498858.11,5405002.22,34.95,25.0,111.85,321.5359,4.00,0.0,0.0,0.0
WF-4-BJ129,498883.15,5405002.22,36.72,25.0,113.00,320.9610,4.00,0.0,0.0,0.0
WF-4-BJ130,498908.18,5405027.88,36.90,25.0,113.39,321.8491,4.00,0.0,0.0,0.0
WF-4-BJ131,498908.18,5405053.55,35.22,25.0,112.71,323.5958,4.00,0.0,0.0,0.0
WF-4-BJ132,498908.18,5405079.22,33.39,25.0,112.30,326.1041,4.00,0.0,0.0,0.0
WF-4-BJ133,498908.18,5405104.88,31.56,25.0,111.90,328.6125,4.00,0.0,0.0,0.0
WF-4-BJ134,498908.18,5405130.55,29.85,25.0,112.28,332.2323,4.00,0.0,0.0,0.0
WF-4-BJ135,498908.18,5405156.22,28.13,25.0,112.67,335.8611,4.00,0.0,0.0,0.0
WF-4-BJ136,498908.18,5405181.88,26.60,25.0,113.73,340.2352,4.00,0.0,0.0,0.0
WF-4-BJ137,498908.18,5405207.55,25.13,25.0,115.04,344.8829,4.00,0.0,0.0,0.0
WF-4-BJ138,498908.18,5405233.22,23.82,25.0,116.65,349.7117,4.00,0.0,0.0,0.0
WF-4-BJ139,498908.18,5405258.88,22.69,25.0,118.61,354.7441,4.00,0.0,0.0,0.0
WF-4-BJ140,498908.18,5405284.55,21.66,25.0,120.55,359.5702,4.00,0.0,0.0,0.0
WF-4-BJ141,498883.15,5405310.22,20.84,25.0,122.59,364.1821,4.00,0.0,0.0,0.0
WF-4-BJ142,498858.11,5405310.22,20.77,25.0,122.52,364.2584,4.00,0.0,0.0,0.0
WF-4-BJ143,498833.07,5405310.22,20.84,25.0,121.73,362.9842,4.00,0.0,0.0,0.0
WF-4-BJ144,498808.03,5405310.22,20.92,25.0,120.94,361.7100,4.00,0.0,0.0,0.0
WF-4-BJ145,498783.00,5405310.22,21.02,25.0,119.74,359.8514,4.00,0.0,0.0,0.0
WF-4-BJ146,498757.96,5405310.22,21.14,25.0,118.23,357.5498,4.00,0.0,0.0,0.0
WF-4-BJ147,498732.92,5405310.22,21.25,25.0,116.72,355.2482,4.00,0.0,0.0,0.0
WF-4-BJ148,498707.88,5405310.22,21.28,25.0,115.02,352.9766,4.00,0.0,0.0,0.0
WF-4-BJ149,498682.84,5405310.22,21.29,25.0,113.29,350.7093,4.00,0.0,0.0,0.0
WF-4-BJ150,498657.81,5405310.22,21.27,25.0,111.57,348.5531,4.00,0.0,0.0,0.0
WF-4-BJ151,498632.77,5405310.22,21.15,25.0,109.94,346.9071,4.00,0.0,0.0,0.0
WF-4-BJ152,498607.73,5405310.22,21.03,25.0,108.31,345.2612,4.00,0.0,0.0,0.0
WF-4-BJ153,498582.69,5405310.22,20.86,25.0,106.80,343.9826,4.00,0.0,0.0,0.0
WF-4-BJ154,498557.66,5405310.22,20.64,25.0,105.39,343.0965,4.00,0.0,0.0,0.0
WF-4-BJ155,498532.62,5405310.22,20.41,25.0,103.99,342.2105,4.00,0.0,0.0,0.0
WF-4-BJ156,498507.58,5405310.22,20.13,25.0,102.76,341.8766,4.00,0.0,0.0,0.0
WF-4-BJ157,498482.54,5405310.22,19.84,25.0,101.59,341.6911,4.00,0.0,0.0,0.0
WF-4-BJ158,498457.50,5405310.22,19.55,25.0,100.43,341.5614,4.00,0.0,0.0,0.0
WF-4-BJ159,498432.47,5405310.22,19.21,25.0,99.45,341.9744,4.00,0.0,0.0,0.0
WF-4-BJ160,498407.43,5405310.22,18.87,25.0,98.47,342.3874,4.00,0.0,0.0,0.0
WF-4-BJ161,498382.39,5405310.22,18.53,25.0,97.55,343.0033,4.00,0.0,0.0,0.0
WF-4-BJ162,498357.35,5405310.22,18.16,25.0,96.72,343.9261,4.00,0.0,0.0,0.0
WF-4-BJ163,498332.31,5405310.22,17.80,25.0,95.89,344.8488,4.00,0.0,0.0,0.0
WF-4-BJ164,498307.28,5405310.22,17.41,25.0,95.14,346.0809,4.00,0.0,0.0,0.0
WF-4-BJ165,498282.24,5405310.22,17.03,25.0,94.43,347.4437,4.00,0.0,0.0,0.0
WF-4-BJ166,498257.20,5405310.22,16.64,25.0,93.71,348.8094,4.00,0.0,0.0,0.0
WF-4-BJ167,498232.16,5405310.22,16.23,25.0,93.08,350.5396,4.00,0.0,0.0,0.0
WF-4-BJ168,498207.13,5405310.22,15.82,25.0,92.45,352.2698,4.00,0.0,0.0,0.0
WF-4-BJ169,498182.09,5405310.22,15.41,25.0,91.84,354.0758,4.00,0.0,0.0,0.0
WF-4-BJ170,498157.05,5405310.22,15.00,25.0,91.28,356.0484,4.00,0.0,0.0,0.0
WF-4-BJ171,498132.01,5405310.22,14.59,25.0,90.72,358.0209,4.00,0.0,0.0,0.0
WF-4-BJ172,498106.97,5405310.22,14.20,25.0,90.22,359.9870,4.00,0.0,0.0,0.0
WF-4-BJ173,498081.94,5405310.22,13.83,25.0,89.74,361.9490,4.00,0.0,0.0,0.0
WF-4-BJ174,498056.90,5405310.22,13.45,25.0,89.27,363.9110,4.00,0.0,0.0,0.0
WF-4-BJ175,498031.86,5405310.22,13.16,25.0,88.91,365.4765,4.00,0.0,0.0,0.0
WF-4-BJ176,498006.82,5405310.22,12.89,25.0,88.55,367.0085,4.00,0.0,0.0,0.0
WF-4-BJ177,497981.79,5405310.22,12.65,25.0,88.24,368.3453,4.00,0.0,0.0,0.0
WF-4-BJ178,497956.75,5405310.22,12.55,25.0,88.04,369.0179,4.00,0.0,0.0,0.0
WF-4-BJ179,497931.71,5405310.22,12.44,25.0,87.84,369.6906,4.00,0.0,0.0,0.0
WF-4-BJ180,497906.67,5405310.22,12.43,25.0,87.73,369.8525,4.00,0.0,0.0,0.0
WF-4-BJ181,497881.63,5405310.22,12.51,25.0,87.70,369.5653,4.00,0.0,0.0,0.0
WF-4-BJ182,497856.60,5405310.22,12.58,25.0,87.66,369.2781,4.00,0.0,0.0,0.0
WF-4-BJ183,497831.56,5405310.22,12.75,25.0,87.75,368.3943,4.00,0.0,0.0,0.0
WF-4-BJ184,497806.52,5405310.22,12.93,25.0,87.87,367.3942,4.00,0.0,0.0,0.0
WF-4-BJ185,497781.48,5405310.22,13.12,25.0,88.01,366.3252,4.00,0.0,0.0,0.0
WF-4-BJ186,497756.44,5405310.22,13.34,25.0,88.28,364.8382,4.00,0.0,0.0,0.0
WF-4-BJ187,497731.41,5405310.22,13.56,25.0,88.56,363.3513,4.00,0.0,0.0,0.0
WF-4-BJ188,497706.37,5405310.22,13.79,24.9,88.91,361.6974,4.00,0.0,0.0,0.0
WF-4-BJ189,497681.33,5405310.22,14.01,24.9,89.36,359.8367,4.00,0.0,0.0,0.0
WF-4-BJ190,497656.29,5405310.22,14.24,24.9,89.80,357.9760,4.00,0.0,0.0,0.0
WF-4-BJ191,497631.26,5405310.22,14.46,24.9,90.34,355.9437,4.00,0.0,0.0,0.0
WF-4-BJ192,497606.22,5405310.22,14.67,24.9,90.91,353.8546,4.00,0.0,0.0,0.0
WF-4-BJ193,497581.18,5405310.22,14.89,24.9,91.49,351.7627,4.00,0.0,0.0,0.0
WF-4-BJ194,497556.14,5405310.22,15.08,24.9,92.12,349.6217,4.00,0.0,0.0,0.0
WF-4-BJ195,497531.10,5405310.22,15.26,24.9,92.75,347.4808,4.00,0.0,0.0,0.0
WF-4-BJ196,497506.07,5405310.22,15.44,24.9,93.39,345.3645,4.00,0.0,0.0,0.0
WF-4-BJ197,497481.03,5405310.22,15.59,24.9,94.04,343.2917,4.00,0.0,0.0,0.0
WF-4-BJ198,497455.99,5405310.22,15.74,24.9,94.69,341.2190,4.00,0.0,0.0,0.0
WF-4-BJ199,497430.95,5405310.22,15.86,24.9,95.35,339.2273,4.00,0.0,0.0,0.0
WF-4-BJ200,497405.92,5405310.22,15.96,24.9,96.01,337.2763,4.00,0.0,0.0,0.0
WF-4-BJ201,497380.88,5405310.22,16.06,24.9,96.68,335.3252,4.00,0.0,0.0,0.0
WF-4-BJ202,497355.84,5405310.22,16.11,24.9,97.39,333.5414,4.00,0.0,0.0,0.0
WF-4-BJ203,497330.80,5405310.22,16.15,24.9,98.10,331.7626,4.00,0.0,0.0,0.0
WF-4-BJ204,497305.76,5405310.22,16.17,24.9,98.84,330.0606,4.00,0.0,0.0,0.0
WF-4-BJ205,497280.73,5405310.22,16.13,24.9,99.66,328.5602,4.00,0.0,0.0,0.0
WF-4-BJ206,497255.69,5405310.22,16.09,24.9,100.48,327.0597,4.00,0.0,0.0,0.0
WF-4-BJ207,497230.65,5405310.22,15.99,24.9,101.40,325.8241,4.00,0.0,0.0,0.0
WF-4-BJ208,497205.61,5405310.22,15.83,24.9,102.40,324.7796,4.00,0.0,0.0,0.0
WF-4-BJ209,497180.57,5405310.22,15.68,24.9,103.39,323.7351,4.00,0.0,0.0,0.0
WF-4-BJ210,497155.54,5405310.22,15.38,24.9,104.61,323.3018,4.00,0.0,0.0,0.0
WF-4-BJ211,497130.50,5405310.22,15.07,24.9,105.86,322.9476,4.00,0.0,0.0,0.0
WF-4-BJ212,497105.46,5405310.22,14.71,24.9,107.17,322.7713,4.00,0.0,0.0,0.0
WF-4-BJ213,497080.42,5405310.22,14.20,24.9,108.73,323.3521,4.00,0.0,0.0,0.0
WF-4-BJ214,497055.39,5405310.22,13.69,24.9,110.29,323.9329,4.00,0.0,0.0,0.0
WF-4-BJ215,497030.35,5405310.22,13.08,24.9,111.98,325.0271,4.00,0.0,0.0,0.0
WF-4-BJ216,497005.31,5405310.22,12.37,24.9,113.81,326.6446,4.00,0.0,0.0,0.0
WF-4-BJ217,496980.27,5405310.22,11.66,24.9,115.64,328.2621,4.00,0.0,0.0,0.0
WF-4-BJ218,496955.23,5405310.22,10.93,24.9,117.40,330.3496,4.00,0.0,0.0,0.0
WF-4-BJ219,496930.20,5405310.22,10.18,24.9,119.14,332.5546,4.00,0.0,0.0,0.0
WF-4-BJ220,496905.16,5405310.22,9.48,25.0,120.79,334.6711,4.00,0.0,0.0,0.0
WF-4-BJ221,496880.12,5405310.22,9.07,25.0,121.68,336.0343,4.00,0.0,0.0,0.0
WF-4-BJ222,496855.08,5405310.22,8.67,25.0,122.57,337.3975,4.00,0.0,0.0,0.0
WF-4-BJ223,496830.05,5405310.22,8.53,25.0,122.91,337.7725,4.00,0.0,0.0,0.0
WF-4-BJ224,496805.01,5405310.22,8.77,25.0,122.43,336.7247,4.00,0.0,0.0,0.0
WF-4-BJ225,496779.97,5405310.22,9.01,25.0,121.96,335.6768,4.00,0.0,0.0,0.0
WF-4-BJ226,496754.93,5405310.22,9.58,24.9,120.88,332.9884,4.00,0.0,0.0,0.0
WF-4-BJ227,496729.89,5405310.22,10.28,24.9,119.57,329.6450,4.00,0.0,0.0,0.0
WF-4-BJ228,496704.86,5405310.22,10.98,24.9,118.26,326.2833,4.00,0.0,0.0,0.0
WF-4-BJ229,496679.82,5405310.22,11.71,24.9,117.03,321.9985,4.00,0.0,0.0,0.0
WF-4-BJ230,496654.78,5405310.22,12.43,24.8,115.81,317.7137,4.00,0.0,0.0,0.0
WF-4-BJ231,496629.74,5405310.22,13.09,24.8,114.77,313.4311,4.00,0.0,0.0,0.0
WF-4-BJ232,496604.70,5405310.22,13.60,24.7,114.11,309.1530,4.00,0.0,0.0,0.0
WF-4-BJ233,496579.67,5405310.22,14.12,24.7,113.45,304.8748,4.00,0.0,0.0,0.0
WF-4-BJ234,496554.63,5405310.22,14.49,24.7,113.15,300.7825,4.00,0.0,0.0,0.0
WF-4-BJ235,496529.59,5405310.22,14.76,24.6,113.08,296.7995,4.00,0.0,0.0,0.0
WF-4-BJ236,496504.55,5405310.22,15.04,24.6,113.01,292.8165,4.00,0.0,0.0,0.0
WF-4-BJ237,496479.52,5405310.22,15.14,24.5,113.35,289.1499,4.00,0.0,0.0,0.0
WF-4-BJ238,496454.48,5405310.22,15.23,24.5,113.73,285.5057,4.00,0.0,0.0,0.0
WF-4-BJ239,496429.44,5405310.22,15.30,24.4,114.17,281.9570,4.00,0.0,0.0,0.0
WF-4-BJ240,496404.40,5405310.22,15.27,24.4,114.80,278.7129,4.00,0.0,0.0,0.0
WF-4-BJ241,496379.36,5405310.22,15.24,24.4,115.44,275.4688,4.00,0.0,0.0,0.0
WF-4-BJ242,496354.33,5405310.22,15.17,24.3,116.08,272.5245,4.00,0.0,0.0,0.0
WF-4-BJ243,496329.29,5405310.22,15.08,24.3,116.74,269.8318,4.00,0.0,0.0,0.0
WF-4-BJ244,496304.25,5405310.22,14.99,24.2,117.39,267.1391,4.00,0.0,0.0,0.0
WF-4-BJ245,496279.21,5405310.22,14.90,24.2,117.83,265.0875,4.00,0.0,0.0,0.0
WF-4-BJ246,496254.17,5405310.22,14.80,24.1,118.24,263.1501,4.00,0.0,0.0,0.0
WF-4-BJ247,496229.14,5405310.22,14.70,24.1,118.57,261.3515,4.00,0.0,0.0,0.0
WF-4-BJ248,496204.10,5405310.22,14.64,24.0,118.51,260.3182,4.00,0.0,0.0,0.0
WF-4-BJ249,496179.06,5405310.22,14.57,23.9,118.45,259.2849,4.00,0.0,0.0,0.0
WF-4-BJ250,496154.02,5405310.22,14.52,23.8,118.14,258.6560,4.00,0.0,0.0,0.0
WF-4-BJ251,496128.99,5405310.22,14.50,23.8,117.54,258.5049,4.00,0.0,0.0,0.0
WF-4-BJ252,496103.95,5405310.22,14.47,23.7,116.93,258.3537,4.00,0.0,0.0,0.0
WF-4-BJ253,496078.91,5405310.22,14.48,23.6,115.99,258.7074,4.00,0.0,0.0,0.0
WF-4-BJ254,496053.87,5405310.22,14.49,23.5,114.96,259.2176,4.00,0.0,0.0,0.0
WF-4-BJ255,496028.83,5405310.22,14.50,23.4,113.91,259.7505,4.00,0.0,0.0,0.0
WF-4-BJ256,496003.80,5405310.22,14.53,23.3,112.70,260.5927,4.00,0.0,0.0,0.0
WF-4-BJ257,495978.76,5405310.22,14.55,23.2,111.48,261.4349,4.00,0.0,0.0,0.0
WF-4-BJ258,495953.72,5405310.22,14.58,23.1,110.30,262.2881,4.00,0.0,0.0,0.0
WF-4-BJ259,495928.68,5405310.22,14.61,23.0,109.16,263.1598,4.00,0.0,0.0,0.0
WF-4-BJ260,495903.65,5405310.22,14.65,23.0,108.03,264.0315,4.00,0.0,0.0,0.0
WF-4-BJ261,495878.61,5405310.22,14.67,22.9,107.06,264.7983,4.00,0.0,0.0,0.0
WF-4-BJ262,495853.57,5405310.22,14.70,22.9,106.17,265.5151,4.00,0.0,0.0,0.0
WF-4-BJ263,495828.53,5405310.22,14.73,22.8,105.28,266.2320,4.00,0.0,0.0,0.0
WF-4-BJ264,495803.49,5405310.22,14.75,22.8,104.67,266.7445,4.00,0.0,0.0,0.0
WF-4-BJ265,495778.46,5405310.22,14.77,22.8,104.06,267.2533,4.00,0.0,0.0,0.0
WF-4-BJ266,495753.42,5405310.22,14.79,22.8,103.52,267.7120,4.00,0.0,0.0,0.0
WF-4-BJ267,495728.38,5405310.22,14.80,22.9,103.15,268.0464,4.00,0.0,0.0,0.0
WF-4-BJ268,495703.34,5405310.22,14.81,22.9,102.78,268.3808,4.00,0.0,0.0,0.0
WF-4-BJ269,495678.30,5405310.22,14.82,22.9,102.51,268.6481,4.00,0.0,0.0,0.0
WF-4-BJ270,495653.27,5405284.55,14.75,22.9,100.95,269.9162,4.00,0.0,0.0,0.0
WF-4-BJ271,495653.27,5405258.88,14.65,22.7,99.62,270.9924,4.00,0.0,0.0,0.0
WF-4-BJ272,495653.27,5405233.22,14.55,22.5,98.28,272.0765,4.00,0.0,0.0,0.0
WF-4-BJ273,495653.27,5405207.55,14.44,22.4,96.98,273.1612,4.00,0.0,0.0,0.0
WF-4-BJ274,495653.27,5405181.88,14.32,22.2,95.71,274.2465,4.00,0.0,0.0,0.0
WF-4-BJ275,495653.27,5405156.22,14.20,22.0,94.49,275.3112,4.00,0.0,0.0,0.0
WF-4-BJ276,495653.27,5405130.55,14.07,21.9,93.40,276.3198,4.00,0.0,0.0,0.0
WF-4-BJ277,495653.27,5405104.88,13.95,21.7,92.30,277.3265,4.00,0.0,0.0,0.0
WF-4-BJ278,495653.27,5405079.22,13.82,21.6,91.55,278.1060,4.00,0.0,0.0,0.0
WF-4-BJ279,495653.27,5405053.55,13.70,21.5,90.80,278.8856,4.00,0.0,0.0,0.0
WF-4-BJ280,495653.27,5405027.88,13.57,21.5,90.47,279.3402,4.00,0.0,0.0,0.0
WF-5-BJ1,495678.66,5405340.22,14.90,23.1,104.23,267.3149,4.00,0.0,0.0,0.0
WF-5-BJ2,495703.79,5405340.22,14.88,23.1,104.67,266.9181,4.00,0.0,0.0,0.0
WF-5-BJ3,495728.92,5405340.22,14.86,23.1,105.22,266.4372,4.00,0.0,0.0,0.0
WF-5-BJ4,495754.04,5405340.22,14.83,23.1,105.76,265.9563,4.00,0.0,0.0,0.0
WF-5-BJ5,495779.17,5405340.22,14.80,23.1,106.49,265.3291,4.00,0.0,0.0,0.0
WF-5-BJ6,495804.29,5405340.22,14.76,23.1,107.29,264.6500,4.00,0.0,0.0,0.0
WF-5-BJ7,495829.42,5405340.22,14.73,23.1,108.10,263.9594,4.00,0.0,0.0,0.0
WF-5-BJ8,495854.55,5405340.22,14.68,23.1,109.17,263.0601,4.00,0.0,0.0,0.0
WF-5-BJ9,495879.67,5405340.22,14.63,23.2,110.24,262.1608,4.00,0.0,0.0,0.0
WF-5-BJ10,495904.80,5405340.22,14.58,23.2,111.40,261.2037,4.00,0.0,0.0,0.0
WF-5-BJ11,495929.92,5405340.22,14.53,23.3,112.69,260.1466,4.00,0.0,0.0,0.0
WF-5-BJ12,495955.05,5405340.22,14.47,23.4,113.99,259.0895,4.00,0.0,0.0,0.0
WF-5-BJ13,495980.18,5405340.22,14.42,23.5,115.32,258.0612,4.00,0.0,0.0,0.0
WF-5-BJ14,496005.30,5405340.22,14.36,23.6,116.66,257.0463,4.00,0.0,0.0,0.0
WF-5-BJ15,496030.43,5405340.22,14.30,23.6,118.00,256.0314,4.00,0.0,0.0,0.0
WF-5-BJ16,496055.55,5405340.22,14.27,23.7,119.09,255.4013,4.00,0.0,0.0,0.0
WF-5-BJ17,496080.68,5405340.22,14.24,23.8,120.19,254.7730,4.00,0.0,0.0,0.0
WF-5-BJ18,496105.81,5405340.22,14.22,23.9,121.12,254.3875,4.00,0.0,0.0,0.0
WF-5-BJ19,496130.93,5405340.22,14.24,24.0,121.67,254.5431,4.00,0.0,0.0,0.0
WF-5-BJ20,496156.06,5405340.22,14.25,24.0,122.22,254.6987,4.00,0.0,0.0,0.0
WF-5-BJ21,496181.18,5405340.22,14.31,24.1,122.35,255.5133,4.00,0.0,0.0,0.0
WF-5-BJ22,496206.31,5405340.22,14.39,24.1,122.23,256.7248,4.00,0.0,0.0,0.0
WF-5-BJ23,496231.44,5405340.22,14.47,24.2,122.10,257.9362,4.00,0.0,0.0,0.0
WF-5-BJ24,496256.56,5405340.22,14.59,24.2,121.44,260.1434,4.00,0.0,0.0,0.0
WF-5-BJ25,496281.69,5405340.22,14.72,24.3,120.74,262.4159,4.00,0.0,0.0,0.0
WF-5-BJ26,496306.81,5405340.22,14.85,24.3,119.97,264.8979,4.00,0.0,0.0,0.0
WF-5-BJ27,496331.94,5405340.22,14.98,24.3,118.99,267.9996,4.00,0.0,0.0,0.0
WF-5-BJ28,496357.07,5405340.22,15.11,24.4,118.01,271.1013,4.00,0.0,0.0,0.0
WF-5-BJ29,496382.19,5405340.22,15.21,24.4,117.05,274.4990,4.00,0.0,0.0,0.0
WF-5-BJ30,496407.32,5405340.22,15.29,24.5,116.11,278.1229,4.00,0.0,0.0,0.0
WF-5-BJ31,496432.44,5405340.22,15.36,24.5,115.17,281.7467,4.00,0.0,0.0,0.0
WF-5-BJ32,496457.57,5405340.22,15.32,24.5,114.51,285.6232,4.00,0.0,0.0,0.0
WF-5-BJ33,496482.70,5405340.22,15.26,24.6,113.89,289.5337,4.00,0.0,0.0,0.0
WF-5-BJ34,496507.82,5405340.22,15.17,24.6,113.37,293.4778,4.00,0.0,0.0,0.0
WF-5-BJ35,496532.95,5405340.22,14.92,24.6,113.27,297.5595,4.00,0.0,0.0,0.0
WF-5-BJ36,496558.07,5405340.22,14.67,24.7,113.16,301.6412,4.00,0.0,0.0,0.0
WF-5-BJ37,496583.20,5405340.22,14.30,24.7,113.39,305.7771,4.00,0.0,0.0,0.0
WF-5-BJ38,496608.33,5405340.22,13.80,24.7,113.93,309.9650,4.00,0.0,0.0,0.0
WF-5-BJ39,496633.45,5405340.22,13.31,24.8,114.47,314.1529,4.00,0.0,0.0,0.0
WF-5-BJ40,496658.58,5405340.22,12.64,24.8,115.50,318.2173,4.00,0.0,0.0,0.0
WF-5-BJ41,496683.70,5405340.22,11.94,24.9,116.63,322.2554,4.00,0.0,0.0,0.0
WF-5-BJ42,496708.83,5405340.22,11.24,24.9,117.78,326.1603,4.00,0.0,0.0,0.0
WF-5-BJ43,496733.96,5405340.22,10.57,24.9,119.02,329.2385,4.00,0.0,0.0,0.0
WF-5-BJ44,496759.08,5405340.22,9.89,24.9,120.27,332.3166,4.00,0.0,0.0,0.0
WF-5-BJ45,496784.21,5405340.22,9.42,25.0,121.15,334.4495,4.00,0.0,0.0,0.0
WF-5-BJ46,496809.33,5405340.22,9.18,25.0,121.59,335.4410,4.00,0.0,0.0,0.0
WF-5-BJ47,496834.46,5405340.22,8.95,25.0,122.03,336.4325,4.00,0.0,0.0,0.0
WF-5-BJ48,496859.59,5405340.22,9.18,25.0,121.48,335.7853,4.00,0.0,0.0,0.0
WF-5-BJ49,496884.71,5405340.22,9.56,25.0,120.62,334.6413,4.00,0.0,0.0,0.0
WF-5-BJ50,496909.84,5405340.22,9.96,25.0,119.71,333.4347,4.00,0.0,0.0,0.0
WF-5-BJ51,496934.96,5405340.22,10.66,24.9,118.05,331.5242,4.00,0.0,0.0,0.0
WF-5-BJ52,496960.09,5405340.22,11.36,24.9,116.39,329.6138,4.00,0.0,0.0,0.0
WF-5-BJ53,496985.22,5405340.22,12.04,24.9,114.69,327.8976,4.00,0.0,0.0,0.0
WF-5-BJ54,497010.34,5405340.22,12.70,24.9,112.93,326.4778,4.00,0.0,0.0,0.0
WF-5-BJ55,497035.47,5405340.22,13.37,24.9,111.17,325.0581,4.00,0.0,0.0,0.0
WF-5-BJ56,497060.60,5405340.22,13.91,24.9,109.59,324.2928,4.00,0.0,0.0,0.0
WF-5-BJ57,497085.72,5405340.22,14.39,24.9,108.07,323.7946,4.00,0.0,0.0,0.0
WF-5-BJ58,497110.85,5405340.22,14.87,24.9,106.55,323.3177,4.00,0.0,0.0,0.0
WF-5-BJ59,497135.97,5405340.22,15.17,24.9,105.32,323.6862,4.00,0.0,0.0,0.0
WF-5-BJ60,497161.10,5405340.22,15.46,24.9,104.08,324.0547,4.00,0.0,0.0,0.0
WF-5-BJ61,497186.23,5405340.22,15.71,24.9,102.92,324.6516,4.00,0.0,0.0,0.0
WF-5-BJ62,497211.35,5405340.22,15.85,24.9,101.91,325.6939,4.00,0.0,0.0,0.0
WF-5-BJ63,497236.48,5405340.22,16.00,24.9,100.90,326.7362,4.00,0.0,0.0,0.0
WF-5-BJ64,497261.60,5405340.22,16.07,24.9,100.00,328.0944,4.00,0.0,0.0,0.0
WF-5-BJ65,497286.73,5405340.22,16.10,24.9,99.14,329.6203,4.00,0.0,0.0,0.0
WF-5-BJ66,497311.86,5405340.22,16.13,24.9,98.29,331.1462,4.00,0.0,0.0,0.0
WF-5-BJ67,497336.98,5405340.22,16.08,24.9,97.53,333.0012,4.00,0.0,0.0,0.0
WF-5-BJ68,497362.11,5405340.22,16.02,24.9,96.76,334.8671,4.00,0.0,0.0,0.0
WF-5-BJ69,497387.23,5405340.22,15.95,24.9,96.01,336.8031,4.00,0.0,0.0,0.0
WF-5-BJ70,497412.36,5405340.22,15.83,24.9,95.29,338.9176,4.00,0.0,0.0,0.0
WF-5-BJ71,497437.49,5405340.22,15.71,24.9,94.57,341.0321,4.00,0.0,0.0,0.0
WF-5-BJ72,497462.61,5405340.22,15.57,24.9,93.85,343.2539,4.00,0.0,0.0,0.0
WF-5-BJ73,497487.74,5405340.22,15.40,24.9,93.14,345.5483,4.00,0.0,0.0,0.0
WF-5-BJ74,497512.86,5405340.22,15.23,24.9,92.43,347.8426,4.00,0.0,0.0,0.0
WF-5-BJ75,497537.99,5405340.22,15.04,24.9,91.75,350.1976,4.00,0.0,0.0,0.0
WF-5-BJ76,497563.12,5405340.22,14.83,24.9,91.07,352.5586,4.00,0.0,0.0,0.0
WF-5-BJ77,497588.24,5405340.22,14.63,24.9,90.40,354.8848,4.00,0.0,0.0,0.0
WF-5-BJ78,497613.37,5405340.22,14.42,24.9,89.81,357.0914,4.00,0.0,0.0,0.0
WF-5-BJ79,497638.49,5405340.22,14.20,24.9,89.21,359.2980,4.00,0.0,0.0,0.0
WF-5-BJ80,497663.62,5405340.22,14.00,24.9,88.71,361.2618,4.00,0.0,0.0,0.0
WF-5-BJ81,497688.75,5405340.22,13.81,24.9,88.28,363.0181,4.00,0.0,0.0,0.0
WF-5-BJ82,497713.87,5405340.22,13.61,24.9,87.85,364.7743,4.00,0.0,0.0,0.0
WF-5-BJ83,497739.00,5405340.22,13.45,25.0,87.61,365.9655,4.00,0.0,0.0,0.0
WF-5-BJ84,497764.12,5405340.22,13.30,25.0,87.41,367.0597,4.00,0.0,0.0,0.0
WF-5-BJ85,497789.25,5405340.22,13.16,25.0,87.23,368.0402,4.00,0.0,0.0,0.0
WF-5-BJ86,497814.38,5405340.22,13.06,25.0,87.23,368.4566,4.00,0.0,0.0,0.0
WF-5-BJ87,497839.50,5405340.22,12.97,25.0,87.23,368.8730,4.00,0.0,0.0,0.0
WF-5-BJ88,497864.63,5405340.22,12.92,25.0,87.30,368.9874,4.00,0.0,0.0,0.0
WF-5-BJ89,497889.75,5405340.22,12.91,25.0,87.44,368.7775,4.00,0.0,0.0,0.0
WF-5-BJ90,497914.88,5405340.22,12.91,25.0,87.59,368.5676,4.00,0.0,0.0,0.0
WF-5-BJ91,497940.01,5405340.22,13.00,25.0,87.83,367.8529,4.00,0.0,0.0,0.0
WF-5-BJ92,497965.13,5405340.22,13.11,25.0,88.09,367.0090,4.00,0.0,0.0,0.0
WF-5-BJ93,497990.26,5405340.22,13.24,25.0,88.37,366.1026,4.00,0.0,0.0,0.0
WF-5-BJ94,498015.38,5405340.22,13.48,25.0,88.74,364.6934,4.00,0.0,0.0,0.0
WF-5-BJ95,498040.51,5405340.22,13.72,25.0,89.11,363.2841,4.00,0.0,0.0,0.0
WF-5-BJ96,498065.64,5405340.22,13.99,25.0,89.53,361.7356,4.00,0.0,0.0,0.0
WF-5-BJ97,498090.76,5405340.22,14.32,25.0,90.00,359.9989,4.00,0.0,0.0,0.0
WF-5-BJ98,498115.89,5405340.22,14.64,25.0,90.47,358.2621,4.00,0.0,0.0,0.0
WF-5-BJ99,498141.01,5405340.22,15.00,25.0,91.01,356.4975,4.00,0.0,0.0,0.0
WF-5-BJ100,498166.14,5405340.22,15.37,25.0,91.57,354.7229,4.00,0.0,0.0,0.0
WF-5-BJ101,498191.27,5405340.22,15.73,25.0,92.13,352.9584,4.00,0.0,0.0,0.0
WF-5-BJ102,498216.39,5405340.22,16.11,25.0,92.77,351.3693,4.00,0.0,0.0,0.0
WF-5-BJ103,498241.52,5405340.22,16.49,25.0,93.41,349.7802,4.00,0.0,0.0,0.0
WF-5-BJ104,498266.64,5405340.22,16.86,25.0,94.08,348.3115,4.00,0.0,0.0,0.0
WF-5-BJ105,498291.77,5405340.22,17.23,25.0,94.81,347.0494,4.00,0.0,0.0,0.0
WF-5-BJ106,498316.90,5405340.22,17.59,25.0,95.55,345.7873,4.00,0.0,0.0,0.0
WF-5-BJ107,498342.02,5405340.22,17.95,25.0,96.37,344.8147,4.00,0.0,0.0,0.0
WF-5-BJ108,498367.15,5405340.22,18.30,25.0,97.22,343.9769,4.00,0.0,0.0,0.0
WF-5-BJ109,498392.27,5405340.22,18.64,25.0,98.08,343.1391,4.00,0.0,0.0,0.0
WF-5-BJ110,498417.40,5405340.22,18.96,25.0,99.10,342.8161,4.00,0.0,0.0,0.0
WF-5-BJ111,498442.53,5405340.22,19.28,25.0,100.12,342.4948,4.00,0.0,0.0,0.0
WF-5-BJ112,498467.65,5405340.22,19.59,25.0,101.21,342.3687,4.00,0.0,0.0,0.0
WF-5-BJ113,498492.78,5405340.22,19.86,25.0,102.45,342.6748,4.00,0.0,0.0,0.0
WF-5-BJ114,498517.91,5405340.22,20.13,25.0,103.69,342.9809,4.00,0.0,0.0,0.0
WF-5-BJ115,498543.03,5405340.22,20.36,25.0,105.09,343.7587,4.00,0.0,0.0,0.0
WF-5-BJ116,498568.16,5405340.22,20.56,25.0,106.60,344.8191,4.00,0.0,0.0,0.0
WF-5-BJ117,498593.28,5405340.22,20.76,25.0,108.10,345.8794,4.00,0.0,0.0,0.0
WF-5-BJ118,498618.41,5405340.22,20.85,25.0,109.85,347.7279,4.00,0.0,0.0,0.0
WF-5-BJ119,498643.54,5405340.22,20.94,25.0,111.62,349.6270,4.00,0.0,0.0,0.0
WF-5-BJ120,498668.66,5405340.22,20.99,25.0,113.43,351.7046,4.00,0.0,0.0,0.0
WF-5-BJ121,498693.79,5405340.22,20.93,25.0,115.34,354.3066,4.00,0.0,0.0,0.0
WF-5-BJ122,498718.91,5405340.22,20.88,25.0,117.25,356.9087,4.00,0.0,0.0,0.0
WF-5-BJ123,498744.04,5405340.22,20.76,25.0,119.03,359.5377,4.00,0.0,0.0,0.0
WF-5-BJ124,498769.17,5405340.22,20.59,25.0,120.71,362.1873,4.00,0.0,0.0,0.0
WF-5-BJ125,498794.29,5405340.22,20.42,25.0,122.39,364.8368,4.00,0.0,0.0,0.0
WF-5-BJ126,498819.42,5405340.22,20.29,25.0,123.35,366.4546,4.00,0.0,0.0,0.0
WF-5-BJ127,498844.54,5405340.22,20.16,25.0,124.21,367.9352,4.00,0.0,0.0,0.0
WF-5-BJ128,498869.67,5405365.88,19.87,25.0,125.73,370.7037,4.00,0.0,0.0,0.0
WF-5-BJ129,498869.67,5405391.55,19.66,25.0,126.61,372.4025,4.00,0.0,0.0,0.0
WF-5-BJ130,498869.67,5405417.22,19.70,25.0,126.29,371.8521,4.00,0.0,0.0,0.0
WF-5-BJ131,498869.67,5405442.88,19.78,25.0,125.76,370.9289,4.00,0.0,0.0,0.0
WF-5-BJ132,498869.67,5405468.55,19.91,25.0,124.68,369.0737,4.00,0.0,0.0,0.0
WF-5-BJ133,498869.67,5405494.22,20.08,25.0,123.22,366.5899,4.00,0.0,0.0,0.0
WF-5-BJ134,498869.67,5405519.88,20.24,25.0,121.66,363.9693,4.00,0.0,0.0,0.0
WF-5-BJ135,498869.67,5405545.55,20.38,25.0,119.89,361.0788,4.00,0.0,0.0,0.0
WF-5-BJ136,498869.67,5405571.22,20.52,25.0,118.14,358.2051,4.00,0.0,0.0,0.0
WF-5-BJ137,498869.67,5405596.88,20.60,25.0,116.47,355.5341,4.00,0.0,0.0,0.0
WF-5-BJ138,498869.67,5405622.55,20.69,25.0,114.80,352.8631,4.00,0.0,0.0,0.0
WF-5-BJ139,498844.54,5405648.22,20.67,25.0,112.96,350.3065,4.00,0.0,0.0,0.0
WF-5-BJ140,498819.42,5405648.22,20.62,25.0,112.54,349.9860,4.00,0.0,0.0,0.0
WF-5-BJ141,498794.29,5405648.22,20.56,25.0,112.08,349.6245,4.00,0.0,0.0,0.0
WF-5-BJ142,498769.17,5405648.22,20.51,25.0,111.36,348.9548,4.00,0.0,0.0,0.0
WF-5-BJ143,498744.04,5405648.22,20.45,25.0,110.63,348.2850,4.00,0.0,0.0,0.0
WF-5-BJ144,498718.91,5405648.22,20.38,25.0,109.82,347.5683,4.00,0.0,0.0,0.0
WF-5-BJ145,498693.79,5405648.22,20.30,25.0,108.91,346.7899,4.00,0.0,0.0,0.0
WF-5-BJ146,498668.66,5405648.22,20.21,25.0,107.99,346.0114,4.00,0.0,0.0,0.0
WF-5-BJ147,498643.54,5405648.22,20.11,25.0,107.02,345.3225,4.00,0.0,0.0,0.0
WF-5-BJ148,498618.41,5405648.22,19.99,24.9,106.03,344.6641,4.00,0.0,0.0,0.0
WF-5-BJ149,498593.28,5405648.22,19.87,24.9,105.05,344.0224,4.00,0.0,0.0,0.0
WF-5-BJ150,498568.16,5405648.22,19.72,24.9,104.07,343.6401,4.00,0.0,0.0,0.0
WF-5-BJ151,498543.03,5405648.22,19.57,24.9,103.09,343.2578,4.00,0.0,0.0,0.0
WF-5-BJ152,498517.91,5405648.22,19.40,24.9,102.14,343.0093,4.00,0.0,0.0,0.0
WF-5-BJ153,498492.78,5405648.22,19.21,24.9,101.22,342.9843,4.00,0.0,0.0,0.0
WF-5-BJ154,498467.65,5405648.22,19.03,24.9,100.30,342.9592,4.00,0.0,0.0,0.0
WF-5-BJ155,498442.53,5405648.22,18.82,24.9,99.42,343.2044,4.00,0.0,0.0,0.0
WF-5-BJ156,498417.40,5405648.22,18.60,24.9,98.57,343.5715,4.00,0.0,0.0,0.0
WF-5-BJ157,498392.27,5405648.22,18.39,24.9,97.72,343.9400,4.00,0.0,0.0,0.0
WF-5-BJ158,498367.15,5405648.22,18.14,24.9,96.92,344.7199,4.00,0.0,0.0,0.0
WF-5-BJ159,498342.02,5405648.22,17.90,24.9,96.12,345.4997,4.00,0.0,0.0,0.0
WF-5-BJ160,498316.90,5405648.22,17.65,24.9,95.32,346.4208,4.00,0.0,0.0,0.0
WF-5-BJ161,498291.77,5405648.22,17.38,24.9,94.54,347.6454,4.00,0.0,0.0,0.0
WF-5-BJ162,498266.64,5405648.22,17.12,24.9,93.77,348.8700,4.00,0.0,0.0,0.0
WF-5-BJ163,498241.52,5405648.22,16.83,24.9,92.98,350.4161,4.00,0.0,0.0,0.0
WF-5-BJ164,498216.39,5405648.22,16.53,24.9,92.19,352.1496,4.00,0.0,0.0,0.0
WF-5-BJ165,498191.27,5405648.22,16.24,24.9,91.39,353.8830,4.00,0.0,0.0,0.0
WF-5-BJ166,498166.14,5405648.22,15.90,24.9,90.54,356.2037,4.00,0.0,0.0,0.0
WF-5-BJ167,498141.01,5405648.22,15.57,24.9,89.68,358.5577,4.00,0.0,0.0,0.0
WF-5-BJ168,498115.89,5405648.22,15.22,24.9,88.79,361.1145,4.00,0.0,0.0,0.0
WF-5-BJ169,498090.76,5405648.22,14.83,24.9,87.80,364.2466,4.00,0.0,0.0,0.0
WF-5-BJ170,498065.64,5405648.22,14.44,24.9,86.82,367.3787,4.00,0.0,0.0,0.0
WF-5-BJ171,498040.51,5405648.22,14.02,24.9,85.73,371.0377,4.00,0.0,0.0,0.0
WF-5-BJ172,498015.38,5405648.22,13.57,25.0,84.57,375.0862,4.00,0.0,0.0,0.0
WF-5-BJ173,497990.26,5405648.22,13.11,25.0,83.41,379.1347,4.00,0.0,0.0,0.0
WF-5-BJ174,497965.13,5405648.22,12.62,25.0,82.11,383.9016,4.00,0.0,0.0,0.0
WF-5-BJ175,497940.01,5405648.22,12.11,25.0,80.79,388.7581,4.00,0.0,0.0,0.0
WF-5-BJ176,497914.88,5405648.22,11.61,25.0,79.48,393.6125,4.00,0.0,0.0,0.0
WF-5-BJ177,497889.75,5405648.22,11.13,25.0,78.20,398.4592,4.00,0.0,0.0,0.0
WF-5-BJ178,497864.63,5405648.22,10.65,25.0,76.93,403.3058,4.00,0.0,0.0,0.0
WF-5-BJ179,497839.50,5405648.22,10.27,25.0,75.91,407.2093,4.00,0.0,0.0,0.0
WF-5-BJ180,497814.38,5405648.22,9.98,25.0,75.12,410.2347,4.00,0.0,0.0,0.0
WF-5-BJ181,497789.25,5405648.22,9.69,25.0,74.34,413.2601,4.00,0.0,0.0,0.0
WF-5-BJ182,497764.12,5405648.22,9.68,25.0,74.33,413.2861,4.00,0.0,0.0,0.0
WF-5-BJ183,497739.00,5405648.22,9.73,25.0,74.47,412.7073,4.00,0.0,0.0,0.0
WF-5-BJ184,497713.87,5405648.22,9.83,25.0,74.74,411.6174,4.00,0.0,0.0,0.0
WF-5-BJ185,497688.75,5405648.22,10.21,25.0,75.78,407.5503,4.00,0.0,0.0,0.0
WF-5-BJ186,497663.62,5405648.22,10.58,25.0,76.81,403.4832,4.00,0.0,0.0,0.0
WF-5-BJ187,497638.49,5405648.22,11.02,25.0,78.03,398.6529,4.00,0.0,0.0,0.0
WF-5-BJ188,497613.37,5405648.22,11.54,25.0,79.49,392.9299,4.00,0.0,0.0,0.0
WF-5-BJ189,497588.24,5405648.22,12.07,25.0,80.94,387.2068,4.00,0.0,0.0,0.0
WF-5-BJ190,497563.12,5405648.22,12.58,24.9,82.40,381.5223,4.00,0.0,0.0,0.0
WF-5-BJ191,497537.99,5405648.22,13.10,24.9,83.86,375.8490,4.00,0.0,0.0,0.0
WF-5-BJ192,497512.86,5405648.22,13.61,24.9,85.30,370.2508,4.00,0.0,0.0,0.0
WF-5-BJ193,497487.74,5405648.22,14.05,24.9,86.57,365.4171,4.00,0.0,0.0,0.0
WF-5-BJ194,497462.61,5405648.22,14.49,24.9,87.83,360.5835,4.00,0.0,0.0,0.0
WF-5-BJ195,497437.49,5405648.22,14.90,24.9,89.01,356.1547,4.00,0.0,0.0,0.0
WF-5-BJ196,497412.36,5405648.22,15.26,24.9,90.05,352.3235,4.00,0.0,0.0,0.0
WF-5-BJ197,497387.23,5405648.22,15.61,24.9,91.09,348.4924,4.00,0.0,0.0,0.0
WF-5-BJ198,497362.11,5405648.22,15.92,24.9,91.98,345.3275,4.00,0.0,0.0,0.0
WF-5-BJ199,497336.98,5405648.22,16.21,24.9,92.81,342.4241,4.00,0.0,0.0,0.0
WF-5-BJ200,497311.86,5405648.22,16.50,24.9,93.64,339.5470,4.00,0.0,0.0,0.0
WF-5-BJ201,497286.73,5405648.22,16.75,24.9,94.28,337.4560,4.00,0.0,0.0,0.0
WF-5-BJ202,497261.60,5405648.22,17.00,24.9,94.92,335.3649,4.00,0.0,0.0,0.0
WF-5-BJ203,497236.48,5405648.22,17.24,24.9,95.49,333.5243,4.00,0.0,0.0,0.0
WF-5-BJ204,497211.35,5405648.22,17.47,24.9,95.94,332.1552,4.00,0.0,0.0,0.0
WF-5-BJ205,497186.23,5405648.22,17.70,24.9,96.39,330.7862,4.00,0.0,0.0,0.0
WF-5-BJ206,497161.10,5405648.22,17.94,24.8,96.69,329.8593,4.00,0.0,0.0,0.0
WF-5-BJ207,497135.97,5405648.22,18.19,24.8,96.93,329.1593,4.00,0.0,0.0,0.0
WF-5-BJ208,497110.85,5405648.22,18.44,24.8,97.16,328.4592,4.00,0.0,0.0,0.0
WF-5-BJ209,497085.72,5405648.22,18.74,24.8,97.13,328.3954,4.00,0.0,0.0,0.0
WF-5-BJ210,497060.60,5405648.22,19.04,24.8,97.08,328.3477,4.00,0.0,0.0,0.0
WF-5-BJ211,497035.47,5405648.22,19.37,24.8,96.94,328.4950,4.00,0.0,0.0,0.0
WF-5-BJ212,497010.34,5405648.22,19.77,24.8,96.54,329.1206,4.00,0.0,0.0,0.0
WF-5-BJ213,496985.22,5405648.22,20.18,24.9,96.14,329.7461,4.00,0.0,0.0,0.0
WF-5-BJ214,496960.09,5405648.22,20.67,24.9,95.47,330.8070,4.00,0.0,0.0,0.0
WF-5-BJ215,496934.96,5405648.22,21.23,24.9,94.62,332.1532,4.00,0.0,0.0,0.0
WF-5-BJ216,496909.84,5405648.22,21.79,24.9,93.77,333.4995,4.00,0.0,0.0,0.0
WF-5-BJ217,496884.71,5405648.22,22.49,24.9,92.50,335.4882,4.00,0.0,0.0,0.0
WF-5-BJ218,496859.59,5405648.22,23.20,24.9,91.19,337.5340,4.00,0.0,0.0,0.0
WF-5-BJ219,496834.46,5405648.22,23.92,24.9,89.83,339.6503,4.00,0.0,0.0,0.0
WF-5-BJ220,496809.33,5405648.22,24.68,24.9,88.32,341.9988,4.00,0.0,0.0,0.0
WF-5-BJ221,496784.21,5405648.22,25.43,24.9,86.82,344.3473,4.00,0.0,0.0,0.0
WF-5-BJ222,496759.08,5405648.22,26.04,24.9,85.60,346.2161,4.00,0.0,0.0,0.0
WF-5-BJ223,496733.96,5405648.22,26.54,24.9,84.61,347.6876,4.00,0.0,0.0,0.0
WF-5-BJ224,496708.83,5405648.22,27.04,24.9,83.63,349.1592,4.00,0.0,0.0,0.0
WF-5-BJ225,496683.70,5405648.22,27.06,24.9,83.86,348.4263,4.00,0.0,0.0,0.0
WF-5-BJ226,496658.58,5405648.22,26.99,24.9,84.28,347.3386,4.00,0.0,0.0,0.0
WF-5-BJ227,496633.45,5405648.22,26.82,24.9,85.03,345.6357,4.00,0.0,0.0,0.0
WF-5-BJ228,496608.33,5405648.22,26.15,24.9,87.28,341.0461,4.00,0.0,0.0,0.0
WF-5-BJ229,496583.20,5405648.22,25.48,24.9,89.53,336.4565,4.00,0.0,0.0,0.0
WF-5-BJ230,496558.07,5405648.22,24.61,24.9,92.57,330.3157,4.00,0.0,0.0,0.0
WF-5-BJ231,496532.95,5405648.22,23.53,24.9,96.44,322.5600,4.00,0.0,0.0,0.0
WF-5-BJ232,496507.82,5405648.22,22.46,24.8,100.32,314.8044,4.00,0.0,0.0,0.0
WF-5-BJ233,496482.70,5405648.22,21.25,24.8,105.22,305.2385,4.00,0.0,0.0,0.0
WF-5-BJ234,496457.57,5405648.22,20.00,24.8,110.37,295.2321,4.00,0.0,0.0,0.0
WF-5-BJ235,496432.44,5405648.22,18.75,24.8,115.62,285.0929,4.00,0.0,0.0,0.0
WF-5-BJ236,496407.32,5405648.22,17.49,24.8,121.64,273.9671,4.00,0.0,0.0,0.0
WF-5-BJ237,496382.19,5405648.22,16.23,24.8,127.67,262.8413,4.00,0.0,0.0,0.0
WF-5-BJ238,496357.07,5405648.22,15.03,24.8,133.68,252.0064,4.00,0.0,0.0,0.0
WF-5-BJ239,496331.94,5405648.22,13.92,24.8,139.68,241.5525,4.00,0.0,0.0,0.0
WF-5-BJ240,496306.81,5405648.22,12.80,24.9,145.68,231.0987,4.00,0.0,0.0,0.0
WF-5-BJ241,496281.69,5405648.22,11.97,24.9,150.47,223.0533,4.00,0.0,0.0,0.0
WF-5-BJ242,496256.56,5405648.22,11.23,24.9,154.86,215.8226,4.00,0.0,0.0,0.0
WF-5-BJ243,496231.44,5405648.22,10.52,24.9,159.06,208.9008,4.00,0.0,0.0,0.0
WF-5-BJ244,496206.31,5405648.22,10.30,24.9,160.45,206.6872,4.00,0.0,0.0,0.0
WF-5-BJ245,496181.18,5405648.22,10.07,25.0,161.83,204.4737,4.00,0.0,0.0,0.0
WF-5-BJ246,496156.06,5405648.22,10.01,25.0,162.11,203.8926,4.00,0.0,0.0,0.0
WF-5-BJ247,496130.93,5405648.22,10.22,24.9,160.58,206.0218,4.00,0.0,0.0,0.0
WF-5-BJ248,496105.81,5405648.22,10.42,24.9,159.06,208.1510,4.00,0.0,0.0,0.0
WF-5-BJ249,496080.68,5405648.22,10.77,24.9,156.44,211.6992,4.00,0.0,0.0,0.0
WF-5-BJ250,496055.55,5405648.22,11.17,24.8,153.33,215.8842,4.00,0.0,0.0,0.0
WF-5-BJ251,496030.43,5405648.22,11.58,24.8,150.23,220.0700,4.00,0.0,0.0,0.0
WF-5-BJ252,496005.30,5405648.22,12.00,24.7,146.82,224.4165,4.00,0.0,0.0,0.0
WF-5-BJ253,495980.18,5405648.22,12.41,24.7,143.42,228.7631,4.00,0.0,0.0,0.0
WF-5-BJ254,495955.05,5405648.22,12.81,24.6,140.13,232.8911,4.00,0.0,0.0,0.0
WF-5-BJ255,495929.92,5405648.22,13.16,24.6,137.08,236.5523,4.00,0.0,0.0,0.0
WF-5-BJ256,495904.80,5405648.22,13.51,24.5,134.04,240.2135,4.00,0.0,0.0,0.0
WF-5-BJ257,495879.67,5405648.22,13.81,24.4,131.34,243.3389,4.00,0.0,0.0,0.0
WF-5-BJ258,495854.55,5405648.22,14.08,24.4,128.85,246.1540,4.00,0.0,0.0,0.0
WF-5-BJ259,495829.42,5405648.22,14.34,24.3,126.35,248.9691,4.00,0.0,0.0,0.0
WF-5-BJ260,495804.29,5405648.22,14.55,24.3,124.36,251.0861,4.00,0.0,0.0,0.0
WF-5-BJ261,495779.17,5405648.22,14.74,24.3,122.40,253.1644,4.00,0.0,0.0,0.0
WF-5-BJ262,495754.04,5405648.22,14.93,24.2,120.54,255.0935,4.00,0.0,0.0,0.0
WF-5-BJ263,495728.92,5405648.22,15.07,24.2,119.02,256.6021,4.00,0.0,0.0,0.0
WF-5-BJ264,495703.79,5405648.22,15.22,24.2,117.49,258.1107,4.00,0.0,0.0,0.0
WF-5-BJ265,495678.66,5405648.22,15.34,24.1,116.16,259.3771,4.00,0.0,0.0,0.0
WF-5-BJ266,495653.54,5405622.55,15.39,24.1,114.66,260.4371,4.00,0.0,0.0,0.0
WF-5-BJ267,495653.54,5405596.88,15.34,24.0,114.11,260.6456,4.00,0.0,0.0,0.0
WF-5-BJ268,495653.54,5405571.22,15.30,24.0,113.57,260.8541,4.00,0.0,0.0,0.0
WF-5-BJ269,495653.54,5405545.55,15.26,23.9,112.78,261.3163,4.00,0.0,0.0,0.0
WF-5-BJ270,495653.54,5405519.88,15.22,23.8,111.97,261.7994,4.00,0.0,0.0,0.0
WF-5-BJ271,495653.54,5405494.22,15.19,23.8,111.02,262.4332,4.00,0.0,0.0,0.0
WF-5-BJ272,495653.54,5405468.55,15.16,23.7,109.98,263.1434,4.00,0.0,0.0,0.0
WF-5-BJ273,495653.54,5405442.88,15.12,23.6,108.89,263.9200,4.00,0.0,0.0,0.0
WF-5-BJ274,495653.54,5405417.22,15.08,23.5,107.69,264.7951,4.00,0.0,0.0,0.0
WF-5-BJ275,495653.54,5405391.55,15.03,23.4,106.47,265.6853,4.00,0.0,0.0,0.0
WF-5-BJ276,495653.54,5405365.88,14.98,23.3,105.17,266.6676,4.00,0.0,0.0,0.0
WF-1-ZX1,496381.86,5404142.22,21.66,24.9,96.78,221.4630,22.22,0.0,308.0,30.0
WF-1-ZX2,496406.86,5404142.22,22.65,24.9,96.71,223.7486,21.73,0.0,308.0,30.0
WF-1-ZX3,496431.86,5404142.22,23.63,24.9,96.63,226.0342,21.23,0.0,308.0,30.0
WF-1-ZX4,496456.86,5404142.22,24.70,24.9,96.11,228.3186,20.61,0.0,308.0,30.0
WF-1-ZX5,496481.86,5404142.22,25.78,24.9,95.51,230.6029,19.97,0.0,308.0,30.0
WF-1-ZX6,496506.86,5404142.22,26.85,24.9,94.84,232.8850,19.31,0.0,308.0,30.0
WF-1-ZX7,496531.86,5404142.22,27.88,24.9,93.77,235.1564,18.60,0.0,308.0,30.0
WF-1-ZX8,496556.86,5404142.22,28.91,25.0,92.71,237.4277,17.90,0.0,308.0,30.0
WF-1-ZX9,496581.86,5404142.22,29.75,25.0,91.74,239.3328,17.30,0.0,308.0,30.0
WF-1-ZX10,496606.86,5404142.22,30.35,25.0,90.89,240.8065,16.85,0.0,308.0,30.0
WF-1-ZX11,496631.86,5404142.22,30.95,25.0,90.04,242.2802,16.39,0.0,308.0,30.0
WF-1-ZX12,496656.86,5404142.22,30.99,25.0,90.22,242.0577,16.41,0.0,308.0,30.0
WF-1-ZX13,496681.86,5404142.22,30.87,25.0,90.73,241.2994,16.57,0.0,308.0,30.0
WF-1-ZX14,496706.86,5404142.22,30.72,25.0,91.34,240.3946,16.76,0.0,308.0,30.0
WF-1-ZX15,496731.86,5404142.22,30.23,25.0,93.41,237.2246,17.42,0.0,308.0,30.0
WF-1-ZX16,496756.86,5404142.22,29.75,25.0,95.47,234.0545,18.08,0.0,308.0,30.0
WF-1-ZX17,496781.86,5404142.22,29.33,25.0,97.80,230.4255,18.77,0.0,308.0,30.0
WF-1-ZX18,496806.86,5404142.22,29.03,24.9,100.59,225.9860,19.51,0.0,308.0,30.0
WF-1-ZX19,496831.86,5404142.22,28.73,24.9,103.38,221.5464,20.25,0.0,308.0,30.0
WF-1-ZX20,496856.86,5404142.22,28.67,24.9,106.25,216.8010,20.92,0.0,308.0,30.0
WF-1-ZX21,496881.86,5404142.22,28.73,24.9,109.16,211.8996,21.55,0.0,308.0,30.0
WF-1-ZX22,496906.86,5404142.22,28.78,24.9,112.07,206.9982,22.18,0.0,308.0,30.0
WF-1-ZX23,496931.86,5404142.22,29.10,24.9,114.84,202.0288,22.67,0.0,308.0,30.0
WF-1-ZX24,496956.86,5404142.22,29.42,24.9,117.61,197.0568,23.14,0.0,308.0,30.0
WF-1-ZX25,496981.86,5404142.22,29.77,24.9,120.26,192.2469,23.14,0.0,308.0,30.0
WF-1-ZX26,497006.86,5404142.22,30.18,24.9,122.60,187.8894,23.14,0.0,308.0,30.0
WF-1-ZX27,497031.86,5404142.22,30.59,24.9,124.95,183.5319,23.14,0.0,308.0,30.0
WF-1-ZX28,497056.86,5404142.22,30.91,24.9,126.82,180.2418,23.14,0.0,308.0,30.0
WF-1-ZX29,497081.86,5404142.22,31.16,24.9,128.33,177.7747,23.14,0.0,308.0,30.0
WF-1-ZX30,497106.86,5404142.22,31.41,24.9,129.85,175.3077,23.14,0.0,308.0,30.0
WF-1-ZX31,497131.86,5404142.22,31.37,24.9,130.37,175.4669,23.14,0.0,308.0,30.0
WF-1-ZX32,497156.86,5404142.22,31.29,24.9,130.74,176.0345,23.14,0.0,308.0,30.0
WF-1-ZX33,497181.86,5404142.22,31.15,25.0,130.92,177.0817,23.14,0.0,308.0,30.0
WF-1-ZX34,497206.86,5404142.22,30.76,25.0,130.15,180.5348,23.14,0.0,308.0,30.0
WF-1-ZX35,497231.86,5404142.22,30.38,25.0,129.37,183.9879,23.14,0.0,308.0,30.0
WF-1-ZX36,497256.86,5404142.22,29.94,25.0,128.14,188.2528,23.14,0.0,308.0,30.0
WF-1-ZX37,497281.86,5404142.22,29.45,25.0,126.39,193.4444,23.14,0.0,308.0,30.0
WF-1-ZX38,497306.86,5404142.22,28.96,25.0,124.65,198.6360,23.14,0.0,308.0,30.0
WF-1-ZX39,497331.86,5404142.22,28.49,25.0,122.26,204.4151,23.14,0.0,308.0,30.0
WF-1-ZX40,497356.86,5404142.22,28.03,25.0,119.68,210.3719,23.14,0.0,308.0,30.0
WF-1-ZX41,497381.86,5404142.22,27.57,25.0,117.06,216.3391,22.96,0.0,308.0,30.0
WF-1-ZX42,497406.86,5404142.22,27.13,25.0,113.89,222.4474,22.81,0.0,308.0,30.0
WF-1-ZX43,497431.86,5404142.22,26.68,25.0,110.71,228.5557,22.65,0.0,308.0,30.0
WF-1-ZX44,497456.86,5404142.22,26.22,25.0,107.44,234.5168,22.51,0.0,308.0,30.0
WF-1-ZX45,497481.86,5404142.22,25.72,25.0,104.02,240.2264,22.39,0.0,308.0,30.0
WF-1-ZX46,497506.86,5404142.22,25.22,25.0,100.60,245.9361,22.27,0.0,308.0,30.0
WF-1-ZX47,497531.86,5404142.22,24.63,25.0,97.27,251.0455,22.16,0.0,308.0,30.0
WF-1-ZX48,497556.86,5404142.22,23.98,25.0,93.98,255.8593,22.05,0.0,308.0,30.0
WF-1-ZX49,497581.86,5404142.22,23.34,25.0,90.68,260.6732,21.95,0.0,308.0,30.0
WF-1-ZX50,497606.86,5404142.22,22.59,25.0,87.86,264.2844,21.86,0.0,308.0,30.0
WF-1-ZX51,497631.86,5404142.22,21.83,25.0,85.05,267.8595,21.76,0.0,308.0,30.0
WF-1-ZX52,497656.86,5404142.22,21.10,25.0,82.49,271.0571,21.67,0.0,308.0,30.0
WF-1-ZX53,497681.86,5404142.22,20.46,25.0,80.61,273.2430,21.60,0.0,308.0,30.0
WF-1-ZX54,497706.86,5404142.22,19.82,25.0,78.73,275.4289,21.54,0.0,308.0,30.0
WF-1-ZX55,497731.86,5404142.22,19.42,25.0,77.60,276.9204,21.49,0.0,308.0,30.0
WF-1-ZX56,497756.86,5404142.22,19.19,25.0,77.01,277.8934,21.47,0.0,308.0,30.0
WF-1-ZX57,497781.86,5404142.22,18.96,25.0,76.43,278.8664,21.44,0.0,308.0,30.0
WF-1-ZX58,497806.86,5404142.22,19.08,25.0,76.74,279.1984,21.45,0.0,308.0,30.0
WF-1-ZX59,497831.86,5404142.22,19.25,25.0,77.19,279.4374,21.45,0.0,308.0,30.0
WF-1-ZX60,497856.86,5404142.22,19.44,25.0,77.70,279.5927,21.45,0.0,308.0,30.0
WF-1-ZX61,497881.86,5404142.22,19.73,25.0,78.52,279.3505,21.44,0.0,308.0,30.0
WF-1-ZX62,497906.86,5404142.22,20.01,25.0,79.34,279.1082,21.43,0.0,308.0,30.0
WF-1-ZX63,497931.86,5404142.22,20.27,25.0,80.16,278.5163,21.39,0.0,308.0,30.0
WF-1-ZX64,497956.86,5404142.22,20.50,25.0,80.99,277.5375,21.32,0.0,308.0,30.0
WF-1-ZX65,497981.86,5404142.22,20.73,25.0,81.82,276.5587,21.25,0.0,308.0,30.0
WF-1-ZX66,498006.86,5404142.22,20.90,25.0,82.69,274.6086,21.11,0.0,308.0,30.0
WF-1-ZX67,498031.86,5404142.22,21.07,25.0,83.57,272.3773,20.95,0.0,308.0,30.0
WF-1-ZX68,498056.86,5404142.22,21.22,25.0,84.47,270.0340,20.79,0.0,308.0,30.0
WF-1-ZX69,498081.86,5404142.22,21.36,25.0,85.57,266.3359,20.55,0.0,308.0,30.0
WF-1-ZX70,498106.86,5404142.22,21.50,25.0,86.68,262.6378,20.32,0.0,308.0,30.0
WF-1-ZX71,498131.86,5404142.22,21.64,25.0,87.79,258.8913,20.08,0.0,308.0,30.0
WF-1-ZX72,498156.86,5404142.22,21.76,25.0,88.92,255.0650,19.85,0.0,308.0,30.0
WF-1-ZX73,498181.86,5404142.22,21.88,25.0,90.04,251.2386,19.62,0.0,308.0,30.0
WF-1-ZX74,498206.86,5404142.22,21.93,25.0,90.52,249.5937,19.53,0.0,308.0,30.0
WF-1-ZX75,498231.86,5404142.22,21.95,25.0,90.68,248.9852,19.49,0.0,308.0,30.0
WF-1-ZX76,498256.86,5404142.22,21.97,25.0,90.84,248.3767,19.45,0.0,308.0,30.0
WF-1-ZX77,498281.86,5404142.22,21.86,25.0,89.43,251.9064,19.65,0.0,308.0,30.0
WF-1-ZX78,498306.86,5404142.22,21.76,25.0,87.98,255.5261,19.85,0.0,308.0,30.0
WF-1-ZX79,498331.86,5404142.22,21.65,25.0,86.25,259.5001,20.08,0.0,308.0,30.0
WF-1-ZX80,498356.86,5404142.22,21.55,25.0,83.82,264.3871,20.36,0.0,308.0,30.0
WF-1-ZX81,498381.86,5404142.22,21.44,25.0,81.39,269.2741,20.64,0.0,308.0,30.0
WF-1-ZX82,498406.86,5404142.22,21.40,25.0,78.79,273.6235,20.90,0.0,308.0,30.0
WF-1-ZX83,498431.86,5404142.22,21.41,25.0,76.06,277.5841,21.16,0.0,308.0,30.0
WF-1-ZX84,498456.86,5404142.22,21.42,25.0,73.33,281.5447,21.41,0.0,308.0,30.0
WF-1-ZX85,498481.86,5404142.22,21.62,25.0,70.55,284.2880,21.65,0.0,308.0,30.0
WF-1-ZX86,498506.86,5404142.22,21.85,25.0,67.76,286.8670,21.88,0.0,308.0,30.0
WF-1-ZX87,498531.86,5404142.22,22.14,25.0,64.98,289.1950,22.12,0.0,308.0,30.0
WF-1-ZX88,498556.86,5404142.22,22.73,25.0,62.23,290.3939,22.38,0.0,308.0,30.0
WF-1-ZX89,498581.86,5404142.22,23.33,25.0,59.48,291.5927,22.63,0.0,308.0,30.0
WF-1-ZX90,498606.86,5404142.22,24.16,25.0,56.82,292.1282,22.91,0.0,308.0,30.0
WF-1-ZX91,498631.86,5404142.22,25.24,25.0,54.27,291.9524,23.14,0.0,308.0,30.0
WF-1-ZX92,498656.86,5404142.22,26.32,25.0,51.72,291.7765,23.14,0.0,308.0,30.0
WF-1-ZX93,498681.86,5404142.22,27.56,25.0,49.63,290.9190,23.14,0.0,308.0,30.0
WF-1-ZX94,498706.86,5404142.22,28.83,25.0,47.68,289.8731,23.14,0.0,308.0,30.0
WF-1-ZX95,498731.86,5404142.22,30.04,25.0,45.84,288.8745,23.14,0.0,308.0,30.0
WF-2-ZX1,495806.73,5404480.22,14.25,24.6,104.71,231.9110,4.00,0.0,308.0,30.0
WF-2-ZX2,495831.73,5404480.22,14.07,24.6,106.31,232.3393,4.00,0.0,308.0,30.0
WF-2-ZX3,495856.73,5404480.22,13.62,24.7,108.25,232.1493,4.00,0.0,308.0,30.0
WF-2-ZX4,495881.73,5404480.22,13.18,24.7,110.20,231.9592,4.00,0.0,308.0,30.0
WF-2-ZX5,495906.73,5404480.22,12.68,24.8,112.09,231.6031,4.00,0.0,308.0,30.0
WF-2-ZX6,495931.73,5404480.22,12.12,24.8,113.93,231.0405,4.00,0.0,308.0,30.0
WF-2-ZX7,495956.73,5404480.22,11.56,24.9,115.77,230.4779,4.00,0.0,308.0,30.0
WF-2-ZX8,495981.73,5404480.22,11.25,24.9,116.73,230.1454,4.00,0.0,308.0,30.0
WF-2-ZX9,496006.73,5404480.22,11.02,25.0,117.39,229.8910,4.00,0.0,308.0,30.0
WF-2-ZX10,496031.73,5404480.22,10.83,25.0,117.98,229.6696,4.00,0.0,308.0,30.0
WF-2-ZX11,496056.73,5404480.22,11.20,24.9,117.06,230.1097,4.00,0.0,308.0,30.0
WF-2-ZX12,496081.73,5404480.22,11.57,24.9,116.14,230.5498,4.00,0.0,308.0,30.0
WF-2-ZX13,496106.73,5404480.22,12.03,24.9,115.03,231.0990,4.00,0.0,308.0,30.0
WF-2-ZX14,496131.73,5404480.22,12.67,24.8,113.57,231.8523,4.00,0.0,308.0,30.0
WF-2-ZX15,496156.73,5404480.22,13.30,24.8,112.10,232.6056,4.00,0.0,308.0,30.0
WF-2-ZX16,496181.73,5404480.22,13.85,24.8,110.90,233.2648,4.00,0.0,308.0,30.0
WF-2-ZX17,496206.73,5404480.22,14.34,24.7,109.85,233.8731,4.00,0.0,308.0,30.0
WF-2-ZX18,496231.73,5404480.22,14.84,24.7,108.80,234.4814,4.00,0.0,308.0,30.0
WF-2-ZX19,496256.73,5404480.22,15.09,24.7,108.33,234.8263,4.00,0.0,308.0,30.0
WF-2-ZX20,496281.73,5404480.22,15.33,24.7,107.89,235.1573,4.00,0.0,308.0,30.0
WF-2-ZX21,496306.73,5404480.22,15.52,24.7,107.56,235.4287,4.00,0.0,308.0,30.0
WF-2-ZX22,496331.73,5404480.22,15.55,24.7,107.55,235.5218,4.00,0.0,308.0,30.0
WF-2-ZX23,496356.73,5404480.22,15.58,24.7,107.54,235.6149,4.00,0.0,308.0,30.0
WF-2-ZX24,496381.73,5404480.22,15.58,24.8,107.62,235.6350,4.00,0.0,308.0,30.0
WF-2-ZX25,496406.73,5404480.22,15.56,24.8,107.77,235.5955,4.00,0.0,308.0,30.0
WF-2-ZX26,496431.73,5404480.22,15.54,24.8,107.92,235.5561,4.00,0.0,308.0,30.0
WF-2-ZX27,496456.73,5404480.22,15.67,24.8,107.99,235.5085,4.00,0.0,308.0,30.0
WF-2-ZX28,496481.73,5404480.22,15.82,24.8,108.05,235.4595,4.00,0.0,308.0,30.0
WF-2-ZX29,496506.73,5404480.22,16.01,24.8,108.08,235.4114,4.00,0.0,308.0,30.0
WF-2-ZX30,496531.73,5404480.22,16.46,24.8,107.97,235.3681,4.00,0.0,308.0,30.0
WF-2-ZX31,496556.73,5404480.22,16.92,24.8,107.85,235.3249,4.00,0.0,308.0,30.0
WF-2-ZX32,496581.73,5404480.22,17.47,24.8,107.73,235.2002,4.00,0.0,308.0,30.0
WF-2-ZX33,496606.73,5404480.22,18.16,24.8,107.61,234.9776,4.00,0.0,308.0,30.0
WF-2-ZX34,496631.73,5404480.22,18.84,24.8,107.48,234.7549,4.00,0.0,308.0,30.0
WF-2-ZX35,496656.73,5404480.22,19.56,24.8,107.55,234.1702,4.00,0.0,308.0,30.0
WF-2-ZX36,496681.73,5404480.22,20.30,24.8,107.67,233.4676,4.00,0.0,308.0,30.0
WF-2-ZX37,496706.73,5404480.22,21.04,24.8,107.82,232.7208,4.00,0.0,308.0,30.0
WF-2-ZX38,496731.73,5404480.22,21.77,24.8,108.36,231.2164,4.00,0.0,308.0,30.0
WF-2-ZX39,496756.73,5404480.22,22.51,24.8,108.90,229.7120,4.00,0.0,308.0,30.0
WF-2-ZX40,496781.73,5404480.22,23.25,24.9,109.62,227.8033,4.00,0.0,308.0,30.0
WF-2-ZX41,496806.73,5404480.22,24.01,24.9,110.65,225.1632,4.00,0.0,308.0,30.0
WF-2-ZX42,496831.73,5404480.22,24.77,24.9,111.68,222.5232,4.00,0.0,308.0,30.0
WF-2-ZX43,496856.73,5404480.22,25.59,24.9,113.05,218.9521,4.00,0.0,308.0,30.0
WF-2-ZX44,496881.73,5404480.22,26.45,24.9,114.59,214.8946,4.00,0.0,308.0,30.0
WF-2-ZX45,496906.73,5404480.22,27.30,24.9,116.12,210.8371,4.00,0.0,308.0,30.0
WF-2-ZX46,496931.73,5404480.22,28.25,24.9,118.04,205.4889,4.00,0.0,308.0,30.0
WF-2-ZX47,496956.73,5404480.22,29.20,24.9,119.98,200.0836,4.00,0.0,308.0,30.0
WF-2-ZX48,496981.73,5404480.22,30.14,24.9,121.92,194.6126,4.00,0.0,308.0,30.0
WF-2-ZX49,497006.73,5404480.22,31.07,24.9,123.86,188.9530,4.00,0.0,308.0,30.0
WF-2-ZX50,497031.73,5404480.22,31.99,24.9,125.81,183.2934,4.00,0.0,308.0,30.0
WF-2-ZX51,497056.73,5404480.22,32.73,24.9,127.26,178.9984,4.00,0.0,308.0,30.0
WF-2-ZX52,497081.73,5404480.22,33.34,24.9,128.33,175.7795,4.00,0.0,308.0,30.0
WF-2-ZX53,497106.73,5404480.22,33.94,24.9,129.40,172.5605,4.00,0.0,308.0,30.0
WF-2-ZX54,497131.73,5404480.22,34.06,24.9,128.91,173.9974,4.00,0.0,308.0,30.0
WF-2-ZX55,497156.73,5404480.22,34.10,24.9,128.16,176.1928,4.00,0.0,308.0,30.0
WF-2-ZX56,497181.73,5404480.22,34.07,24.9,127.10,179.2730,4.00,0.0,308.0,30.0
WF-2-ZX57,497206.73,5404480.22,33.71,24.9,124.42,186.9748,4.00,0.0,308.0,30.0
WF-2-ZX58,497231.73,5404480.22,33.35,24.9,121.75,194.6765,4.00,0.0,308.0,30.0
WF-2-ZX59,497256.73,5404480.22,33.03,24.9,118.54,203.5985,4.00,0.0,308.0,30.0
WF-2-ZX60,497281.73,5404480.22,32.75,24.9,114.71,213.9443,4.00,0.0,308.0,30.0
WF-2-ZX61,497306.73,5404480.22,32.47,24.9,110.88,224.2902,4.00,0.0,308.0,30.0
WF-2-ZX62,497331.73,5404480.22,32.60,24.9,106.68,234.6127,4.00,0.0,308.0,30.0
WF-2-ZX63,497356.73,5404480.22,32.85,24.9,102.35,244.9278,4.00,0.0,308.0,30.0
WF-2-ZX64,497381.73,5404480.22,33.16,24.9,98.01,255.1664,4.00,0.0,308.0,30.0
WF-2-ZX65,497406.73,5404480.22,34.23,25.0,93.40,264.2681,4.00,0.0,308.0,30.0
WF-2-ZX66,497431.73,5404480.22,35.30,25.0,88.80,273.3698,4.00,0.0,308.0,30.0
WF-2-ZX67,497456.73,5404480.22,36.70,25.0,84.16,281.8153,4.00,0.0,308.0,30.0
WF-2-ZX68,497481.73,5404480.22,38.65,25.0,79.47,289.1133,4.00,0.0,308.0,30.0
WF-2-ZX69,497506.73,5404480.22,40.60,25.0,74.79,296.4113,4.00,0.0,308.0,30.0
WF-2-ZX70,497531.73,5404480.22,42.62,25.0,70.84,301.7396,4.00,0.0,308.0,30.0
WF-2-ZX71,497556.73,5404480.22,44.67,25.0,67.28,306.0740,4.00,0.0,308.0,30.0
WF-2-ZX72,497581.73,5404480.22,46.72,25.0,63.71,310.4084,4.00,0.0,308.0,30.0
WF-2-ZX73,497606.73,5404480.22,46.95,25.0,63.24,311.0616,4.00,0.0,308.0,30.0
WF-2-ZX74,497631.73,5404480.22,47.12,25.0,62.88,311.5828,4.00,0.0,308.0,30.0
WF-2-ZX75,497656.73,5404480.22,46.63,25.0,63.24,311.7118,4.00,0.0,308.0,30.0
WF-2-ZX76,497681.73,5404480.22,44.35,25.0,65.58,310.7595,4.00,0.0,308.0,30.0
WF-2-ZX77,497706.73,5404480.22,42.07,25.0,67.92,309.8072,4.00,0.0,308.0,30.0
WF-2-ZX78,497731.73,5404480.22,39.47,25.0,70.17,309.6474,4.00,0.0,308.0,30.0
WF-2-ZX79,497756.73,5404480.22,36.64,25.0,72.36,310.0930,4.00,0.0,308.0,30.0
WF-2-ZX80,497781.73,5404480.22,33.81,25.0,74.55,310.5385,4.00,0.0,308.0,30.0
WF-2-ZX81,497806.73,5404480.22,31.57,25.0,75.56,312.4539,4.00,0.0,308.0,30.0
WF-2-ZX82,497831.73,5404480.22,29.42,25.0,76.39,314.5934,4.00,0.0,308.0,30.0
WF-2-ZX83,497856.73,5404480.22,27.41,25.0,77.01,316.8961,4.00,0.0,308.0,30.0
WF-2-ZX84,497881.73,5404480.22,26.05,25.0,76.65,320.0048,4.00,0.0,308.0,30.0
WF-2-ZX85,497906.73,5404480.22,24.68,25.0,76.28,323.1135,4.00,0.0,308.0,30.0
WF-2-ZX86,497931.73,5404480.22,23.59,25.0,75.59,326.2790,4.00,0.0,308.0,30.0
WF-2-ZX87,497956.73,5404480.22,22.81,25.0,74.55,329.5088,4.00,0.0,308.0,30.0
WF-2-ZX88,497981.73,5404480.22,22.03,25.0,73.50,332.7386,4.00,0.0,308.0,30.0
WF-2-ZX89,498006.73,5404480.22,21.54,25.0,72.56,335.1176,4.00,0.0,308.0,30.0
WF-2-ZX90,498031.73,5404480.22,21.14,25.0,71.66,337.2426,4.00,0.0,308.0,30.0
WF-2-ZX91,498056.73,5404480.22,20.76,25.0,70.82,339.2019,4.00,0.0,308.0,30.0
WF-2-ZX92,498081.73,5404480.22,20.59,25.0,70.93,338.9884,4.00,0.0,308.0,30.0
WF-2-ZX93,498106.73,5404480.22,20.41,25.0,71.03,338.7749,4.00,0.0,308.0,30.0
WF-2-ZX94,498131.73,5404480.22,20.28,25.0,71.50,337.7908,4.00,0.0,308.0,30.0
WF-2-ZX95,498156.73,5404480.22,20.21,25.0,72.57,335.5041,4.00,0.0,308.0,30.0
WF-2-ZX96,498181.73,5404480.22,20.14,25.0,73.65,333.2174,4.00,0.0,308.0,30.0
WF-2-ZX97,498206.73,5404480.22,20.09,25.0,74.87,330.5533,4.00,0.0,308.0,30.0
WF-2-ZX98,498231.73,5404480.22,20.05,25.0,76.16,327.7055,4.00,0.0,308.0,30.0
WF-2-ZX99,498256.73,5404480.22,20.02,25.0,77.45,324.8576,4.00,0.0,308.0,30.0
WF-2-ZX100,498281.73,5404480.22,19.96,25.0,78.44,322.5419,4.00,0.0,308.0,30.0
WF-2-ZX101,498306.73,5404480.22,19.91,25.0,79.42,320.2409,4.00,0.0,308.0,30.0
WF-2-ZX102,498331.73,5404480.22,19.83,25.0,80.26,318.1836,4.00,0.0,308.0,30.0
WF-2-ZX103,498356.73,5404480.22,19.71,25.0,80.73,316.7719,4.00,0.0,308.0,30.0
WF-2-ZX104,498381.73,5404480.22,19.59,25.0,81.21,315.3602,4.00,0.0,308.0,30.0
WF-2-ZX105,498406.73,5404480.22,19.39,25.0,81.26,314.4437,4.00,0.0,308.0,30.0
WF-2-ZX106,498431.73,5404480.22,19.14,25.0,81.01,313.8934,4.00,0.0,308.0,30.0
WF-2-ZX107,498456.73,5404480.22,18.89,25.0,80.76,313.3431,4.00,0.0,308.0,30.0
WF-2-ZX108,498481.73,5404480.22,18.45,25.0,79.42,313.4700,4.00,0.0,308.0,30.0
WF-2-ZX109,498506.73,5404480.22,17.98,25.0,77.92,313.6931,4.00,0.0,308.0,30.0
WF-2-ZX110,498531.73,5404480.22,17.46,25.0,76.09,314.0381,4.00,0.0,308.0,30.0
WF-2-ZX111,498556.73,5404480.22,16.69,25.0,72.70,314.9523,4.00,0.0,308.0,30.0
WF-2-ZX112,498581.73,5404480.22,15.93,25.0,69.32,315.8665,4.00,0.0,308.0,30.0
WF-2-ZX113,498606.73,5404480.22,15.14,25.0,65.59,316.8760,4.00,0.0,308.0,30.0
WF-2-ZX114,498631.73,5404480.22,14.33,25.0,61.47,317.9899,4.00,0.0,308.0,30.0
WF-2-ZX115,498656.73,5404480.22,13.52,25.0,57.35,319.1038,4.00,0.0,308.0,30.0
WF-2-ZX116,498681.73,5404480.22,13.26,25.0,55.55,319.4963,4.00,0.0,308.0,30.0
WF-2-ZX117,498706.73,5404480.22,13.16,25.0,54.41,319.6829,4.00,0.0,308.0,30.0
WF-2-ZX118,498731.73,5404480.22,13.12,25.0,53.53,319.7874,4.00,0.0,308.0,30.0
WF-3-ZX1,495807.00,5404818.22,14.01,21.5,90.68,272.1660,4.00,0.0,308.0,30.0
WF-3-ZX2,495832.00,5404818.22,14.10,21.3,90.26,272.2123,4.00,0.0,308.0,30.0
WF-3-ZX3,495857.00,5404818.22,14.15,21.3,90.39,271.7853,4.00,0.0,308.0,30.0
WF-3-ZX4,495882.00,5404818.22,14.20,21.3,90.53,271.3583,4.00,0.0,308.0,30.0
WF-3-ZX5,495907.00,5404818.22,14.25,21.3,91.00,270.5447,4.00,0.0,308.0,30.0
WF-3-ZX6,495932.00,5404818.22,14.30,21.5,91.86,269.2711,4.00,0.0,308.0,30.0
WF-3-ZX7,495957.00,5404818.22,14.34,21.6,92.72,267.9975,4.00,0.0,308.0,30.0
WF-3-ZX8,495982.00,5404818.22,14.40,21.9,93.86,266.4112,4.00,0.0,308.0,30.0
WF-3-ZX9,496007.00,5404818.22,14.45,22.1,95.08,264.7249,4.00,0.0,308.0,30.0
WF-3-ZX10,496032.00,5404818.22,14.50,22.3,96.31,263.0456,4.00,0.0,308.0,30.0
WF-3-ZX11,496057.00,5404818.22,14.53,22.5,97.52,261.4816,4.00,0.0,308.0,30.0
WF-3-ZX12,496082.00,5404818.22,14.57,22.8,98.72,259.9176,4.00,0.0,308.0,30.0
WF-3-ZX13,496107.00,5404818.22,14.59,23.0,99.86,258.4659,4.00,0.0,308.0,30.0
WF-3-ZX14,496132.00,5404818.22,14.58,23.2,100.89,257.2146,4.00,0.0,308.0,30.0
WF-3-ZX15,496157.00,5404818.22,14.57,23.4,101.92,255.9634,4.00,0.0,308.0,30.0
WF-3-ZX16,496182.00,5404818.22,14.51,23.5,102.85,254.8646,4.00,0.0,308.0,30.0
WF-3-ZX17,496207.00,5404818.22,14.42,23.7,103.72,253.8445,4.00,0.0,308.0,30.0
WF-3-ZX18,496232.00,5404818.22,14.34,23.8,104.60,252.8243,4.00,0.0,308.0,30.0
WF-3-ZX19,496257.00,5404818.22,14.15,24.0,105.39,251.8839,4.00,0.0,308.0,30.0
WF-3-ZX20,496282.00,5404818.22,13.96,24.1,106.17,250.9468,4.00,0.0,308.0,30.0
WF-3-ZX21,496307.00,5404818.22,13.74,24.2,106.93,250.0184,4.00,0.0,308.0,30.0
WF-3-ZX22,496332.00,5404818.22,13.47,24.3,107.62,249.1142,4.00,0.0,308.0,30.0
WF-3-ZX23,496357.00,5404818.22,13.19,24.4,108.31,248.2101,4.00,0.0,308.0,30.0
WF-3-ZX24,496382.00,5404818.22,12.93,24.5,108.91,247.4250,4.00,0.0,308.0,30.0
WF-3-ZX25,496407.00,5404818.22,12.67,24.5,109.44,246.7327,4.00,0.0,308.0,30.0
WF-3-ZX26,496432.00,5404818.22,12.42,24.6,109.96,246.0404,4.00,0.0,308.0,30.0
WF-3-ZX27,496457.00,5404818.22,12.33,24.6,110.24,245.8639,4.00,0.0,308.0,30.0
WF-3-ZX28,496482.00,5404818.22,12.27,24.7,110.47,245.7694,4.00,0.0,308.0,30.0
WF-3-ZX29,496507.00,5404818.22,12.26,24.7,110.66,245.8151,4.00,0.0,308.0,30.0
WF-3-ZX30,496532.00,5404818.22,12.50,24.7,110.58,246.5769,4.00,0.0,308.0,30.0
WF-3-ZX31,496557.00,5404818.22,12.74,24.7,110.51,247.3388,4.00,0.0,308.0,30.0
WF-3-ZX32,496582.00,5404818.22,13.09,24.7,110.35,248.4185,4.00,0.0,308.0,30.0
WF-3-ZX33,496607.00,5404818.22,13.56,24.7,110.08,249.8647,4.00,0.0,308.0,30.0
WF-3-ZX34,496632.00,5404818.22,14.03,24.7,109.82,251.3109,4.00,0.0,308.0,30.0
WF-3-ZX35,496657.00,5404818.22,14.55,24.7,109.52,252.9650,4.00,0.0,308.0,30.0
WF-3-ZX36,496682.00,5404818.22,15.09,24.7,109.21,254.6829,4.00,0.0,308.0,30.0
WF-3-ZX37,496707.00,5404818.22,15.63,24.7,108.91,256.3985,4.00,0.0,308.0,30.0
WF-3-ZX38,496732.00,5404818.22,16.13,24.7,108.63,258.0825,4.00,0.0,308.0,30.0
WF-3-ZX39,496757.00,5404818.22,16.64,24.7,108.35,259.7665,4.00,0.0,308.0,30.0
WF-3-ZX40,496782.00,5404818.22,17.12,24.7,108.09,261.4045,4.00,0.0,308.0,30.0
WF-3-ZX41,496807.00,5404818.22,17.55,24.8,107.84,262.9632,4.00,0.0,308.0,30.0
WF-3-ZX42,496832.00,5404818.22,17.99,24.8,107.58,264.5220,4.00,0.0,308.0,30.0
WF-3-ZX43,496857.00,5404818.22,18.37,24.8,107.33,266.0451,4.00,0.0,308.0,30.0
WF-3-ZX44,496882.00,5404818.22,18.72,24.8,107.07,267.5504,4.00,0.0,308.0,30.0
WF-3-ZX45,496907.00,5404818.22,19.07,24.8,106.81,269.0557,4.00,0.0,308.0,30.0
WF-3-ZX46,496932.00,5404818.22,19.35,24.8,106.52,270.6722,4.00,0.0,308.0,30.0
WF-3-ZX47,496957.00,5404818.22,19.63,24.8,106.22,272.2923,4.00,0.0,308.0,30.0
WF-3-ZX48,496982.00,5404818.22,19.89,24.8,105.90,273.9999,4.00,0.0,308.0,30.0
WF-3-ZX49,497007.00,5404818.22,20.08,24.8,105.53,275.9453,4.00,0.0,308.0,30.0
WF-3-ZX50,497032.00,5404818.22,20.27,24.8,105.16,277.8906,4.00,0.0,308.0,30.0
WF-3-ZX51,497057.00,5404818.22,20.41,24.8,104.74,280.1355,4.00,0.0,308.0,30.0
WF-3-ZX52,497082.00,5404818.22,20.51,24.9,104.29,282.6065,4.00,0.0,308.0,30.0
WF-3-ZX53,497107.00,5404818.22,20.61,24.9,103.84,285.0775,4.00,0.0,308.0,30.0
WF-3-ZX54,497132.00,5404818.22,20.62,24.9,103.35,288.1196,4.00,0.0,308.0,30.0
WF-3-ZX55,497157.00,5404818.22,20.61,24.9,102.84,291.2464,4.00,0.0,308.0,30.0
WF-3-ZX56,497182.00,5404818.22,20.58,24.9,102.34,294.4825,4.00,0.0,308.0,30.0
WF-3-ZX57,497207.00,5404818.22,20.45,24.9,101.83,298.2461,4.00,0.0,308.0,30.0
WF-3-ZX58,497232.00,5404818.22,20.32,24.9,101.33,302.0098,4.00,0.0,308.0,30.0
WF-3-ZX59,497257.00,5404818.22,20.14,24.9,100.87,305.9375,4.00,0.0,308.0,30.0
WF-3-ZX60,497282.00,5404818.22,19.91,24.9,100.45,310.0485,4.00,0.0,308.0,30.0
WF-3-ZX61,497307.00,5404818.22,19.67,24.9,100.03,314.1595,4.00,0.0,308.0,30.0
WF-3-ZX62,497332.00,5404818.22,19.41,24.9,99.71,317.9884,4.00,0.0,308.0,30.0
WF-3-ZX63,497357.00,5404818.22,19.14,24.9,99.42,321.7344,4.00,0.0,308.0,30.0
WF-3-ZX64,497382.00,5404818.22,18.87,24.9,99.13,325.3770,4.00,0.0,308.0,30.0
WF-3-ZX65,497407.00,5404818.22,18.71,25.0,98.87,327.7218,4.00,0.0,308.0,30.0
WF-3-ZX66,497432.00,5404818.22,18.55,25.0,98.60,330.0666,4.00,0.0,308.0,30.0
WF-3-ZX67,497457.00,5404818.22,18.48,25.0,98.27,331.7091,4.00,0.0,308.0,30.0
WF-3-ZX68,497482.00,5404818.22,18.56,25.0,97.80,332.1793,4.00,0.0,308.0,30.0
WF-3-ZX69,497507.00,5404818.22,18.63,25.0,97.34,332.6495,4.00,0.0,308.0,30.0
WF-3-ZX70,497532.00,5404818.22,18.80,25.0,96.70,332.4797,4.00,0.0,308.0,30.0
WF-3-ZX71,497557.00,5404818.22,19.00,25.0,95.98,332.0023,4.00,0.0,308.0,30.0
WF-3-ZX72,497582.00,5404818.22,19.21,25.0,95.25,331.5250,4.00,0.0,308.0,30.0
WF-3-ZX73,497607.00,5404818.22,19.31,25.0,94.50,331.4321,4.00,0.0,308.0,30.0
WF-3-ZX74,497632.00,5404818.22,19.41,25.0,93.74,331.3487,4.00,0.0,308.0,30.0
WF-3-ZX75,497657.00,5404818.22,19.45,25.0,93.05,331.5211,4.00,0.0,308.0,30.0
WF-3-ZX76,497682.00,5404818.22,19.31,25.0,92.52,332.3615,4.00,0.0,308.0,30.0
WF-3-ZX77,497707.00,5404818.22,19.17,25.0,91.99,333.2019,4.00,0.0,308.0,30.0
WF-3-ZX78,497732.00,5404818.22,18.90,25.0,91.71,334.4717,4.00,0.0,308.0,30.0
WF-3-ZX79,497757.00,5404818.22,18.53,25.0,91.61,336.0555,4.00,0.0,308.0,30.0
WF-3-ZX80,497782.00,5404818.22,18.17,25.0,91.50,337.6392,4.00,0.0,308.0,30.0
WF-3-ZX81,497807.00,5404818.22,17.64,25.0,92.01,339.4751,4.00,0.0,308.0,30.0
WF-3-ZX82,497832.00,5404818.22,17.10,25.0,92.59,341.3459,4.00,0.0,308.0,30.0
WF-3-ZX83,497857.00,5404818.22,16.52,25.0,93.40,343.1660,4.00,0.0,308.0,30.0
WF-3-ZX84,497882.00,5404818.22,15.79,25.0,95.24,344.7536,4.00,0.0,308.0,30.0
WF-3-ZX85,497907.00,5404818.22,15.07,25.0,97.07,346.3412,4.00,0.0,308.0,30.0
WF-3-ZX86,497932.00,5404818.22,14.26,25.0,99.69,347.4933,4.00,0.0,308.0,30.0
WF-3-ZX87,497957.00,5404818.22,13.38,25.0,103.18,348.1737,4.00,0.0,308.0,30.0
WF-3-ZX88,497982.00,5404818.22,12.49,25.0,106.66,348.8542,4.00,0.0,308.0,30.0
WF-3-ZX89,498007.00,5404818.22,11.95,25.0,109.03,348.9750,4.00,0.0,308.0,30.0
WF-3-ZX90,498032.00,5404818.22,11.51,25.0,111.08,348.9388,4.00,0.0,308.0,30.0
WF-3-ZX91,498057.00,5404818.22,11.17,25.0,112.69,348.9257,4.00,0.0,308.0,30.0
WF-3-ZX92,498082.00,5404818.22,11.86,25.0,109.35,349.1731,4.00,0.0,308.0,30.0
WF-3-ZX93,498107.00,5404818.22,12.55,25.0,106.00,349.4205,4.00,0.0,308.0,30.0
WF-3-ZX94,498132.00,5404818.22,13.31,25.0,102.63,349.3397,4.00,0.0,308.0,30.0
WF-3-ZX95,498157.00,5404818.22,14.19,25.0,99.22,348.7291,4.00,0.0,308.0,30.0
WF-3-ZX96,498182.00,5404818.22,15.07,25.0,95.81,348.1184,4.00,0.0,308.0,30.0
WF-3-ZX97,498207.00,5404818.22,15.80,25.0,94.01,346.6376,4.00,0.0,308.0,30.0
WF-3-ZX98,498232.00,5404818.22,16.45,25.0,92.96,344.7534,4.00,0.0,308.0,30.0
WF-3-ZX99,498257.00,5404818.22,17.11,25.0,91.91,342.8692,4.00,0.0,308.0,30.0
WF-3-ZX100,498282.00,5404818.22,17.64,25.0,92.45,340.3386,4.00,0.0,308.0,30.0
WF-3-ZX101,498307.00,5404818.22,18.17,25.0,93.03,337.7974,4.00,0.0,308.0,30.0
WF-3-ZX102,498332.00,5404818.22,18.69,25.0,93.89,335.2237,4.00,0.0,308.0,30.0
WF-3-ZX103,498357.00,5404818.22,19.18,25.0,95.50,332.5682,4.00,0.0,308.0,30.0
WF-3-ZX104,498382.00,5404818.22,19.66,25.0,97.10,329.9127,4.00,0.0,308.0,30.0
WF-3-ZX105,498407.00,5404818.22,20.13,25.0,99.09,327.3953,4.00,0.0,308.0,30.0
WF-3-ZX106,498432.00,5404818.22,20.58,25.0,101.36,324.9757,4.00,0.0,308.0,30.0
WF-3-ZX107,498457.00,5404818.22,21.03,25.0,103.63,322.5561,4.00,0.0,308.0,30.0
WF-3-ZX108,498482.00,5404818.22,21.43,25.0,106.00,320.5963,4.00,0.0,308.0,30.0
WF-3-ZX109,498507.00,5404818.22,21.83,25.0,108.39,318.6954,4.00,0.0,308.0,30.0
WF-3-ZX110,498532.00,5404818.22,22.21,25.0,110.63,316.9400,4.00,0.0,308.0,30.0
WF-3-ZX111,498557.00,5404818.22,22.53,25.0,112.22,315.8164,4.00,0.0,308.0,30.0
WF-3-ZX112,498582.00,5404818.22,22.86,25.0,113.80,314.6927,4.00,0.0,308.0,30.0
WF-3-ZX113,498607.00,5404818.22,23.19,25.0,114.67,313.9764,4.00,0.0,308.0,30.0
WF-3-ZX114,498632.00,5404818.22,23.54,25.0,114.78,313.6877,4.00,0.0,308.0,30.0
WF-3-ZX115,498657.00,5404818.22,23.89,25.0,114.89,313.3990,4.00,0.0,308.0,30.0
WF-3-ZX116,498682.00,5404818.22,24.44,25.0,114.17,313.5433,4.00,0.0,308.0,30.0
WF-3-ZX117,498707.00,5404818.22,25.04,25.0,113.23,313.8037,4.00,0.0,308.0,30.0
WF-3-ZX118,498732.00,5404818.22,25.69,25.0,112.29,314.0775,4.00,0.0,308.0,30.0
WF-4-ZX1,495807.27,5405156.22,14.35,21.0,90.67,277.9547,4.00,0.0,308.0,30.0
WF-4-ZX2,495832.27,5405156.22,14.37,20.8,90.36,278.2077,4.00,0.0,308.0,30.0
WF-4-ZX3,495857.27,5405156.22,14.39,20.9,90.56,278.0427,4.00,0.0,308.0,30.0
WF-4-ZX4,495882.27,5405156.22,14.41,20.9,90.76,277.8777,4.00,0.0,308.0,30.0
WF-4-ZX5,495907.27,5405156.22,14.45,20.9,91.30,277.4421,4.00,0.0,308.0,30.0
WF-4-ZX6,495932.27,5405156.22,14.50,21.1,92.21,276.6982,4.00,0.0,308.0,30.0
WF-4-ZX7,495957.27,5405156.22,14.55,21.2,93.12,275.9543,4.00,0.0,308.0,30.0
WF-4-ZX8,495982.27,5405156.22,14.61,21.4,94.37,274.9881,4.00,0.0,308.0,30.0
WF-4-ZX9,496007.27,5405156.22,14.68,21.6,95.73,273.9548,4.00,0.0,308.0,30.0
WF-4-ZX10,496032.27,5405156.22,14.75,21.8,97.09,272.9308,4.00,0.0,308.0,30.0
WF-4-ZX11,496057.27,5405156.22,14.82,22.1,98.50,272.0325,4.00,0.0,308.0,30.0
WF-4-ZX12,496082.27,5405156.22,14.89,22.3,99.91,271.1342,4.00,0.0,308.0,30.0
WF-4-ZX13,496107.27,5405156.22,14.96,22.5,101.24,270.3973,4.00,0.0,308.0,30.0
WF-4-ZX14,496132.27,5405156.22,15.03,22.7,102.42,269.9355,4.00,0.0,308.0,30.0
WF-4-ZX15,496157.27,5405156.22,15.09,22.9,103.60,269.4737,4.00,0.0,308.0,30.0
WF-4-ZX16,496182.27,5405156.22,15.15,23.1,104.57,269.3901,4.00,0.0,308.0,30.0
WF-4-ZX17,496207.27,5405156.22,15.20,23.3,105.43,269.4924,4.00,0.0,308.0,30.0
WF-4-ZX18,496232.27,5405156.22,15.26,23.5,106.28,269.5946,4.00,0.0,308.0,30.0
WF-4-ZX19,496257.27,5405156.22,15.29,23.6,106.85,270.2639,4.00,0.0,308.0,30.0
WF-4-ZX20,496282.27,5405156.22,15.33,23.7,107.41,270.9498,4.00,0.0,308.0,30.0
WF-4-ZX21,496307.27,5405156.22,15.35,23.8,107.92,271.7896,4.00,0.0,308.0,30.0
WF-4-ZX22,496332.27,5405156.22,15.36,23.9,108.27,273.0406,4.00,0.0,308.0,30.0
WF-4-ZX23,496357.27,5405156.22,15.37,24.0,108.62,274.2916,4.00,0.0,308.0,30.0
WF-4-ZX24,496382.27,5405156.22,15.35,24.1,108.92,275.8582,4.00,0.0,308.0,30.0
WF-4-ZX25,496407.27,5405156.22,15.32,24.2,109.18,277.6600,4.00,0.0,308.0,30.0
WF-4-ZX26,496432.27,5405156.22,15.28,24.3,109.44,279.4618,4.00,0.0,308.0,30.0
WF-4-ZX27,496457.27,5405156.22,15.19,24.3,109.72,281.7482,4.00,0.0,308.0,30.0
WF-4-ZX28,496482.27,5405156.22,15.08,24.4,109.99,284.1047,4.00,0.0,308.0,30.0
WF-4-ZX29,496507.27,5405156.22,14.97,24.4,110.29,286.5576,4.00,0.0,308.0,30.0
WF-4-ZX30,496532.27,5405156.22,14.77,24.5,110.69,289.4666,4.00,0.0,308.0,30.0
WF-4-ZX31,496557.27,5405156.22,14.57,24.6,111.09,292.3756,4.00,0.0,308.0,30.0
WF-4-ZX32,496582.27,5405156.22,14.33,24.6,111.58,295.5006,4.00,0.0,308.0,30.0
WF-4-ZX33,496607.27,5405156.22,14.02,24.6,112.16,298.8641,4.00,0.0,308.0,30.0
WF-4-ZX34,496632.27,5405156.22,13.71,24.7,112.75,302.2275,4.00,0.0,308.0,30.0
WF-4-ZX35,496657.27,5405156.22,13.34,24.7,113.45,305.6546,4.00,0.0,308.0,30.0
WF-4-ZX36,496682.27,5405156.22,12.96,24.8,114.19,309.1000,4.00,0.0,308.0,30.0
WF-4-ZX37,496707.27,5405156.22,12.57,24.8,114.91,312.4908,4.00,0.0,308.0,30.0
WF-4-ZX38,496732.27,5405156.22,12.23,24.8,115.56,315.2254,4.00,0.0,308.0,30.0
WF-4-ZX39,496757.27,5405156.22,11.89,24.8,116.20,317.9600,4.00,0.0,308.0,30.0
WF-4-ZX40,496782.27,5405156.22,11.64,24.9,116.66,320.0949,4.00,0.0,308.0,30.0
WF-4-ZX41,496807.27,5405156.22,11.55,24.9,116.81,321.2413,4.00,0.0,308.0,30.0
WF-4-ZX42,496832.27,5405156.22,11.45,24.9,116.96,322.3877,4.00,0.0,308.0,30.0
WF-4-ZX43,496857.27,5405156.22,11.59,24.9,116.61,322.4242,4.00,0.0,308.0,30.0
WF-4-ZX44,496882.27,5405156.22,11.83,24.9,116.03,321.9346,4.00,0.0,308.0,30.0
WF-4-ZX45,496907.27,5405156.22,12.08,24.9,115.45,321.4449,4.00,0.0,308.0,30.0
WF-4-ZX46,496932.27,5405156.22,12.54,24.9,114.35,320.3236,4.00,0.0,308.0,30.0
WF-4-ZX47,496957.27,5405156.22,13.01,24.9,113.24,319.1889,4.00,0.0,308.0,30.0
WF-4-ZX48,496982.27,5405156.22,13.48,24.9,112.08,318.1712,4.00,0.0,308.0,30.0
WF-4-ZX49,497007.27,5405156.22,13.97,24.9,110.81,317.4545,4.00,0.0,308.0,30.0
WF-4-ZX50,497032.27,5405156.22,14.46,24.9,109.54,316.7377,4.00,0.0,308.0,30.0
WF-4-ZX51,497057.27,5405156.22,14.88,24.9,108.33,316.5431,4.00,0.0,308.0,30.0
WF-4-ZX52,497082.27,5405156.22,15.26,24.9,107.17,316.7253,4.00,0.0,308.0,30.0
WF-4-ZX53,497107.27,5405156.22,15.63,24.9,106.00,316.9075,4.00,0.0,308.0,30.0
WF-4-ZX54,497132.27,5405156.22,15.88,24.9,105.02,317.8852,4.00,0.0,308.0,30.0
WF-4-ZX55,497157.27,5405156.22,16.10,24.9,104.06,318.9697,4.00,0.0,308.0,30.0
WF-4-ZX56,497182.27,5405156.22,16.31,24.9,103.15,320.1771,4.00,0.0,308.0,30.0
WF-4-ZX57,497207.27,5405156.22,16.39,24.9,102.41,321.9349,4.00,0.0,308.0,30.0
WF-4-ZX58,497232.27,5405156.22,16.48,24.9,101.68,323.6927,4.00,0.0,308.0,30.0
WF-4-ZX59,497257.27,5405156.22,16.52,24.9,101.05,325.6068,4.00,0.0,308.0,30.0
WF-4-ZX60,497282.27,5405156.22,16.50,24.9,100.52,327.6882,4.00,0.0,308.0,30.0
WF-4-ZX61,497307.27,5405156.22,16.48,24.9,100.00,329.7696,4.00,0.0,308.0,30.0
WF-4-ZX62,497332.27,5405156.22,16.42,24.9,99.59,331.7780,4.00,0.0,308.0,30.0
WF-4-ZX63,497357.27,5405156.22,16.35,24.9,99.21,333.7663,4.00,0.0,308.0,30.0
WF-4-ZX64,497382.27,5405156.22,16.27,24.9,98.84,335.7181,4.00,0.0,308.0,30.0
WF-4-ZX65,497407.27,5405156.22,16.19,24.9,98.49,337.2747,4.00,0.0,308.0,30.0
WF-4-ZX66,497432.27,5405156.22,16.10,24.9,98.15,338.8312,4.00,0.0,308.0,30.0
WF-4-ZX67,497457.27,5405156.22,16.02,24.9,97.77,340.2238,4.00,0.0,308.0,30.0
WF-4-ZX68,497482.27,5405156.22,15.93,24.9,97.33,341.3549,4.00,0.0,308.0,30.0
WF-4-ZX69,497507.27,5405156.22,15.85,24.9,96.89,342.4860,4.00,0.0,308.0,30.0
WF-4-ZX70,497532.27,5405156.22,15.74,24.9,96.34,343.6362,4.00,0.0,308.0,30.0
WF-4-ZX71,497557.27,5405156.22,15.61,24.9,95.74,344.7951,4.00,0.0,308.0,30.0
WF-4-ZX72,497582.27,5405156.22,15.49,24.9,95.14,345.9540,4.00,0.0,308.0,30.0
WF-4-ZX73,497607.27,5405156.22,15.24,24.9,94.41,347.7464,4.00,0.0,308.0,30.0
WF-4-ZX74,497632.27,5405156.22,14.99,25.0,93.69,349.5472,4.00,0.0,308.0,30.0
WF-4-ZX75,497657.27,5405156.22,14.68,25.0,92.94,351.6696,4.00,0.0,308.0,30.0
WF-4-ZX76,497682.27,5405156.22,14.23,25.0,92.14,354.5881,4.00,0.0,308.0,30.0
WF-4-ZX77,497707.27,5405156.22,13.78,25.0,91.35,357.5067,4.00,0.0,308.0,30.0
WF-4-ZX78,497732.27,5405156.22,13.18,25.0,90.52,361.2131,4.00,0.0,308.0,30.0
WF-4-ZX79,497757.27,5405156.22,12.49,25.0,89.68,365.4703,4.00,0.0,308.0,30.0
WF-4-ZX80,497782.27,5405156.22,11.79,25.0,88.84,369.7275,4.00,0.0,308.0,30.0
WF-4-ZX81,497807.27,5405156.22,10.96,25.0,88.01,374.6559,4.00,0.0,308.0,30.0
WF-4-ZX82,497832.27,5405156.22,10.12,25.0,87.18,379.6678,4.00,0.0,308.0,30.0
WF-4-ZX83,497857.27,5405156.22,9.32,25.0,86.41,384.3407,4.00,0.0,308.0,30.0
WF-4-ZX84,497882.27,5405156.22,8.77,25.0,85.91,387.5699,4.00,0.0,308.0,30.0
WF-4-ZX85,497907.27,5405156.22,8.22,25.0,85.41,390.7990,4.00,0.0,308.0,30.0
WF-4-ZX86,497932.27,5405156.22,8.05,25.0,85.26,391.7914,4.00,0.0,308.0,30.0
WF-4-ZX87,497957.27,5405156.22,8.28,25.0,85.47,390.4643,4.00,0.0,308.0,30.0
WF-4-ZX88,497982.27,5405156.22,8.52,25.0,85.68,389.1372,4.00,0.0,308.0,30.0
WF-4-ZX89,498007.27,5405156.22,9.19,25.0,86.30,385.3319,4.00,0.0,308.0,30.0
WF-4-ZX90,498032.27,5405156.22,9.99,25.0,87.03,380.8746,4.00,0.0,308.0,30.0
WF-4-ZX91,498057.27,5405156.22,10.79,25.0,87.76,376.4093,4.00,0.0,308.0,30.0
WF-4-ZX92,498082.27,5405156.22,11.62,25.0,88.55,371.8655,4.00,0.0,308.0,30.0
WF-4-ZX93,498107.27,5405156.22,12.46,25.0,89.33,367.3217,4.00,0.0,308.0,30.0
WF-4-ZX94,498132.27,5405156.22,13.24,25.0,90.08,363.1790,4.00,0.0,308.0,30.0
WF-4-ZX95,498157.27,5405156.22,13.93,25.0,90.77,359.6549,4.00,0.0,308.0,30.0
WF-4-ZX96,498182.27,5405156.22,14.63,25.0,91.45,356.1308,4.00,0.0,308.0,30.0
WF-4-ZX97,498207.27,5405156.22,15.24,25.0,92.09,353.2591,4.00,0.0,308.0,30.0
WF-4-ZX98,498232.27,5405156.22,15.80,25.0,92.71,350.6750,4.00,0.0,308.0,30.0
WF-4-ZX99,498257.27,5405156.22,16.37,25.0,93.33,348.0910,4.00,0.0,308.0,30.0
WF-4-ZX100,498282.27,5405156.22,16.86,25.0,93.96,346.1865,4.00,0.0,308.0,30.0
WF-4-ZX101,498307.27,5405156.22,17.35,25.0,94.58,344.2856,4.00,0.0,308.0,30.0
WF-4-ZX102,498332.27,5405156.22,17.83,25.0,95.23,342.5377,4.00,0.0,308.0,30.0
WF-4-ZX103,498357.27,5405156.22,18.27,25.0,95.92,341.1543,4.00,0.0,308.0,30.0
WF-4-ZX104,498382.27,5405156.22,18.72,25.0,96.61,339.7710,4.00,0.0,308.0,30.0
WF-4-ZX105,498407.27,5405156.22,19.15,25.0,97.34,338.6520,4.00,0.0,308.0,30.0
WF-4-ZX106,498432.27,5405156.22,19.57,25.0,98.11,337.7118,4.00,0.0,308.0,30.0
WF-4-ZX107,498457.27,5405156.22,19.99,25.0,98.88,336.7717,4.00,0.0,308.0,30.0
WF-4-ZX108,498482.27,5405156.22,20.40,25.0,99.72,336.2038,4.00,0.0,308.0,30.0
WF-4-ZX109,498507.27,5405156.22,20.81,25.0,100.58,335.6787,4.00,0.0,308.0,30.0
WF-4-ZX110,498532.27,5405156.22,21.22,25.0,101.44,335.2304,4.00,0.0,308.0,30.0
WF-4-ZX111,498557.27,5405156.22,21.63,25.0,102.35,335.0936,4.00,0.0,308.0,30.0
WF-4-ZX112,498582.27,5405156.22,22.04,25.0,103.27,334.9569,4.00,0.0,308.0,30.0
WF-4-ZX113,498607.27,5405156.22,22.45,25.0,104.19,334.9797,4.00,0.0,308.0,30.0
WF-4-ZX114,498632.27,5405156.22,22.86,25.0,105.13,335.1627,4.00,0.0,308.0,30.0
WF-4-ZX115,498657.27,5405156.22,23.26,25.0,106.07,335.3458,4.00,0.0,308.0,30.0
WF-4-ZX116,498682.27,5405156.22,23.68,25.0,106.98,335.6621,4.00,0.0,308.0,30.0
WF-4-ZX117,498707.27,5405156.22,24.11,25.0,107.88,336.0118,4.00,0.0,308.0,30.0
WF-4-ZX118,498732.27,5405156.22,24.53,25.0,108.77,336.3531,4.00,0.0,308.0,30.0
WF-5-ZX1,495807.54,5405494.22,14.51,23.9,119.28,254.5045,4.00,0.0,308.0,30.0
WF-5-ZX2,495832.54,5405494.22,14.36,24.0,121.09,252.6804,4.00,0.0,308.0,30.0
WF-5-ZX3,495857.54,5405494.22,14.16,24.0,123.31,250.3487,4.00,0.0,308.0,30.0
WF-5-ZX4,495882.54,5405494.22,13.95,24.1,125.54,248.0171,4.00,0.0,308.0,30.0
WF-5-ZX5,495907.54,5405494.22,13.72,24.2,128.00,245.3605,4.00,0.0,308.0,30.0
WF-5-ZX6,495932.54,5405494.22,13.45,24.2,130.73,242.3496,4.00,0.0,308.0,30.0
WF-5-ZX7,495957.54,5405494.22,13.19,24.3,133.46,239.3387,4.00,0.0,308.0,30.0
WF-5-ZX8,495982.54,5405494.22,12.89,24.4,136.41,235.9592,4.00,0.0,308.0,30.0
WF-5-ZX9,496007.54,5405494.22,12.57,24.5,139.41,232.4752,4.00,0.0,308.0,30.0
WF-5-ZX10,496032.54,5405494.22,12.26,24.5,142.38,229.0172,4.00,0.0,308.0,30.0
WF-5-ZX11,496057.54,5405494.22,11.97,24.6,145.01,225.8581,4.00,0.0,308.0,30.0
WF-5-ZX12,496082.54,5405494.22,11.68,24.7,147.64,222.6990,4.00,0.0,308.0,30.0
WF-5-ZX13,496107.54,5405494.22,11.46,24.7,149.71,220.2428,4.00,0.0,308.0,30.0
WF-5-ZX14,496132.54,5405494.22,11.34,24.7,150.87,218.9302,4.00,0.0,308.0,30.0
WF-5-ZX15,496157.54,5405494.22,11.22,24.8,152.04,217.6177,4.00,0.0,308.0,30.0
WF-5-ZX16,496182.54,5405494.22,11.30,24.8,151.64,218.5675,4.00,0.0,308.0,30.0
WF-5-ZX17,496207.54,5405494.22,11.48,24.8,150.49,220.5753,4.00,0.0,308.0,30.0
WF-5-ZX18,496232.54,5405494.22,11.66,24.8,149.35,222.5830,4.00,0.0,308.0,30.0
WF-5-ZX19,496257.54,5405494.22,12.13,24.8,146.21,227.8704,4.00,0.0,308.0,30.0
WF-5-ZX20,496282.54,5405494.22,12.60,24.7,143.03,233.2174,4.00,0.0,308.0,30.0
WF-5-ZX21,496307.54,5405494.22,13.12,24.7,139.62,239.0743,4.00,0.0,308.0,30.0
WF-5-ZX22,496332.54,5405494.22,13.74,24.7,135.64,246.2234,4.00,0.0,308.0,30.0
WF-5-ZX23,496357.54,5405494.22,14.36,24.7,131.66,253.3724,4.00,0.0,308.0,30.0
WF-5-ZX24,496382.54,5405494.22,14.96,24.7,127.88,260.5676,4.00,0.0,308.0,30.0
WF-5-ZX25,496407.54,5405494.22,15.55,24.7,124.23,267.7957,4.00,0.0,308.0,30.0
WF-5-ZX26,496432.54,5405494.22,16.14,24.7,120.58,275.0238,4.00,0.0,308.0,30.0
WF-5-ZX27,496457.54,5405494.22,16.60,24.7,117.71,281.4071,4.00,0.0,308.0,30.0
WF-5-ZX28,496482.54,5405494.22,17.04,24.7,114.95,287.6802,4.00,0.0,308.0,30.0
WF-5-ZX29,496507.54,5405494.22,17.45,24.7,112.36,293.7000,4.00,0.0,308.0,30.0
WF-5-ZX30,496532.54,5405494.22,17.69,24.7,110.60,298.6058,4.00,0.0,308.0,30.0
WF-5-ZX31,496557.54,5405494.22,17.93,24.7,108.83,303.5116,4.00,0.0,308.0,30.0
WF-5-ZX32,496582.54,5405494.22,18.06,24.8,107.52,307.7237,4.00,0.0,308.0,30.0
WF-5-ZX33,496607.54,5405494.22,18.06,24.8,106.70,311.2024,4.00,0.0,308.0,30.0
WF-5-ZX34,496632.54,5405494.22,18.07,24.8,105.88,314.6810,4.00,0.0,308.0,30.0
WF-5-ZX35,496657.54,5405494.22,17.90,24.8,105.65,317.1572,4.00,0.0,308.0,30.0
WF-5-ZX36,496682.54,5405494.22,17.69,24.8,105.59,319.3618,4.00,0.0,308.0,30.0
WF-5-ZX37,496707.54,5405494.22,17.47,24.8,105.56,321.4783,4.00,0.0,308.0,30.0
WF-5-ZX38,496732.54,5405494.22,17.15,24.8,105.89,322.6763,4.00,0.0,308.0,30.0
WF-5-ZX39,496757.54,5405494.22,16.84,24.8,106.22,323.8742,4.00,0.0,308.0,30.0
WF-5-ZX40,496782.54,5405494.22,16.55,24.9,106.52,324.7834,4.00,0.0,308.0,30.0
WF-5-ZX41,496807.54,5405494.22,16.31,24.9,106.80,325.2377,4.00,0.0,308.0,30.0
WF-5-ZX42,496832.54,5405494.22,16.07,24.9,107.07,325.6920,4.00,0.0,308.0,30.0
WF-5-ZX43,496857.54,5405494.22,15.94,24.9,107.10,325.8055,4.00,0.0,308.0,30.0
WF-5-ZX44,496882.54,5405494.22,15.86,24.9,107.03,325.7653,4.00,0.0,308.0,30.0
WF-5-ZX45,496907.54,5405494.22,15.78,24.9,106.96,325.7251,4.00,0.0,308.0,30.0
WF-5-ZX46,496932.54,5405494.22,15.83,24.9,106.55,325.4938,4.00,0.0,308.0,30.0
WF-5-ZX47,496957.54,5405494.22,15.88,24.9,106.13,325.2605,4.00,0.0,308.0,30.0
WF-5-ZX48,496982.54,5405494.22,15.94,24.9,105.65,325.0634,4.00,0.0,308.0,30.0
WF-5-ZX49,497007.54,5405494.22,16.04,24.9,105.03,324.9542,4.00,0.0,308.0,30.0
WF-5-ZX50,497032.54,5405494.22,16.14,24.9,104.40,324.8451,4.00,0.0,308.0,30.0
WF-5-ZX51,497057.54,5405494.22,16.23,24.9,103.72,324.9534,4.00,0.0,308.0,30.0
WF-5-ZX52,497082.54,5405494.22,16.31,24.9,102.99,325.2117,4.00,0.0,308.0,30.0
WF-5-ZX53,497107.54,5405494.22,16.39,24.9,102.27,325.4701,4.00,0.0,308.0,30.0
WF-5-ZX54,497132.54,5405494.22,16.42,24.9,101.51,326.1827,4.00,0.0,308.0,30.0
WF-5-ZX55,497157.54,5405494.22,16.45,24.9,100.75,326.9500,4.00,0.0,308.0,30.0
WF-5-ZX56,497182.54,5405494.22,16.47,24.9,99.98,327.8290,4.00,0.0,308.0,30.0
WF-5-ZX57,497207.54,5405494.22,16.43,24.9,99.19,329.1744,4.00,0.0,308.0,30.0
WF-5-ZX58,497232.54,5405494.22,16.39,24.9,98.40,330.5199,4.00,0.0,308.0,30.0
WF-5-ZX59,497257.54,5405494.22,16.32,24.9,97.58,332.1723,4.00,0.0,308.0,30.0
WF-5-ZX60,497282.54,5405494.22,16.22,24.9,96.75,334.1392,4.00,0.0,308.0,30.0
WF-5-ZX61,497307.54,5405494.22,16.11,24.9,95.91,336.1062,4.00,0.0,308.0,30.0
WF-5-ZX62,497332.54,5405494.22,15.95,24.9,95.02,338.6114,4.00,0.0,308.0,30.0
WF-5-ZX63,497357.54,5405494.22,15.76,24.9,94.11,341.2556,4.00,0.0,308.0,30.0
WF-5-ZX64,497382.54,5405494.22,15.58,24.9,93.19,343.9723,4.00,0.0,308.0,30.0
WF-5-ZX65,497407.54,5405494.22,15.31,24.9,92.16,347.3752,4.00,0.0,308.0,30.0
WF-5-ZX66,497432.54,5405494.22,15.05,24.9,91.13,350.7780,4.00,0.0,308.0,30.0
WF-5-ZX67,497457.54,5405494.22,14.75,24.9,90.04,354.5078,4.00,0.0,308.0,30.0
WF-5-ZX68,497482.54,5405494.22,14.40,24.9,88.85,358.7359,4.00,0.0,308.0,30.0
WF-5-ZX69,497507.54,5405494.22,14.05,24.9,87.67,362.9639,4.00,0.0,308.0,30.0
WF-5-ZX70,497532.54,5405494.22,13.65,24.9,86.39,367.6944,4.00,0.0,308.0,30.0
WF-5-ZX71,497557.54,5405494.22,13.22,24.9,85.06,372.6434,4.00,0.0,308.0,30.0
WF-5-ZX72,497582.54,5405494.22,12.80,24.9,83.73,377.5923,4.00,0.0,308.0,30.0
WF-5-ZX73,497607.54,5405494.22,12.36,25.0,82.41,382.6419,4.00,0.0,308.0,30.0
WF-5-ZX74,497632.54,5405494.22,11.91,25.0,81.08,387.6917,4.00,0.0,308.0,30.0
WF-5-ZX75,497657.54,5405494.22,11.50,25.0,79.87,392.3318,4.00,0.0,308.0,30.0
WF-5-ZX76,497682.54,5405494.22,11.18,25.0,78.91,396.0094,4.00,0.0,308.0,30.0
WF-5-ZX77,497707.54,5405494.22,10.85,25.0,77.95,399.6870,4.00,0.0,308.0,30.0
WF-5-ZX78,497732.54,5405494.22,10.69,25.0,77.48,401.5182,4.00,0.0,308.0,30.0
WF-5-ZX79,497757.54,5405494.22,10.64,25.0,77.34,402.1153,4.00,0.0,308.0,30.0
WF-5-ZX80,497782.54,5405494.22,10.59,25.0,77.19,402.7123,4.00,0.0,308.0,30.0
WF-5-ZX81,497807.54,5405494.22,10.80,25.0,77.81,400.4437,4.00,0.0,308.0,30.0
WF-5-ZX82,497832.54,5405494.22,11.03,25.0,78.51,397.8572,4.00,0.0,308.0,30.0
WF-5-ZX83,497857.54,5405494.22,11.30,25.0,79.29,394.9805,4.00,0.0,308.0,30.0
WF-5-ZX84,497882.54,5405494.22,11.69,25.0,80.39,390.9499,4.00,0.0,308.0,30.0
WF-5-ZX85,497907.54,5405494.22,12.07,25.0,81.49,386.9193,4.00,0.0,308.0,30.0
WF-5-ZX86,497932.54,5405494.22,12.46,25.0,82.59,382.9632,4.00,0.0,308.0,30.0
WF-5-ZX87,497957.54,5405494.22,12.85,25.0,83.68,379.0812,4.00,0.0,308.0,30.0
WF-5-ZX88,497982.54,5405494.22,13.25,25.0,84.77,375.1991,4.00,0.0,308.0,30.0
WF-5-ZX89,498007.54,5405494.22,13.62,25.0,85.74,371.8726,4.00,0.0,308.0,30.0
WF-5-ZX90,498032.54,5405494.22,13.99,25.0,86.68,368.6827,4.00,0.0,308.0,30.0
WF-5-ZX91,498057.54,5405494.22,14.35,25.0,87.61,365.5612,4.00,0.0,308.0,30.0
WF-5-ZX92,498082.54,5405494.22,14.69,24.9,88.43,363.0331,4.00,0.0,308.0,30.0
WF-5-ZX93,498107.54,5405494.22,15.03,24.9,89.25,360.5051,4.00,0.0,308.0,30.0
WF-5-ZX94,498132.54,5405494.22,15.36,24.9,90.04,358.1906,4.00,0.0,308.0,30.0
WF-5-ZX95,498157.54,5405494.22,15.69,24.9,90.80,356.1911,4.00,0.0,308.0,30.0
WF-5-ZX96,498182.54,5405494.22,16.01,24.9,91.55,354.1915,4.00,0.0,308.0,30.0
WF-5-ZX97,498207.54,5405494.22,16.33,24.9,92.31,352.5066,4.00,0.0,308.0,30.0
WF-5-ZX98,498232.54,5405494.22,16.64,24.9,93.06,350.9535,4.00,0.0,308.0,30.0
WF-5-ZX99,498257.54,5405494.22,16.95,24.9,93.82,349.4027,4.00,0.0,308.0,30.0
WF-5-ZX100,498282.54,5405494.22,17.25,24.9,94.62,348.2749,4.00,0.0,308.0,30.0
WF-5-ZX101,498307.54,5405494.22,17.55,24.9,95.43,347.1470,4.00,0.0,308.0,30.0
WF-5-ZX102,498332.54,5405494.22,17.84,24.9,96.26,346.1566,4.00,0.0,308.0,30.0
WF-5-ZX103,498357.54,5405494.22,18.12,24.9,97.16,345.4772,4.00,0.0,308.0,30.0
WF-5-ZX104,498382.54,5405494.22,18.40,24.9,98.06,344.7979,4.00,0.0,308.0,30.0
WF-5-ZX105,498407.54,5405494.22,18.67,24.9,99.05,344.4245,4.00,0.0,308.0,30.0
WF-5-ZX106,498432.54,5405494.22,18.92,24.9,100.10,344.2491,4.00,0.0,308.0,30.0
WF-5-ZX107,498457.54,5405494.22,19.17,24.9,101.15,344.0737,4.00,0.0,308.0,30.0
WF-5-ZX108,498482.54,5405494.22,19.39,25.0,102.37,344.4257,4.00,0.0,308.0,30.0
WF-5-ZX109,498507.54,5405494.22,19.60,25.0,103.61,344.8313,4.00,0.0,308.0,30.0
WF-5-ZX110,498532.54,5405494.22,19.81,25.0,104.90,345.3731,4.00,0.0,308.0,30.0
WF-5-ZX111,498557.54,5405494.22,19.96,25.0,106.36,346.4318,4.00,0.0,308.0,30.0
WF-5-ZX112,498582.54,5405494.22,20.12,25.0,107.82,347.4905,4.00,0.0,308.0,30.0
WF-5-ZX113,498607.54,5405494.22,20.23,25.0,109.38,348.8803,4.00,0.0,308.0,30.0
WF-5-ZX114,498632.54,5405494.22,20.31,25.0,111.03,350.5890,4.00,0.0,308.0,30.0
WF-5-ZX115,498657.54,5405494.22,20.38,25.0,112.68,352.2976,4.00,0.0,308.0,30.0
WF-5-ZX116,498682.54,5405494.22,20.39,25.0,114.37,354.3574,4.00,0.0,308.0,30.0
WF-5-ZX117,498707.54,5405494.22,20.38,25.0,116.06,356.4993,4.00,0.0,308.0,30.0
