分类,中文文件名,格式,大小字节,来源路径,目标路径
00_论文当前使用图,图1_覆岩扰动约束机理示意图.png,png,774595,D:\xiangmu\miningplan\煤科投稿\最新版论文4.16_插图版_煤科格式项目图修正版.docx!/word/media/image1.png,D:\xiangmu\miningplan\煤科投稿\最终图片\00_论文当前使用图\图1_覆岩扰动约束机理示意图.png
00_论文当前使用图,图2_研究区钻孔空间分布图.png,png,98151,D:\xiangmu\miningplan\煤科投稿\最新版论文4.16_插图版_煤科格式项目图修正版.docx!/word/media/image2.png,D:\xiangmu\miningplan\煤科投稿\最终图片\00_论文当前使用图\图2_研究区钻孔空间分布图.png
00_论文当前使用图,图3_研究区主要地质参数场分布图.png,png,659826,D:\xiangmu\miningplan\煤科投稿\最新版论文4.16_插图版_煤科格式项目图修正版.docx!/word/media/image3.png,D:\xiangmu\miningplan\煤科投稿\最终图片\00_论文当前使用图\图3_研究区主要地质参数场分布图.png
00_论文当前使用图,图4_多场景ODI分布结果对比图.png,png,792746,D:\xiangmu\miningplan\煤科投稿\最新版论文4.16_插图版_煤科格式项目图修正版.docx!/word/media/image4.png,D:\xiangmu\miningplan\煤科投稿\最终图片\00_论文当前使用图\图4_多场景ODI分布结果对比图.png
01_场景可视化导出\20260416_191359\00_地表下沉\地表下沉图,图01_ODI分布图.pdf,pdf,95797,D:\xiangmu\miningplan\output\scene_visual_exports\20260416_191359\00_surface_subsidence\surface\fig01_odi_distribution.pdf,D:\xiangmu\miningplan\煤科投稿\最终图片\01_场景可视化导出\20260416_191359\00_地表下沉\地表下沉图\图01_ODI分布图.pdf
01_场景可视化导出\20260416_191359\00_地表下沉\地表下沉图,图01_ODI分布图.png,png,267434,D:\xiangmu\miningplan\output\scene_visual_exports\20260416_191359\00_surface_subsidence\surface\fig01_odi_distribution.png,D:\xiangmu\miningplan\煤科投稿\最终图片\01_场景可视化导出\20260416_191359\00_地表下沉\地表下沉图\图01_ODI分布图.png
01_场景可视化导出\20260416_191359\00_地表下沉\地表下沉图,图01_ODI分布图.svg,svg,287583,D:\xiangmu\miningplan\output\scene_visual_exports\20260416_191359\00_surface_subsidence\surface\fig01_odi_distribution.svg,D:\xiangmu\miningplan\煤科投稿\最终图片\01_场景可视化导出\20260416_191359\00_地表下沉\地表下沉图\图01_ODI分布图.svg
01_场景可视化导出\20260416_191359\00_地表下沉\地表下沉图,图02_地质参数云图.pdf,pdf,139607,D:\xiangmu\miningplan\output\scene_visual_exports\20260416_191359\00_surface_subsidence\surface\fig02_geology_clouds.pdf,D:\xiangmu\miningplan\煤科投稿\最终图片\01_场景可视化导出\20260416_191359\00_地表下沉\地表下沉图\图02_地质参数云图.pdf
01_场景可视化导出\20260416_191359\00_地表下沉\地表下沉图,图02_地质参数云图.png,png,541847,D:\xiangmu\miningplan\output\scene_visual_exports\20260416_191359\00_surface_subsidence\surface\fig02_geology_clouds.png,D:\xiangmu\miningplan\煤科投稿\最终图片\01_场景可视化导出\20260416_191359\00_地表下沉\地表下沉图\图02_地质参数云图.png
01_场景可视化导出\20260416_191359\00_地表下沉\地表下沉图,图02_地质参数云图.svg,svg,657055,D:\xiangmu\miningplan\output\scene_visual_exports\20260416_191359\00_surface_subsidence\surface\fig02_geology_clouds.svg,D:\xiangmu\miningplan\煤科投稿\最终图片\01_场景可视化导出\20260416_191359\00_地表下沉\地表下沉图\图02_地质参数云图.svg
01_场景可视化导出\20260416_191359\00_地表下沉\地表下沉图,图03_空间分布图.pdf,pdf,22690,D:\xiangmu\miningplan\output\scene_visual_exports\20260416_191359\00_surface_subsidence\surface\fig03_spatial_map.pdf,D:\xiangmu\miningplan\煤科投稿\最终图片\01_场景可视化导出\20260416_191359\00_地表下沉\地表下沉图\图03_空间分布图.pdf
01_场景可视化导出\20260416_191359\00_地表下沉\地表下沉图,图03_空间分布图.png,png,123511,D:\xiangmu\miningplan\output\scene_visual_exports\20260416_191359\00_surface_subsidence\surface\fig03_spatial_map.png,D:\xiangmu\miningplan\煤科投稿\最终图片\01_场景可视化导出\20260416_191359\00_地表下沉\地表下沉图\图03_空间分布图.png
01_场景可视化导出\20260416_191359\00_地表下沉\地表下沉图,图03_空间分布图.svg,svg,74762,D:\xiangmu\miningplan\output\scene_visual_exports\20260416_191359\00_surface_subsidence\surface\fig03_spatial_map.svg,D:\xiangmu\miningplan\煤科投稿\最终图片\01_场景可视化导出\20260416_191359\00_地表下沉\地表下沉图\图03_空间分布图.svg
01_场景可视化导出\20260416_191359\00_地表下沉\地表下沉图,图04_ODI频率分布图.pdf,pdf,19778,D:\xiangmu\miningplan\output\scene_visual_exports\20260416_191359\00_surface_subsidence\surface\fig04_odi_histogram.pdf,D:\xiangmu\miningplan\煤科投稿\最终图片\01_场景可视化导出\20260416_191359\00_地表下沉\地表下沉图\图04_ODI频率分布图.pdf
01_场景可视化导出\20260416_191359\00_地表下沉\地表下沉图,图04_ODI频率分布图.png,png,57439,D:\xiangmu\miningplan\output\scene_visual_exports\20260416_191359\00_surface_subsidence\surface\fig04_odi_histogram.png,D:\xiangmu\miningplan\煤科投稿\最终图片\01_场景可视化导出\20260416_191359\00_地表下沉\地表下沉图\图04_ODI频率分布图.png
01_场景可视化导出\20260416_191359\00_地表下沉\地表下沉图,图04_ODI频率分布图.svg,svg,39167,D:\xiangmu\miningplan\output\scene_visual_exports\20260416_191359\00_surface_subsidence\surface\fig04_odi_histogram.svg,D:\xiangmu\miningplan\煤科投稿\最终图片\01_场景可视化导出\20260416_191359\00_地表下沉\地表下沉图\图04_ODI频率分布图.svg
01_场景可视化导出\20260416_191359\00_地表下沉\地表下沉图,图05_ODI分级占比图.pdf,pdf,14407,D:\xiangmu\miningplan\output\scene_visual_exports\20260416_191359\00_surface_subsidence\surface\fig05_odi_levels.pdf,D:\xiangmu\miningplan\煤科投稿\最终图片\01_场景可视化导出\20260416_191359\00_地表下沉\地表下沉图\图05_ODI分级占比图.pdf
01_场景可视化导出\20260416_191359\00_地表下沉\地表下沉图,图05_ODI分级占比图.png,png,64100,D:\xiangmu\miningplan\output\scene_visual_exports\20260416_191359\00_surface_subsidence\surface\fig05_odi_levels.png,D:\xiangmu\miningplan\煤科投稿\最终图片\01_场景可视化导出\20260416_191359\00_地表下沉\地表下沉图\图05_ODI分级占比图.png
01_场景可视化导出\20260416_191359\00_地表下沉\地表下沉图,图05_ODI分级占比图.svg,svg,20136,D:\xiangmu\miningplan\output\scene_visual_exports\20260416_191359\00_surface_subsidence\surface\fig05_odi_levels.svg,D:\xiangmu\miningplan\煤科投稿\最终图片\01_场景可视化导出\20260416_191359\00_地表下沉\地表下沉图\图05_ODI分级占比图.svg
01_场景可视化导出\20260416_191359\00_地表下沉\地表下沉图,图06_权重雷达图.pdf,pdf,18726,D:\xiangmu\miningplan\output\scene_visual_exports\20260416_191359\00_surface_subsidence\surface\fig06_weight_radar.pdf,D:\xiangmu\miningplan\煤科投稿\最终图片\01_场景可视化导出\20260416_191359\00_地表下沉\地表下沉图\图06_权重雷达图.pdf
01_场景可视化导出\20260416_191359\00_地表下沉\地表下沉图,图06_权重雷达图.png,png,169979,D:\xiangmu\miningplan\output\scene_visual_exports\20260416_191359\00_surface_subsidence\surface\fig06_weight_radar.png,D:\xiangmu\miningplan\煤科投稿\最终图片\01_场景可视化导出\20260416_191359\00_地表下沉\地表下沉图\图06_权重雷达图.png
01_场景可视化导出\20260416_191359\00_地表下沉\地表下沉图,图06_权重雷达图.svg,svg,36502,D:\xiangmu\miningplan\output\scene_visual_exports\20260416_191359\00_surface_subsidence\surface\fig06_weight_radar.svg,D:\xiangmu\miningplan\煤科投稿\最终图片\01_场景可视化导出\20260416_191359\00_地表下沉\地表下沉图\图06_权重雷达图.svg
01_场景可视化导出\20260416_191359\00_地表下沉\地表下沉图,图07_误差趋势图1.pdf,pdf,22882,D:\xiangmu\miningplan\output\scene_visual_exports\20260416_191359\00_surface_subsidence\surface\fig07_error_trend_1.pdf,D:\xiangmu\miningplan\煤科投稿\最终图片\01_场景可视化导出\20260416_191359\00_地表下沉\地表下沉图\图07_误差趋势图1.pdf
01_场景可视化导出\20260416_191359\00_地表下沉\地表下沉图,图07_误差趋势图1.png,png,147767,D:\xiangmu\miningplan\output\scene_visual_exports\20260416_191359\00_surface_subsidence\surface\fig07_error_trend_1.png,D:\xiangmu\miningplan\煤科投稿\最终图片\01_场景可视化导出\20260416_191359\00_地表下沉\地表下沉图\图07_误差趋势图1.png
01_场景可视化导出\20260416_191359\00_地表下沉\地表下沉图,图07_误差趋势图1.svg,svg,58651,D:\xiangmu\miningplan\output\scene_visual_exports\20260416_191359\00_surface_subsidence\surface\fig07_error_trend_1.svg,D:\xiangmu\miningplan\煤科投稿\最终图片\01_场景可视化导出\20260416_191359\00_地表下沉\地表下沉图\图07_误差趋势图1.svg
01_场景可视化导出\20260416_191359\00_地表下沉\地表下沉图,图08_误差趋势图2.pdf,pdf,22994,D:\xiangmu\miningplan\output\scene_visual_exports\20260416_191359\00_surface_subsidence\surface\fig08_error_trend_2.pdf,D:\xiangmu\miningplan\煤科投稿\最终图片\01_场景可视化导出\20260416_191359\00_地表下沉\地表下沉图\图08_误差趋势图2.pdf
01_场景可视化导出\20260416_191359\00_地表下沉\地表下沉图,图08_误差趋势图2.png,png,143265,D:\xiangmu\miningplan\output\scene_visual_exports\20260416_191359\00_surface_subsidence\surface\fig08_error_trend_2.png,D:\xiangmu\miningplan\煤科投稿\最终图片\01_场景可视化导出\20260416_191359\00_地表下沉\地表下沉图\图08_误差趋势图2.png
01_场景可视化导出\20260416_191359\00_地表下沉\地表下沉图,图08_误差趋势图2.svg,svg,56981,D:\xiangmu\miningplan\output\scene_visual_exports\20260416_191359\00_surface_subsidence\surface\fig08_error_trend_2.svg,D:\xiangmu\miningplan\煤科投稿\最终图片\01_场景可视化导出\20260416_191359\00_地表下沉\地表下沉图\图08_误差趋势图2.svg
01_场景可视化导出\20260416_191359\00_地表下沉\地表下沉图,图09_误差趋势图3.pdf,pdf,26359,D:\xiangmu\miningplan\output\scene_visual_exports\20260416_191359\00_surface_subsidence\surface\fig09_error_trend_3.pdf,D:\xiangmu\miningplan\煤科投稿\最终图片\01_场景可视化导出\20260416_191359\00_地表下沉\地表下沉图\图09_误差趋势图3.pdf
01_场景可视化导出\20260416_191359\00_地表下沉\地表下沉图,图09_误差趋势图3.png,png,134726,D:\xiangmu\miningplan\output\scene_visual_exports\20260416_191359\00_surface_subsidence\surface\fig09_error_trend_3.png,D:\xiangmu\miningplan\煤科投稿\最终图片\01_场景可视化导出\20260416_191359\00_地表下沉\地表下沉图\图09_误差趋势图3.png
01_场景可视化导出\20260416_191359\00_地表下沉\地表下沉图,图09_误差趋势图3.svg,svg,100241,D:\xiangmu\miningplan\output\scene_visual_exports\20260416_191359\00_surface_subsidence\surface\fig09_error_trend_3.svg,D:\xiangmu\miningplan\煤科投稿\最终图片\01_场景可视化导出\20260416_191359\00_地表下沉\地表下沉图\图09_误差趋势图3.svg
01_场景可视化导出\20260416_191359\01_含水层扰动预评价\含水层扰动图,图01_ODI分布图.pdf,pdf,72002,D:\xiangmu\miningplan\output\scene_visual_exports\20260416_191359\01_aquifer_pre_eval\aquifer\fig01_odi_distribution.pdf,D:\xiangmu\miningplan\煤科投稿\最终图片\01_场景可视化导出\20260416_191359\01_含水层扰动预评价\含水层扰动图\图01_ODI分布图.pdf
01_场景可视化导出\20260416_191359\01_含水层扰动预评价\含水层扰动图,图01_ODI分布图.png,png,323599,D:\xiangmu\miningplan\output\scene_visual_exports\20260416_191359\01_aquifer_pre_eval\aquifer\fig01_odi_distribution.png,D:\xiangmu\miningplan\煤科投稿\最终图片\01_场景可视化导出\20260416_191359\01_含水层扰动预评价\含水层扰动图\图01_ODI分布图.png
01_场景可视化导出\20260416_191359\01_含水层扰动预评价\含水层扰动图,图01_ODI分布图.svg,svg,272975,D:\xiangmu\miningplan\output\scene_visual_exports\20260416_191359\01_aquifer_pre_eval\aquifer\fig01_odi_distribution.svg,D:\xiangmu\miningplan\煤科投稿\最终图片\01_场景可视化导出\20260416_191359\01_含水层扰动预评价\含水层扰动图\图01_ODI分布图.svg
01_场景可视化导出\20260416_191359\01_含水层扰动预评价\含水层扰动图,图02_地质参数云图.pdf,pdf,176361,D:\xiangmu\miningplan\output\scene_visual_exports\20260416_191359\01_aquifer_pre_eval\aquifer\fig02_geology_clouds.pdf,D:\xiangmu\miningplan\煤科投稿\最终图片\01_场景可视化导出\20260416_191359\01_含水层扰动预评价\含水层扰动图\图02_地质参数云图.pdf
01_场景可视化导出\20260416_191359\01_含水层扰动预评价\含水层扰动图,图02_地质参数云图.png,png,613993,D:\xiangmu\miningplan\output\scene_visual_exports\20260416_191359\01_aquifer_pre_eval\aquifer\fig02_geology_clouds.png,D:\xiangmu\miningplan\煤科投稿\最终图片\01_场景可视化导出\20260416_191359\01_含水层扰动预评价\含水层扰动图\图02_地质参数云图.png
01_场景可视化导出\20260416_191359\01_含水层扰动预评价\含水层扰动图,图02_地质参数云图.svg,svg,813277,D:\xiangmu\miningplan\output\scene_visual_exports\20260416_191359\01_aquifer_pre_eval\aquifer\fig02_geology_clouds.svg,D:\xiangmu\miningplan\煤科投稿\最终图片\01_场景可视化导出\20260416_191359\01_含水层扰动预评价\含水层扰动图\图02_地质参数云图.svg
01_场景可视化导出\20260416_191359\01_含水层扰动预评价\含水层扰动图,图03_空间分布图.pdf,pdf,19156,D:\xiangmu\miningplan\output\scene_visual_exports\20260416_191359\01_aquifer_pre_eval\aquifer\fig03_spatial_map.pdf,D:\xiangmu\miningplan\煤科投稿\最终图片\01_场景可视化导出\20260416_191359\01_含水层扰动预评价\含水层扰动图\图03_空间分布图.pdf
01_场景可视化导出\20260416_191359\01_含水层扰动预评价\含水层扰动图,图03_空间分布图.png,png,97980,D:\xiangmu\miningplan\output\scene_visual_exports\20260416_191359\01_aquifer_pre_eval\aquifer\fig03_spatial_map.png,D:\xiangmu\miningplan\煤科投稿\最终图片\01_场景可视化导出\20260416_191359\01_含水层扰动预评价\含水层扰动图\图03_空间分布图.png
01_场景可视化导出\20260416_191359\01_含水层扰动预评价\含水层扰动图,图03_空间分布图.svg,svg,45292,D:\xiangmu\miningplan\output\scene_visual_exports\20260416_191359\01_aquifer_pre_eval\aquifer\fig03_spatial_map.svg,D:\xiangmu\miningplan\煤科投稿\最终图片\01_场景可视化导出\20260416_191359\01_含水层扰动预评价\含水层扰动图\图03_空间分布图.svg
01_场景可视化导出\20260416_191359\01_含水层扰动预评价\含水层扰动图,图04_ODI频率分布图.pdf,pdf,19482,D:\xiangmu\miningplan\output\scene_visual_exports\20260416_191359\01_aquifer_pre_eval\aquifer\fig04_odi_histogram.pdf,D:\xiangmu\miningplan\煤科投稿\最终图片\01_场景可视化导出\20260416_191359\01_含水层扰动预评价\含水层扰动图\图04_ODI频率分布图.pdf
01_场景可视化导出\20260416_191359\01_含水层扰动预评价\含水层扰动图,图04_ODI频率分布图.png,png,63230,D:\xiangmu\miningplan\output\scene_visual_exports\20260416_191359\01_aquifer_pre_eval\aquifer\fig04_odi_histogram.png,D:\xiangmu\miningplan\煤科投稿\最终图片\01_场景可视化导出\20260416_191359\01_含水层扰动预评价\含水层扰动图\图04_ODI频率分布图.png
01_场景可视化导出\20260416_191359\01_含水层扰动预评价\含水层扰动图,图04_ODI频率分布图.svg,svg,40378,D:\xiangmu\miningplan\output\scene_visual_exports\20260416_191359\01_aquifer_pre_eval\aquifer\fig04_odi_histogram.svg,D:\xiangmu\miningplan\煤科投稿\最终图片\01_场景可视化导出\20260416_191359\01_含水层扰动预评价\含水层扰动图\图04_ODI频率分布图.svg
01_场景可视化导出\20260416_191359\01_含水层扰动预评价\含水层扰动图,图05_ODI分级占比图.pdf,pdf,13891,D:\xiangmu\miningplan\output\scene_visual_exports\20260416_191359\01_aquifer_pre_eval\aquifer\fig05_odi_levels.pdf,D:\xiangmu\miningplan\煤科投稿\最终图片\01_场景可视化导出\20260416_191359\01_含水层扰动预评价\含水层扰动图\图05_ODI分级占比图.pdf
01_场景可视化导出\20260416_191359\01_含水层扰动预评价\含水层扰动图,图05_ODI分级占比图.png,png,79987,D:\xiangmu\miningplan\output\scene_visual_exports\20260416_191359\01_aquifer_pre_eval\aquifer\fig05_odi_levels.png,D:\xiangmu\miningplan\煤科投稿\最终图片\01_场景可视化导出\20260416_191359\01_含水层扰动预评价\含水层扰动图\图05_ODI分级占比图.png
01_场景可视化导出\20260416_191359\01_含水层扰动预评价\含水层扰动图,图05_ODI分级占比图.svg,svg,19883,D:\xiangmu\miningplan\output\scene_visual_exports\20260416_191359\01_aquifer_pre_eval\aquifer\fig05_odi_levels.svg,D:\xiangmu\miningplan\煤科投稿\最终图片\01_场景可视化导出\20260416_191359\01_含水层扰动预评价\含水层扰动图\图05_ODI分级占比图.svg
01_场景可视化导出\20260416_191359\01_含水层扰动预评价\含水层扰动图,图06_权重雷达图.pdf,pdf,20166,D:\xiangmu\miningplan\output\scene_visual_exports\20260416_191359\01_aquifer_pre_eval\aquifer\fig06_weight_radar.pdf,D:\xiangmu\miningplan\煤科投稿\最终图片\01_场景可视化导出\20260416_191359\01_含水层扰动预评价\含水层扰动图\图06_权重雷达图.pdf
01_场景可视化导出\20260416_191359\01_含水层扰动预评价\含水层扰动图,图06_权重雷达图.png,png,188962,D:\xiangmu\miningplan\output\scene_visual_exports\20260416_191359\01_aquifer_pre_eval\aquifer\fig06_weight_radar.png,D:\xiangmu\miningplan\煤科投稿\最终图片\01_场景可视化导出\20260416_191359\01_含水层扰动预评价\含水层扰动图\图06_权重雷达图.png
01_场景可视化导出\20260416_191359\01_含水层扰动预评价\含水层扰动图,图06_权重雷达图.svg,svg,40707,D:\xiangmu\miningplan\output\scene_visual_exports\20260416_191359\01_aquifer_pre_eval\aquifer\fig06_weight_radar.svg,D:\xiangmu\miningplan\煤科投稿\最终图片\01_场景可视化导出\20260416_191359\01_含水层扰动预评价\含水层扰动图\图06_权重雷达图.svg
01_场景可视化导出\20260416_191359\02_含水层扰动评价\含水层扰动图,图01_ODI分布图.pdf,pdf,138260,D:\xiangmu\miningplan\output\scene_visual_exports\20260416_191359\02_aquifer_eval\aquifer\fig01_odi_distribution.pdf,D:\xiangmu\miningplan\煤科投稿\最终图片\01_场景可视化导出\20260416_191359\02_含水层扰动评价\含水层扰动图\图01_ODI分布图.pdf
01_场景可视化导出\20260416_191359\02_含水层扰动评价\含水层扰动图,图01_ODI分布图.png,png,402478,D:\xiangmu\miningplan\output\scene_visual_exports\20260416_191359\02_aquifer_eval\aquifer\fig01_odi_distribution.png,D:\xiangmu\miningplan\煤科投稿\最终图片\01_场景可视化导出\20260416_191359\02_含水层扰动评价\含水层扰动图\图01_ODI分布图.png
01_场景可视化导出\20260416_191359\02_含水层扰动评价\含水层扰动图,图01_ODI分布图.svg,svg,415798,D:\xiangmu\miningplan\output\scene_visual_exports\20260416_191359\02_aquifer_eval\aquifer\fig01_odi_distribution.svg,D:\xiangmu\miningplan\煤科投稿\最终图片\01_场景可视化导出\20260416_191359\02_含水层扰动评价\含水层扰动图\图01_ODI分布图.svg
01_场景可视化导出\20260416_191359\02_含水层扰动评价\含水层扰动图,图02_地质参数云图.pdf,pdf,165549,D:\xiangmu\miningplan\output\scene_visual_exports\20260416_191359\02_aquifer_eval\aquifer\fig02_geology_clouds.pdf,D:\xiangmu\miningplan\煤科投稿\最终图片\01_场景可视化导出\20260416_191359\02_含水层扰动评价\含水层扰动图\图02_地质参数云图.pdf
01_场景可视化导出\20260416_191359\02_含水层扰动评价\含水层扰动图,图02_地质参数云图.png,png,567067,D:\xiangmu\miningplan\output\scene_visual_exports\20260416_191359\02_aquifer_eval\aquifer\fig02_geology_clouds.png,D:\xiangmu\miningplan\煤科投稿\最终图片\01_场景可视化导出\20260416_191359\02_含水层扰动评价\含水层扰动图\图02_地质参数云图.png
01_场景可视化导出\20260416_191359\02_含水层扰动评价\含水层扰动图,图02_地质参数云图.svg,svg,747509,D:\xiangmu\miningplan\output\scene_visual_exports\20260416_191359\02_aquifer_eval\aquifer\fig02_geology_clouds.svg,D:\xiangmu\miningplan\煤科投稿\最终图片\01_场景可视化导出\20260416_191359\02_含水层扰动评价\含水层扰动图\图02_地质参数云图.svg
01_场景可视化导出\20260416_191359\02_含水层扰动评价\含水层扰动图,图03_空间分布图.pdf,pdf,23875,D:\xiangmu\miningplan\output\scene_visual_exports\20260416_191359\02_aquifer_eval\aquifer\fig03_spatial_map.pdf,D:\xiangmu\miningplan\煤科投稿\最终图片\01_场景可视化导出\20260416_191359\02_含水层扰动评价\含水层扰动图\图03_空间分布图.pdf
01_场景可视化导出\20260416_191359\02_含水层扰动评价\含水层扰动图,图03_空间分布图.png,png,186713,D:\xiangmu\miningplan\output\scene_visual_exports\20260416_191359\02_aquifer_eval\aquifer\fig03_spatial_map.png,D:\xiangmu\miningplan\煤科投稿\最终图片\01_场景可视化导出\20260416_191359\02_含水层扰动评价\含水层扰动图\图03_空间分布图.png
01_场景可视化导出\20260416_191359\02_含水层扰动评价\含水层扰动图,图03_空间分布图.svg,svg,105182,D:\xiangmu\miningplan\output\scene_visual_exports\20260416_191359\02_aquifer_eval\aquifer\fig03_spatial_map.svg,D:\xiangmu\miningplan\煤科投稿\最终图片\01_场景可视化导出\20260416_191359\02_含水层扰动评价\含水层扰动图\图03_空间分布图.svg
01_场景可视化导出\20260416_191359\02_含水层扰动评价\含水层扰动图,图04_ODI频率分布图.pdf,pdf,19778,D:\xiangmu\miningplan\output\scene_visual_exports\20260416_191359\02_aquifer_eval\aquifer\fig04_odi_histogram.pdf,D:\xiangmu\miningplan\煤科投稿\最终图片\01_场景可视化导出\20260416_191359\02_含水层扰动评价\含水层扰动图\图04_ODI频率分布图.pdf
01_场景可视化导出\20260416_191359\02_含水层扰动评价\含水层扰动图,图04_ODI频率分布图.png,png,61956,D:\xiangmu\miningplan\output\scene_visual_exports\20260416_191359\02_aquifer_eval\aquifer\fig04_odi_histogram.png,D:\xiangmu\miningplan\煤科投稿\最终图片\01_场景可视化导出\20260416_191359\02_含水层扰动评价\含水层扰动图\图04_ODI频率分布图.png
01_场景可视化导出\20260416_191359\02_含水层扰动评价\含水层扰动图,图04_ODI频率分布图.svg,svg,39836,D:\xiangmu\miningplan\output\scene_visual_exports\20260416_191359\02_aquifer_eval\aquifer\fig04_odi_histogram.svg,D:\xiangmu\miningplan\煤科投稿\最终图片\01_场景可视化导出\20260416_191359\02_含水层扰动评价\含水层扰动图\图04_ODI频率分布图.svg
01_场景可视化导出\20260416_191359\02_含水层扰动评价\含水层扰动图,图05_ODI分级占比图.pdf,pdf,14402,D:\xiangmu\miningplan\output\scene_visual_exports\20260416_191359\02_aquifer_eval\aquifer\fig05_odi_levels.pdf,D:\xiangmu\miningplan\煤科投稿\最终图片\01_场景可视化导出\20260416_191359\02_含水层扰动评价\含水层扰动图\图05_ODI分级占比图.pdf
01_场景可视化导出\20260416_191359\02_含水层扰动评价\含水层扰动图,图05_ODI分级占比图.png,png,80444,D:\xiangmu\miningplan\output\scene_visual_exports\20260416_191359\02_aquifer_eval\aquifer\fig05_odi_levels.png,D:\xiangmu\miningplan\煤科投稿\最终图片\01_场景可视化导出\20260416_191359\02_含水层扰动评价\含水层扰动图\图05_ODI分级占比图.png
01_场景可视化导出\20260416_191359\02_含水层扰动评价\含水层扰动图,图05_ODI分级占比图.svg,svg,20577,D:\xiangmu\miningplan\output\scene_visual_exports\20260416_191359\02_aquifer_eval\aquifer\fig05_odi_levels.svg,D:\xiangmu\miningplan\煤科投稿\最终图片\01_场景可视化导出\20260416_191359\02_含水层扰动评价\含水层扰动图\图05_ODI分级占比图.svg
01_场景可视化导出\20260416_191359\02_含水层扰动评价\含水层扰动图,图06_权重雷达图.pdf,pdf,20166,D:\xiangmu\miningplan\output\scene_visual_exports\20260416_191359\02_aquifer_eval\aquifer\fig06_weight_radar.pdf,D:\xiangmu\miningplan\煤科投稿\最终图片\01_场景可视化导出\20260416_191359\02_含水层扰动评价\含水层扰动图\图06_权重雷达图.pdf
01_场景可视化导出\20260416_191359\02_含水层扰动评价\含水层扰动图,图06_权重雷达图.png,png,188962,D:\xiangmu\miningplan\output\scene_visual_exports\20260416_191359\02_aquifer_eval\aquifer\fig06_weight_radar.png,D:\xiangmu\miningplan\煤科投稿\最终图片\01_场景可视化导出\20260416_191359\02_含水层扰动评价\含水层扰动图\图06_权重雷达图.png
01_场景可视化导出\20260416_191359\02_含水层扰动评价\含水层扰动图,图06_权重雷达图.svg,svg,40707,D:\xiangmu\miningplan\output\scene_visual_exports\20260416_191359\02_aquifer_eval\aquifer\fig06_weight_radar.svg,D:\xiangmu\miningplan\煤科投稿\最终图片\01_场景可视化导出\20260416_191359\02_含水层扰动评价\含水层扰动图\图06_权重雷达图.svg
01_场景可视化导出\20260416_191359\03_采区规划案例\含水层扰动图,图01_ODI分布图.pdf,pdf,72164,D:\xiangmu\miningplan\output\scene_visual_exports\20260416_191359\03_mining_planning\aquifer\fig01_odi_distribution.pdf,D:\xiangmu\miningplan\煤科投稿\最终图片\01_场景可视化导出\20260416_191359\03_采区规划案例\含水层扰动图\图01_ODI分布图.pdf
01_场景可视化导出\20260416_191359\03_采区规划案例\含水层扰动图,图01_ODI分布图.png,png,372219,D:\xiangmu\miningplan\output\scene_visual_exports\20260416_191359\03_mining_planning\aquifer\fig01_odi_distribution.png,D:\xiangmu\miningplan\煤科投稿\最终图片\01_场景可视化导出\20260416_191359\03_采区规划案例\含水层扰动图\图01_ODI分布图.png
01_场景可视化导出\20260416_191359\03_采区规划案例\含水层扰动图,图01_ODI分布图.svg,svg,273611,D:\xiangmu\miningplan\output\scene_visual_exports\20260416_191359\03_mining_planning\aquifer\fig01_odi_distribution.svg,D:\xiangmu\miningplan\煤科投稿\最终图片\01_场景可视化导出\20260416_191359\03_采区规划案例\含水层扰动图\图01_ODI分布图.svg
01_场景可视化导出\20260416_191359\03_采区规划案例\含水层扰动图,图02_地质参数云图.pdf,pdf,176361,D:\xiangmu\miningplan\output\scene_visual_exports\20260416_191359\03_mining_planning\aquifer\fig02_geology_clouds.pdf,D:\xiangmu\miningplan\煤科投稿\最终图片\01_场景可视化导出\20260416_191359\03_采区规划案例\含水层扰动图\图02_地质参数云图.pdf
01_场景可视化导出\20260416_191359\03_采区规划案例\含水层扰动图,图02_地质参数云图.png,png,613993,D:\xiangmu\miningplan\output\scene_visual_exports\20260416_191359\03_mining_planning\aquifer\fig02_geology_clouds.png,D:\xiangmu\miningplan\煤科投稿\最终图片\01_场景可视化导出\20260416_191359\03_采区规划案例\含水层扰动图\图02_地质参数云图.png
01_场景可视化导出\20260416_191359\03_采区规划案例\含水层扰动图,图02_地质参数云图.svg,svg,813277,D:\xiangmu\miningplan\output\scene_visual_exports\20260416_191359\03_mining_planning\aquifer\fig02_geology_clouds.svg,D:\xiangmu\miningplan\煤科投稿\最终图片\01_场景可视化导出\20260416_191359\03_采区规划案例\含水层扰动图\图02_地质参数云图.svg
01_场景可视化导出\20260416_191359\03_采区规划案例\含水层扰动图,图03_空间分布图.pdf,pdf,19305,D:\xiangmu\miningplan\output\scene_visual_exports\20260416_191359\03_mining_planning\aquifer\fig03_spatial_map.pdf,D:\xiangmu\miningplan\煤科投稿\最终图片\01_场景可视化导出\20260416_191359\03_采区规划案例\含水层扰动图\图03_空间分布图.pdf
01_场景可视化导出\20260416_191359\03_采区规划案例\含水层扰动图,图03_空间分布图.png,png,150493,D:\xiangmu\miningplan\output\scene_visual_exports\20260416_191359\03_mining_planning\aquifer\fig03_spatial_map.png,D:\xiangmu\miningplan\煤科投稿\最终图片\01_场景可视化导出\20260416_191359\03_采区规划案例\含水层扰动图\图03_空间分布图.png
01_场景可视化导出\20260416_191359\03_采区规划案例\含水层扰动图,图03_空间分布图.svg,svg,45698,D:\xiangmu\miningplan\output\scene_visual_exports\20260416_191359\03_mining_planning\aquifer\fig03_spatial_map.svg,D:\xiangmu\miningplan\煤科投稿\最终图片\01_场景可视化导出\20260416_191359\03_采区规划案例\含水层扰动图\图03_空间分布图.svg
01_场景可视化导出\20260416_191359\03_采区规划案例\含水层扰动图,图04_ODI频率分布图.pdf,pdf,19482,D:\xiangmu\miningplan\output\scene_visual_exports\20260416_191359\03_mining_planning\aquifer\fig04_odi_histogram.pdf,D:\xiangmu\miningplan\煤科投稿\最终图片\01_场景可视化导出\20260416_191359\03_采区规划案例\含水层扰动图\图04_ODI频率分布图.pdf
01_场景可视化导出\20260416_191359\03_采区规划案例\含水层扰动图,图04_ODI频率分布图.png,png,63230,D:\xiangmu\miningplan\output\scene_visual_exports\20260416_191359\03_mining_planning\aquifer\fig04_odi_histogram.png,D:\xiangmu\miningplan\煤科投稿\最终图片\01_场景可视化导出\20260416_191359\03_采区规划案例\含水层扰动图\图04_ODI频率分布图.png
01_场景可视化导出\20260416_191359\03_采区规划案例\含水层扰动图,图04_ODI频率分布图.svg,svg,40378,D:\xiangmu\miningplan\output\scene_visual_exports\20260416_191359\03_mining_planning\aquifer\fig04_odi_histogram.svg,D:\xiangmu\miningplan\煤科投稿\最终图片\01_场景可视化导出\20260416_191359\03_采区规划案例\含水层扰动图\图04_ODI频率分布图.svg
01_场景可视化导出\20260416_191359\03_采区规划案例\含水层扰动图,图05_ODI分级占比图.pdf,pdf,13891,D:\xiangmu\miningplan\output\scene_visual_exports\20260416_191359\03_mining_planning\aquifer\fig05_odi_levels.pdf,D:\xiangmu\miningplan\煤科投稿\最终图片\01_场景可视化导出\20260416_191359\03_采区规划案例\含水层扰动图\图05_ODI分级占比图.pdf
01_场景可视化导出\20260416_191359\03_采区规划案例\含水层扰动图,图05_ODI分级占比图.png,png,79987,D:\xiangmu\miningplan\output\scene_visual_exports\20260416_191359\03_mining_planning\aquifer\fig05_odi_levels.png,D:\xiangmu\miningplan\煤科投稿\最终图片\01_场景可视化导出\20260416_191359\03_采区规划案例\含水层扰动图\图05_ODI分级占比图.png
01_场景可视化导出\20260416_191359\03_采区规划案例\含水层扰动图,图05_ODI分级占比图.svg,svg,19883,D:\xiangmu\miningplan\output\scene_visual_exports\20260416_191359\03_mining_planning\aquifer\fig05_odi_levels.svg,D:\xiangmu\miningplan\煤科投稿\最终图片\01_场景可视化导出\20260416_191359\03_采区规划案例\含水层扰动图\图05_ODI分级占比图.svg
01_场景可视化导出\20260416_191359\03_采区规划案例\含水层扰动图,图06_权重雷达图.pdf,pdf,20166,D:\xiangmu\miningplan\output\scene_visual_exports\20260416_191359\03_mining_planning\aquifer\fig06_weight_radar.pdf,D:\xiangmu\miningplan\煤科投稿\最终图片\01_场景可视化导出\20260416_191359\03_采区规划案例\含水层扰动图\图06_权重雷达图.pdf
01_场景可视化导出\20260416_191359\03_采区规划案例\含水层扰动图,图06_权重雷达图.png,png,188962,D:\xiangmu\miningplan\output\scene_visual_exports\20260416_191359\03_mining_planning\aquifer\fig06_weight_radar.png,D:\xiangmu\miningplan\煤科投稿\最终图片\01_场景可视化导出\20260416_191359\03_采区规划案例\含水层扰动图\图06_权重雷达图.png
01_场景可视化导出\20260416_191359\03_采区规划案例\含水层扰动图,图06_权重雷达图.svg,svg,40707,D:\xiangmu\miningplan\output\scene_visual_exports\20260416_191359\03_mining_planning\aquifer\fig06_weight_radar.svg,D:\xiangmu\miningplan\煤科投稿\最终图片\01_场景可视化导出\20260416_191359\03_采区规划案例\含水层扰动图\图06_权重雷达图.svg
01_场景可视化导出\20260416_191359\03_采区规划案例\规划概览图,图01_工作面规划布局图.pdf,pdf,20155,D:\xiangmu\miningplan\output\scene_visual_exports\20260416_191359\03_mining_planning\overview\fig01_workface_plan_layout.pdf,D:\xiangmu\miningplan\煤科投稿\最终图片\01_场景可视化导出\20260416_191359\03_采区规划案例\规划概览图\图01_工作面规划布局图.pdf
01_场景可视化导出\20260416_191359\03_采区规划案例\规划概览图,图01_工作面规划布局图.png,png,104875,D:\xiangmu\miningplan\output\scene_visual_exports\20260416_191359\03_mining_planning\overview\fig01_workface_plan_layout.png,D:\xiangmu\miningplan\煤科投稿\最终图片\01_场景可视化导出\20260416_191359\03_采区规划案例\规划概览图\图01_工作面规划布局图.png
01_场景可视化导出\20260416_191359\03_采区规划案例\规划概览图,图01_工作面规划布局图.svg,svg,47916,D:\xiangmu\miningplan\output\scene_visual_exports\20260416_191359\03_mining_planning\overview\fig01_workface_plan_layout.svg,D:\xiangmu\miningplan\煤科投稿\最终图片\01_场景可视化导出\20260416_191359\03_采区规划案例\规划概览图\图01_工作面规划布局图.svg
01_场景可视化导出\20260416_191359\04_协同调控_突水点\含水层扰动图,图01_ODI分布图.pdf,pdf,177473,D:\xiangmu\miningplan\output\scene_visual_exports\20260416_191359\04_cocontrol_water_inrush\aquifer\fig01_odi_distribution.pdf,D:\xiangmu\miningplan\煤科投稿\最终图片\01_场景可视化导出\20260416_191359\04_协同调控_突水点\含水层扰动图\图01_ODI分布图.pdf
01_场景可视化导出\20260416_191359\04_协同调控_突水点\含水层扰动图,图01_ODI分布图.png,png,422308,D:\xiangmu\miningplan\output\scene_visual_exports\20260416_191359\04_cocontrol_water_inrush\aquifer\fig01_odi_distribution.png,D:\xiangmu\miningplan\煤科投稿\最终图片\01_场景可视化导出\20260416_191359\04_协同调控_突水点\含水层扰动图\图01_ODI分布图.png
01_场景可视化导出\20260416_191359\04_协同调控_突水点\含水层扰动图,图01_ODI分布图.svg,svg,521799,D:\xiangmu\miningplan\output\scene_visual_exports\20260416_191359\04_cocontrol_water_inrush\aquifer\fig01_odi_distribution.svg,D:\xiangmu\miningplan\煤科投稿\最终图片\01_场景可视化导出\20260416_191359\04_协同调控_突水点\含水层扰动图\图01_ODI分布图.svg
01_场景可视化导出\20260416_191359\04_协同调控_突水点\含水层扰动图,图02_地质参数云图.pdf,pdf,182765,D:\xiangmu\miningplan\output\scene_visual_exports\20260416_191359\04_cocontrol_water_inrush\aquifer\fig02_geology_clouds.pdf,D:\xiangmu\miningplan\煤科投稿\最终图片\01_场景可视化导出\20260416_191359\04_协同调控_突水点\含水层扰动图\图02_地质参数云图.pdf
01_场景可视化导出\20260416_191359\04_协同调控_突水点\含水层扰动图,图02_地质参数云图.png,png,635275,D:\xiangmu\miningplan\output\scene_visual_exports\20260416_191359\04_cocontrol_water_inrush\aquifer\fig02_geology_clouds.png,D:\xiangmu\miningplan\煤科投稿\最终图片\01_场景可视化导出\20260416_191359\04_协同调控_突水点\含水层扰动图\图02_地质参数云图.png
01_场景可视化导出\20260416_191359\04_协同调控_突水点\含水层扰动图,图02_地质参数云图.svg,svg,844289,D:\xiangmu\miningplan\output\scene_visual_exports\20260416_191359\04_cocontrol_water_inrush\aquifer\fig02_geology_clouds.svg,D:\xiangmu\miningplan\煤科投稿\最终图片\01_场景可视化导出\20260416_191359\04_协同调控_突水点\含水层扰动图\图02_地质参数云图.svg
01_场景可视化导出\20260416_191359\04_协同调控_突水点\含水层扰动图,图03_空间分布图.pdf,pdf,24142,D:\xiangmu\miningplan\output\scene_visual_exports\20260416_191359\04_cocontrol_water_inrush\aquifer\fig03_spatial_map.pdf,D:\xiangmu\miningplan\煤科投稿\最终图片\01_场景可视化导出\20260416_191359\04_协同调控_突水点\含水层扰动图\图03_空间分布图.pdf
01_场景可视化导出\20260416_191359\04_协同调控_突水点\含水层扰动图,图03_空间分布图.png,png,202392,D:\xiangmu\miningplan\output\scene_visual_exports\20260416_191359\04_cocontrol_water_inrush\aquifer\fig03_spatial_map.png,D:\xiangmu\miningplan\煤科投稿\最终图片\01_场景可视化导出\20260416_191359\04_协同调控_突水点\含水层扰动图\图03_空间分布图.png
01_场景可视化导出\20260416_191359\04_协同调控_突水点\含水层扰动图,图03_空间分布图.svg,svg,135296,D:\xiangmu\miningplan\output\scene_visual_exports\20260416_191359\04_cocontrol_water_inrush\aquifer\fig03_spatial_map.svg,D:\xiangmu\miningplan\煤科投稿\最终图片\01_场景可视化导出\20260416_191359\04_协同调控_突水点\含水层扰动图\图03_空间分布图.svg
01_场景可视化导出\20260416_191359\04_协同调控_突水点\含水层扰动图,图04_ODI频率分布图.pdf,pdf,19043,D:\xiangmu\miningplan\output\scene_visual_exports\20260416_191359\04_cocontrol_water_inrush\aquifer\fig04_odi_histogram.pdf,D:\xiangmu\miningplan\煤科投稿\最终图片\01_场景可视化导出\20260416_191359\04_协同调控_突水点\含水层扰动图\图04_ODI频率分布图.pdf
01_场景可视化导出\20260416_191359\04_协同调控_突水点\含水层扰动图,图04_ODI频率分布图.png,png,50991,D:\xiangmu\miningplan\output\scene_visual_exports\20260416_191359\04_cocontrol_water_inrush\aquifer\fig04_odi_histogram.png,D:\xiangmu\miningplan\煤科投稿\最终图片\01_场景可视化导出\20260416_191359\04_协同调控_突水点\含水层扰动图\图04_ODI频率分布图.png
01_场景可视化导出\20260416_191359\04_协同调控_突水点\含水层扰动图,图04_ODI频率分布图.svg,svg,36405,D:\xiangmu\miningplan\output\scene_visual_exports\20260416_191359\04_cocontrol_water_inrush\aquifer\fig04_odi_histogram.svg,D:\xiangmu\miningplan\煤科投稿\最终图片\01_场景可视化导出\20260416_191359\04_协同调控_突水点\含水层扰动图\图04_ODI频率分布图.svg
01_场景可视化导出\20260416_191359\04_协同调控_突水点\含水层扰动图,图05_ODI分级占比图.pdf,pdf,13816,D:\xiangmu\miningplan\output\scene_visual_exports\20260416_191359\04_cocontrol_water_inrush\aquifer\fig05_odi_levels.pdf,D:\xiangmu\miningplan\煤科投稿\最终图片\01_场景可视化导出\20260416_191359\04_协同调控_突水点\含水层扰动图\图05_ODI分级占比图.pdf
01_场景可视化导出\20260416_191359\04_协同调控_突水点\含水层扰动图,图05_ODI分级占比图.png,png,70078,D:\xiangmu\miningplan\output\scene_visual_exports\20260416_191359\04_cocontrol_water_inrush\aquifer\fig05_odi_levels.png,D:\xiangmu\miningplan\煤科投稿\最终图片\01_场景可视化导出\20260416_191359\04_协同调控_突水点\含水层扰动图\图05_ODI分级占比图.png
01_场景可视化导出\20260416_191359\04_协同调控_突水点\含水层扰动图,图05_ODI分级占比图.svg,svg,19555,D:\xiangmu\miningplan\output\scene_visual_exports\20260416_191359\04_cocontrol_water_inrush\aquifer\fig05_odi_levels.svg,D:\xiangmu\miningplan\煤科投稿\最终图片\01_场景可视化导出\20260416_191359\04_协同调控_突水点\含水层扰动图\图05_ODI分级占比图.svg
01_场景可视化导出\20260416_191359\05_采掘接续\含水层扰动图,图01_ODI分布图.pdf,pdf,431951,D:\xiangmu\miningplan\output\scene_visual_exports\20260416_191359\05_mining_succession\aquifer\fig01_odi_distribution.pdf,D:\xiangmu\miningplan\煤科投稿\最终图片\01_场景可视化导出\20260416_191359\05_采掘接续\含水层扰动图\图01_ODI分布图.pdf
01_场景可视化导出\20260416_191359\05_采掘接续\含水层扰动图,图01_ODI分布图.png,png,476597,D:\xiangmu\miningplan\output\scene_visual_exports\20260416_191359\05_mining_succession\aquifer\fig01_odi_distribution.png,D:\xiangmu\miningplan\煤科投稿\最终图片\01_场景可视化导出\20260416_191359\05_采掘接续\含水层扰动图\图01_ODI分布图.png
01_场景可视化导出\20260416_191359\05_采掘接续\含水层扰动图,图01_ODI分布图.svg,svg,1029885,D:\xiangmu\miningplan\output\scene_visual_exports\20260416_191359\05_mining_succession\aquifer\fig01_odi_distribution.svg,D:\xiangmu\miningplan\煤科投稿\最终图片\01_场景可视化导出\20260416_191359\05_采掘接续\含水层扰动图\图01_ODI分布图.svg
01_场景可视化导出\20260416_191359\05_采掘接续\含水层扰动图,图02_地质参数云图.pdf,pdf,168869,D:\xiangmu\miningplan\output\scene_visual_exports\20260416_191359\05_mining_succession\aquifer\fig02_geology_clouds.pdf,D:\xiangmu\miningplan\煤科投稿\最终图片\01_场景可视化导出\20260416_191359\05_采掘接续\含水层扰动图\图02_地质参数云图.pdf
01_场景可视化导出\20260416_191359\05_采掘接续\含水层扰动图,图02_地质参数云图.png,png,564818,D:\xiangmu\miningplan\output\scene_visual_exports\20260416_191359\05_mining_succession\aquifer\fig02_geology_clouds.png,D:\xiangmu\miningplan\煤科投稿\最终图片\01_场景可视化导出\20260416_191359\05_采掘接续\含水层扰动图\图02_地质参数云图.png
01_场景可视化导出\20260416_191359\05_采掘接续\含水层扰动图,图02_地质参数云图.svg,svg,770218,D:\xiangmu\miningplan\output\scene_visual_exports\20260416_191359\05_mining_succession\aquifer\fig02_geology_clouds.svg,D:\xiangmu\miningplan\煤科投稿\最终图片\01_场景可视化导出\20260416_191359\05_采掘接续\含水层扰动图\图02_地质参数云图.svg
01_场景可视化导出\20260416_191359\05_采掘接续\含水层扰动图,图03_空间分布图.pdf,pdf,25094,D:\xiangmu\miningplan\output\scene_visual_exports\20260416_191359\05_mining_succession\aquifer\fig03_spatial_map.pdf,D:\xiangmu\miningplan\煤科投稿\最终图片\01_场景可视化导出\20260416_191359\05_采掘接续\含水层扰动图\图03_空间分布图.pdf
01_场景可视化导出\20260416_191359\05_采掘接续\含水层扰动图,图03_空间分布图.png,png,299404,D:\xiangmu\miningplan\output\scene_visual_exports\20260416_191359\05_mining_succession\aquifer\fig03_spatial_map.png,D:\xiangmu\miningplan\煤科投稿\最终图片\01_场景可视化导出\20260416_191359\05_采掘接续\含水层扰动图\图03_空间分布图.png
01_场景可视化导出\20260416_191359\05_采掘接续\含水层扰动图,图03_空间分布图.svg,svg,344204,D:\xiangmu\miningplan\output\scene_visual_exports\20260416_191359\05_mining_succession\aquifer\fig03_spatial_map.svg,D:\xiangmu\miningplan\煤科投稿\最终图片\01_场景可视化导出\20260416_191359\05_采掘接续\含水层扰动图\图03_空间分布图.svg
01_场景可视化导出\20260416_191359\05_采掘接续\含水层扰动图,图04_ODI频率分布图.pdf,pdf,19484,D:\xiangmu\miningplan\output\scene_visual_exports\20260416_191359\05_mining_succession\aquifer\fig04_odi_histogram.pdf,D:\xiangmu\miningplan\煤科投稿\最终图片\01_场景可视化导出\20260416_191359\05_采掘接续\含水层扰动图\图04_ODI频率分布图.pdf
01_场景可视化导出\20260416_191359\05_采掘接续\含水层扰动图,图04_ODI频率分布图.png,png,59307,D:\xiangmu\miningplan\output\scene_visual_exports\20260416_191359\05_mining_succession\aquifer\fig04_odi_histogram.png,D:\xiangmu\miningplan\煤科投稿\最终图片\01_场景可视化导出\20260416_191359\05_采掘接续\含水层扰动图\图04_ODI频率分布图.png
01_场景可视化导出\20260416_191359\05_采掘接续\含水层扰动图,图04_ODI频率分布图.svg,svg,38636,D:\xiangmu\miningplan\output\scene_visual_exports\20260416_191359\05_mining_succession\aquifer\fig04_odi_histogram.svg,D:\xiangmu\miningplan\煤科投稿\最终图片\01_场景可视化导出\20260416_191359\05_采掘接续\含水层扰动图\图04_ODI频率分布图.svg
01_场景可视化导出\20260416_191359\05_采掘接续\含水层扰动图,图05_ODI分级占比图.pdf,pdf,14967,D:\xiangmu\miningplan\output\scene_visual_exports\20260416_191359\05_mining_succession\aquifer\fig05_odi_levels.pdf,D:\xiangmu\miningplan\煤科投稿\最终图片\01_场景可视化导出\20260416_191359\05_采掘接续\含水层扰动图\图05_ODI分级占比图.pdf
01_场景可视化导出\20260416_191359\05_采掘接续\含水层扰动图,图05_ODI分级占比图.png,png,77449,D:\xiangmu\miningplan\output\scene_visual_exports\20260416_191359\05_mining_succession\aquifer\fig05_odi_levels.png,D:\xiangmu\miningplan\煤科投稿\最终图片\01_场景可视化导出\20260416_191359\05_采掘接续\含水层扰动图\图05_ODI分级占比图.png
01_场景可视化导出\20260416_191359\05_采掘接续\含水层扰动图,图05_ODI分级占比图.svg,svg,21460,D:\xiangmu\miningplan\output\scene_visual_exports\20260416_191359\05_mining_succession\aquifer\fig05_odi_levels.svg,D:\xiangmu\miningplan\煤科投稿\最终图片\01_场景可视化导出\20260416_191359\05_采掘接续\含水层扰动图\图05_ODI分级占比图.svg
01_场景可视化导出\20260416_191359\05_采掘接续\含水层扰动图,图06_权重雷达图.pdf,pdf,20166,D:\xiangmu\miningplan\output\scene_visual_exports\20260416_191359\05_mining_succession\aquifer\fig06_weight_radar.pdf,D:\xiangmu\miningplan\煤科投稿\最终图片\01_场景可视化导出\20260416_191359\05_采掘接续\含水层扰动图\图06_权重雷达图.pdf
01_场景可视化导出\20260416_191359\05_采掘接续\含水层扰动图,图06_权重雷达图.png,png,188962,D:\xiangmu\miningplan\output\scene_visual_exports\20260416_191359\05_mining_succession\aquifer\fig06_weight_radar.png,D:\xiangmu\miningplan\煤科投稿\最终图片\01_场景可视化导出\20260416_191359\05_采掘接续\含水层扰动图\图06_权重雷达图.png
01_场景可视化导出\20260416_191359\05_采掘接续\含水层扰动图,图06_权重雷达图.svg,svg,40707,D:\xiangmu\miningplan\output\scene_visual_exports\20260416_191359\05_mining_succession\aquifer\fig06_weight_radar.svg,D:\xiangmu\miningplan\煤科投稿\最终图片\01_场景可视化导出\20260416_191359\05_采掘接续\含水层扰动图\图06_权重雷达图.svg
01_场景可视化导出\20260416_191359\05_采掘接续\规划概览图,图01_工作面规划布局图.pdf,pdf,20890,D:\xiangmu\miningplan\output\scene_visual_exports\20260416_191359\05_mining_succession\overview\fig01_workface_plan_layout.pdf,D:\xiangmu\miningplan\煤科投稿\最终图片\01_场景可视化导出\20260416_191359\05_采掘接续\规划概览图\图01_工作面规划布局图.pdf
01_场景可视化导出\20260416_191359\05_采掘接续\规划概览图,图01_工作面规划布局图.png,png,106788,D:\xiangmu\miningplan\output\scene_visual_exports\20260416_191359\05_mining_succession\overview\fig01_workface_plan_layout.png,D:\xiangmu\miningplan\煤科投稿\最终图片\01_场景可视化导出\20260416_191359\05_采掘接续\规划概览图\图01_工作面规划布局图.png
01_场景可视化导出\20260416_191359\05_采掘接续\规划概览图,图01_工作面规划布局图.svg,svg,49454,D:\xiangmu\miningplan\output\scene_visual_exports\20260416_191359\05_mining_succession\overview\fig01_workface_plan_layout.svg,D:\xiangmu\miningplan\煤科投稿\最终图片\01_场景可视化导出\20260416_191359\05_采掘接续\规划概览图\图01_工作面规划布局图.svg
01_场景可视化导出\20260416_191359\06_全覆岩扰动\全覆岩综合图,图01_ODI分布图.pdf,pdf,61106,D:\xiangmu\miningplan\output\scene_visual_exports\20260416_191359\06_full_overburden\full\fig01_odi_distribution.pdf,D:\xiangmu\miningplan\煤科投稿\最终图片\01_场景可视化导出\20260416_191359\06_全覆岩扰动\全覆岩综合图\图01_ODI分布图.pdf
01_场景可视化导出\20260416_191359\06_全覆岩扰动\全覆岩综合图,图01_ODI分布图.png,png,191985,D:\xiangmu\miningplan\output\scene_visual_exports\20260416_191359\06_full_overburden\full\fig01_odi_distribution.png,D:\xiangmu\miningplan\煤科投稿\最终图片\01_场景可视化导出\20260416_191359\06_全覆岩扰动\全覆岩综合图\图01_ODI分布图.png
01_场景可视化导出\20260416_191359\06_全覆岩扰动\全覆岩综合图,图01_ODI分布图.svg,svg,223493,D:\xiangmu\miningplan\output\scene_visual_exports\20260416_191359\06_full_overburden\full\fig01_odi_distribution.svg,D:\xiangmu\miningplan\煤科投稿\最终图片\01_场景可视化导出\20260416_191359\06_全覆岩扰动\全覆岩综合图\图01_ODI分布图.svg
01_场景可视化导出\20260416_191359\06_全覆岩扰动\全覆岩综合图,图02_地质参数云图.pdf,pdf,161337,D:\xiangmu\miningplan\output\scene_visual_exports\20260416_191359\06_full_overburden\full\fig02_geology_clouds.pdf,D:\xiangmu\miningplan\煤科投稿\最终图片\01_场景可视化导出\20260416_191359\06_全覆岩扰动\全覆岩综合图\图02_地质参数云图.pdf
01_场景可视化导出\20260416_191359\06_全覆岩扰动\全覆岩综合图,图02_地质参数云图.png,png,409980,D:\xiangmu\miningplan\output\scene_visual_exports\20260416_191359\06_full_overburden\full\fig02_geology_clouds.png,D:\xiangmu\miningplan\煤科投稿\最终图片\01_场景可视化导出\20260416_191359\06_全覆岩扰动\全覆岩综合图\图02_地质参数云图.png
01_场景可视化导出\20260416_191359\06_全覆岩扰动\全覆岩综合图,图02_地质参数云图.svg,svg,736869,D:\xiangmu\miningplan\output\scene_visual_exports\20260416_191359\06_full_overburden\full\fig02_geology_clouds.svg,D:\xiangmu\miningplan\煤科投稿\最终图片\01_场景可视化导出\20260416_191359\06_全覆岩扰动\全覆岩综合图\图02_地质参数云图.svg
01_场景可视化导出\20260416_191359\06_全覆岩扰动\全覆岩综合图,图03_空间分布图.pdf,pdf,18124,D:\xiangmu\miningplan\output\scene_visual_exports\20260416_191359\06_full_overburden\full\fig03_spatial_map.pdf,D:\xiangmu\miningplan\煤科投稿\最终图片\01_场景可视化导出\20260416_191359\06_全覆岩扰动\全覆岩综合图\图03_空间分布图.pdf
01_场景可视化导出\20260416_191359\06_全覆岩扰动\全覆岩综合图,图03_空间分布图.png,png,68859,D:\xiangmu\miningplan\output\scene_visual_exports\20260416_191359\06_full_overburden\full\fig03_spatial_map.png,D:\xiangmu\miningplan\煤科投稿\最终图片\01_场景可视化导出\20260416_191359\06_全覆岩扰动\全覆岩综合图\图03_空间分布图.png
01_场景可视化导出\20260416_191359\06_全覆岩扰动\全覆岩综合图,图03_空间分布图.svg,svg,37880,D:\xiangmu\miningplan\output\scene_visual_exports\20260416_191359\06_full_overburden\full\fig03_spatial_map.svg,D:\xiangmu\miningplan\煤科投稿\最终图片\01_场景可视化导出\20260416_191359\06_全覆岩扰动\全覆岩综合图\图03_空间分布图.svg
01_场景可视化导出\20260416_191359\06_全覆岩扰动\全覆岩综合图,图04_ODI频率分布图.pdf,pdf,18017,D:\xiangmu\miningplan\output\scene_visual_exports\20260416_191359\06_full_overburden\full\fig04_odi_histogram.pdf,D:\xiangmu\miningplan\煤科投稿\最终图片\01_场景可视化导出\20260416_191359\06_全覆岩扰动\全覆岩综合图\图04_ODI频率分布图.pdf
01_场景可视化导出\20260416_191359\06_全覆岩扰动\全覆岩综合图,图04_ODI频率分布图.png,png,53999,D:\xiangmu\miningplan\output\scene_visual_exports\20260416_191359\06_full_overburden\full\fig04_odi_histogram.png,D:\xiangmu\miningplan\煤科投稿\最终图片\01_场景可视化导出\20260416_191359\06_全覆岩扰动\全覆岩综合图\图04_ODI频率分布图.png
01_场景可视化导出\20260416_191359\06_全覆岩扰动\全覆岩综合图,图04_ODI频率分布图.svg,svg,36517,D:\xiangmu\miningplan\output\scene_visual_exports\20260416_191359\06_full_overburden\full\fig04_odi_histogram.svg,D:\xiangmu\miningplan\煤科投稿\最终图片\01_场景可视化导出\20260416_191359\06_全覆岩扰动\全覆岩综合图\图04_ODI频率分布图.svg
01_场景可视化导出\20260416_191359\06_全覆岩扰动\全覆岩综合图,图05_ODI分级占比图.pdf,pdf,12499,D:\xiangmu\miningplan\output\scene_visual_exports\20260416_191359\06_full_overburden\full\fig05_odi_levels.pdf,D:\xiangmu\miningplan\煤科投稿\最终图片\01_场景可视化导出\20260416_191359\06_全覆岩扰动\全覆岩综合图\图05_ODI分级占比图.pdf
01_场景可视化导出\20260416_191359\06_全覆岩扰动\全覆岩综合图,图05_ODI分级占比图.png,png,65539,D:\xiangmu\miningplan\output\scene_visual_exports\20260416_191359\06_full_overburden\full\fig05_odi_levels.png,D:\xiangmu\miningplan\煤科投稿\最终图片\01_场景可视化导出\20260416_191359\06_全覆岩扰动\全覆岩综合图\图05_ODI分级占比图.png
01_场景可视化导出\20260416_191359\06_全覆岩扰动\全覆岩综合图,图05_ODI分级占比图.svg,svg,17728,D:\xiangmu\miningplan\output\scene_visual_exports\20260416_191359\06_full_overburden\full\fig05_odi_levels.svg,D:\xiangmu\miningplan\煤科投稿\最终图片\01_场景可视化导出\20260416_191359\06_全覆岩扰动\全覆岩综合图\图05_ODI分级占比图.svg
01_场景可视化导出\20260416_191359\06_全覆岩扰动\全覆岩综合图,图06_权重雷达图.pdf,pdf,17252,D:\xiangmu\miningplan\output\scene_visual_exports\20260416_191359\06_full_overburden\full\fig06_weight_radar.pdf,D:\xiangmu\miningplan\煤科投稿\最终图片\01_场景可视化导出\20260416_191359\06_全覆岩扰动\全覆岩综合图\图06_权重雷达图.pdf
01_场景可视化导出\20260416_191359\06_全覆岩扰动\全覆岩综合图,图06_权重雷达图.png,png,168004,D:\xiangmu\miningplan\output\scene_visual_exports\20260416_191359\06_full_overburden\full\fig06_weight_radar.png,D:\xiangmu\miningplan\煤科投稿\最终图片\01_场景可视化导出\20260416_191359\06_全覆岩扰动\全覆岩综合图\图06_权重雷达图.png
01_场景可视化导出\20260416_191359\06_全覆岩扰动\全覆岩综合图,图06_权重雷达图.svg,svg,34186,D:\xiangmu\miningplan\output\scene_visual_exports\20260416_191359\06_full_overburden\full\fig06_weight_radar.svg,D:\xiangmu\miningplan\煤科投稿\最终图片\01_场景可视化导出\20260416_191359\06_全覆岩扰动\全覆岩综合图\图06_权重雷达图.svg
01_场景可视化导出\20260416_195724\00_地表下沉\地表下沉图,图01_ODI分布图.pdf,pdf,95797,D:\xiangmu\miningplan\output\scene_visual_exports\20260416_195724\00_surface_subsidence\surface\fig01_odi_distribution.pdf,D:\xiangmu\miningplan\煤科投稿\最终图片\01_场景可视化导出\20260416_195724\00_地表下沉\地表下沉图\图01_ODI分布图.pdf
01_场景可视化导出\20260416_195724\00_地表下沉\地表下沉图,图01_ODI分布图.png,png,267434,D:\xiangmu\miningplan\output\scene_visual_exports\20260416_195724\00_surface_subsidence\surface\fig01_odi_distribution.png,D:\xiangmu\miningplan\煤科投稿\最终图片\01_场景可视化导出\20260416_195724\00_地表下沉\地表下沉图\图01_ODI分布图.png
01_场景可视化导出\20260416_195724\00_地表下沉\地表下沉图,图01_ODI分布图.svg,svg,287583,D:\xiangmu\miningplan\output\scene_visual_exports\20260416_195724\00_surface_subsidence\surface\fig01_odi_distribution.svg,D:\xiangmu\miningplan\煤科投稿\最终图片\01_场景可视化导出\20260416_195724\00_地表下沉\地表下沉图\图01_ODI分布图.svg
01_场景可视化导出\20260416_195724\00_地表下沉\地表下沉图,图02_地质参数云图.pdf,pdf,139607,D:\xiangmu\miningplan\output\scene_visual_exports\20260416_195724\00_surface_subsidence\surface\fig02_geology_clouds.pdf,D:\xiangmu\miningplan\煤科投稿\最终图片\01_场景可视化导出\20260416_195724\00_地表下沉\地表下沉图\图02_地质参数云图.pdf
01_场景可视化导出\20260416_195724\00_地表下沉\地表下沉图,图02_地质参数云图.png,png,541847,D:\xiangmu\miningplan\output\scene_visual_exports\20260416_195724\00_surface_subsidence\surface\fig02_geology_clouds.png,D:\xiangmu\miningplan\煤科投稿\最终图片\01_场景可视化导出\20260416_195724\00_地表下沉\地表下沉图\图02_地质参数云图.png
01_场景可视化导出\20260416_195724\00_地表下沉\地表下沉图,图02_地质参数云图.svg,svg,657055,D:\xiangmu\miningplan\output\scene_visual_exports\20260416_195724\00_surface_subsidence\surface\fig02_geology_clouds.svg,D:\xiangmu\miningplan\煤科投稿\最终图片\01_场景可视化导出\20260416_195724\00_地表下沉\地表下沉图\图02_地质参数云图.svg
01_场景可视化导出\20260416_195724\00_地表下沉\地表下沉图,图03_空间分布图.pdf,pdf,22690,D:\xiangmu\miningplan\output\scene_visual_exports\20260416_195724\00_surface_subsidence\surface\fig03_spatial_map.pdf,D:\xiangmu\miningplan\煤科投稿\最终图片\01_场景可视化导出\20260416_195724\00_地表下沉\地表下沉图\图03_空间分布图.pdf
01_场景可视化导出\20260416_195724\00_地表下沉\地表下沉图,图03_空间分布图.png,png,123511,D:\xiangmu\miningplan\output\scene_visual_exports\20260416_195724\00_surface_subsidence\surface\fig03_spatial_map.png,D:\xiangmu\miningplan\煤科投稿\最终图片\01_场景可视化导出\20260416_195724\00_地表下沉\地表下沉图\图03_空间分布图.png
01_场景可视化导出\20260416_195724\00_地表下沉\地表下沉图,图03_空间分布图.svg,svg,74762,D:\xiangmu\miningplan\output\scene_visual_exports\20260416_195724\00_surface_subsidence\surface\fig03_spatial_map.svg,D:\xiangmu\miningplan\煤科投稿\最终图片\01_场景可视化导出\20260416_195724\00_地表下沉\地表下沉图\图03_空间分布图.svg
01_场景可视化导出\20260416_195724\00_地表下沉\地表下沉图,图04_ODI频率分布图.pdf,pdf,19778,D:\xiangmu\miningplan\output\scene_visual_exports\20260416_195724\00_surface_subsidence\surface\fig04_odi_histogram.pdf,D:\xiangmu\miningplan\煤科投稿\最终图片\01_场景可视化导出\20260416_195724\00_地表下沉\地表下沉图\图04_ODI频率分布图.pdf
01_场景可视化导出\20260416_195724\00_地表下沉\地表下沉图,图04_ODI频率分布图.png,png,57439,D:\xiangmu\miningplan\output\scene_visual_exports\20260416_195724\00_surface_subsidence\surface\fig04_odi_histogram.png,D:\xiangmu\miningplan\煤科投稿\最终图片\01_场景可视化导出\20260416_195724\00_地表下沉\地表下沉图\图04_ODI频率分布图.png
01_场景可视化导出\20260416_195724\00_地表下沉\地表下沉图,图04_ODI频率分布图.svg,svg,39167,D:\xiangmu\miningplan\output\scene_visual_exports\20260416_195724\00_surface_subsidence\surface\fig04_odi_histogram.svg,D:\xiangmu\miningplan\煤科投稿\最终图片\01_场景可视化导出\20260416_195724\00_地表下沉\地表下沉图\图04_ODI频率分布图.svg
01_场景可视化导出\20260416_195724\00_地表下沉\地表下沉图,图05_ODI分级占比图.pdf,pdf,14407,D:\xiangmu\miningplan\output\scene_visual_exports\20260416_195724\00_surface_subsidence\surface\fig05_odi_levels.pdf,D:\xiangmu\miningplan\煤科投稿\最终图片\01_场景可视化导出\20260416_195724\00_地表下沉\地表下沉图\图05_ODI分级占比图.pdf
01_场景可视化导出\20260416_195724\00_地表下沉\地表下沉图,图05_ODI分级占比图.png,png,64100,D:\xiangmu\miningplan\output\scene_visual_exports\20260416_195724\00_surface_subsidence\surface\fig05_odi_levels.png,D:\xiangmu\miningplan\煤科投稿\最终图片\01_场景可视化导出\20260416_195724\00_地表下沉\地表下沉图\图05_ODI分级占比图.png
01_场景可视化导出\20260416_195724\00_地表下沉\地表下沉图,图05_ODI分级占比图.svg,svg,20136,D:\xiangmu\miningplan\output\scene_visual_exports\20260416_195724\00_surface_subsidence\surface\fig05_odi_levels.svg,D:\xiangmu\miningplan\煤科投稿\最终图片\01_场景可视化导出\20260416_195724\00_地表下沉\地表下沉图\图05_ODI分级占比图.svg
01_场景可视化导出\20260416_195724\00_地表下沉\地表下沉图,图06_权重雷达图.pdf,pdf,18726,D:\xiangmu\miningplan\output\scene_visual_exports\20260416_195724\00_surface_subsidence\surface\fig06_weight_radar.pdf,D:\xiangmu\miningplan\煤科投稿\最终图片\01_场景可视化导出\20260416_195724\00_地表下沉\地表下沉图\图06_权重雷达图.pdf
01_场景可视化导出\20260416_195724\00_地表下沉\地表下沉图,图06_权重雷达图.png,png,169979,D:\xiangmu\miningplan\output\scene_visual_exports\20260416_195724\00_surface_subsidence\surface\fig06_weight_radar.png,D:\xiangmu\miningplan\煤科投稿\最终图片\01_场景可视化导出\20260416_195724\00_地表下沉\地表下沉图\图06_权重雷达图.png
01_场景可视化导出\20260416_195724\00_地表下沉\地表下沉图,图06_权重雷达图.svg,svg,36502,D:\xiangmu\miningplan\output\scene_visual_exports\20260416_195724\00_surface_subsidence\surface\fig06_weight_radar.svg,D:\xiangmu\miningplan\煤科投稿\最终图片\01_场景可视化导出\20260416_195724\00_地表下沉\地表下沉图\图06_权重雷达图.svg
01_场景可视化导出\20260416_195724\00_地表下沉\地表下沉图,图07_误差趋势图1.pdf,pdf,22882,D:\xiangmu\miningplan\output\scene_visual_exports\20260416_195724\00_surface_subsidence\surface\fig07_error_trend_1.pdf,D:\xiangmu\miningplan\煤科投稿\最终图片\01_场景可视化导出\20260416_195724\00_地表下沉\地表下沉图\图07_误差趋势图1.pdf
01_场景可视化导出\20260416_195724\00_地表下沉\地表下沉图,图07_误差趋势图1.png,png,147767,D:\xiangmu\miningplan\output\scene_visual_exports\20260416_195724\00_surface_subsidence\surface\fig07_error_trend_1.png,D:\xiangmu\miningplan\煤科投稿\最终图片\01_场景可视化导出\20260416_195724\00_地表下沉\地表下沉图\图07_误差趋势图1.png
01_场景可视化导出\20260416_195724\00_地表下沉\地表下沉图,图07_误差趋势图1.svg,svg,58651,D:\xiangmu\miningplan\output\scene_visual_exports\20260416_195724\00_surface_subsidence\surface\fig07_error_trend_1.svg,D:\xiangmu\miningplan\煤科投稿\最终图片\01_场景可视化导出\20260416_195724\00_地表下沉\地表下沉图\图07_误差趋势图1.svg
01_场景可视化导出\20260416_195724\00_地表下沉\地表下沉图,图08_误差趋势图2.pdf,pdf,22994,D:\xiangmu\miningplan\output\scene_visual_exports\20260416_195724\00_surface_subsidence\surface\fig08_error_trend_2.pdf,D:\xiangmu\miningplan\煤科投稿\最终图片\01_场景可视化导出\20260416_195724\00_地表下沉\地表下沉图\图08_误差趋势图2.pdf
01_场景可视化导出\20260416_195724\00_地表下沉\地表下沉图,图08_误差趋势图2.png,png,143265,D:\xiangmu\miningplan\output\scene_visual_exports\20260416_195724\00_surface_subsidence\surface\fig08_error_trend_2.png,D:\xiangmu\miningplan\煤科投稿\最终图片\01_场景可视化导出\20260416_195724\00_地表下沉\地表下沉图\图08_误差趋势图2.png
01_场景可视化导出\20260416_195724\00_地表下沉\地表下沉图,图08_误差趋势图2.svg,svg,56981,D:\xiangmu\miningplan\output\scene_visual_exports\20260416_195724\00_surface_subsidence\surface\fig08_error_trend_2.svg,D:\xiangmu\miningplan\煤科投稿\最终图片\01_场景可视化导出\20260416_195724\00_地表下沉\地表下沉图\图08_误差趋势图2.svg
01_场景可视化导出\20260416_195724\00_地表下沉\地表下沉图,图09_误差趋势图3.pdf,pdf,26359,D:\xiangmu\miningplan\output\scene_visual_exports\20260416_195724\00_surface_subsidence\surface\fig09_error_trend_3.pdf,D:\xiangmu\miningplan\煤科投稿\最终图片\01_场景可视化导出\20260416_195724\00_地表下沉\地表下沉图\图09_误差趋势图3.pdf
01_场景可视化导出\20260416_195724\00_地表下沉\地表下沉图,图09_误差趋势图3.png,png,134726,D:\xiangmu\miningplan\output\scene_visual_exports\20260416_195724\00_surface_subsidence\surface\fig09_error_trend_3.png,D:\xiangmu\miningplan\煤科投稿\最终图片\01_场景可视化导出\20260416_195724\00_地表下沉\地表下沉图\图09_误差趋势图3.png
01_场景可视化导出\20260416_195724\00_地表下沉\地表下沉图,图09_误差趋势图3.svg,svg,100241,D:\xiangmu\miningplan\output\scene_visual_exports\20260416_195724\00_surface_subsidence\surface\fig09_error_trend_3.svg,D:\xiangmu\miningplan\煤科投稿\最终图片\01_场景可视化导出\20260416_195724\00_地表下沉\地表下沉图\图09_误差趋势图3.svg
01_场景可视化导出\20260416_195724\01_含水层扰动预评价\含水层扰动图,图01_ODI分布图.pdf,pdf,72002,D:\xiangmu\miningplan\output\scene_visual_exports\20260416_195724\01_aquifer_pre_eval\aquifer\fig01_odi_distribution.pdf,D:\xiangmu\miningplan\煤科投稿\最终图片\01_场景可视化导出\20260416_195724\01_含水层扰动预评价\含水层扰动图\图01_ODI分布图.pdf
01_场景可视化导出\20260416_195724\01_含水层扰动预评价\含水层扰动图,图01_ODI分布图.png,png,323599,D:\xiangmu\miningplan\output\scene_visual_exports\20260416_195724\01_aquifer_pre_eval\aquifer\fig01_odi_distribution.png,D:\xiangmu\miningplan\煤科投稿\最终图片\01_场景可视化导出\20260416_195724\01_含水层扰动预评价\含水层扰动图\图01_ODI分布图.png
01_场景可视化导出\20260416_195724\01_含水层扰动预评价\含水层扰动图,图01_ODI分布图.svg,svg,272975,D:\xiangmu\miningplan\output\scene_visual_exports\20260416_195724\01_aquifer_pre_eval\aquifer\fig01_odi_distribution.svg,D:\xiangmu\miningplan\煤科投稿\最终图片\01_场景可视化导出\20260416_195724\01_含水层扰动预评价\含水层扰动图\图01_ODI分布图.svg
01_场景可视化导出\20260416_195724\01_含水层扰动预评价\含水层扰动图,图02_地质参数云图.pdf,pdf,176361,D:\xiangmu\miningplan\output\scene_visual_exports\20260416_195724\01_aquifer_pre_eval\aquifer\fig02_geology_clouds.pdf,D:\xiangmu\miningplan\煤科投稿\最终图片\01_场景可视化导出\20260416_195724\01_含水层扰动预评价\含水层扰动图\图02_地质参数云图.pdf
01_场景可视化导出\20260416_195724\01_含水层扰动预评价\含水层扰动图,图02_地质参数云图.png,png,613993,D:\xiangmu\miningplan\output\scene_visual_exports\20260416_195724\01_aquifer_pre_eval\aquifer\fig02_geology_clouds.png,D:\xiangmu\miningplan\煤科投稿\最终图片\01_场景可视化导出\20260416_195724\01_含水层扰动预评价\含水层扰动图\图02_地质参数云图.png
01_场景可视化导出\20260416_195724\01_含水层扰动预评价\含水层扰动图,图02_地质参数云图.svg,svg,813277,D:\xiangmu\miningplan\output\scene_visual_exports\20260416_195724\01_aquifer_pre_eval\aquifer\fig02_geology_clouds.svg,D:\xiangmu\miningplan\煤科投稿\最终图片\01_场景可视化导出\20260416_195724\01_含水层扰动预评价\含水层扰动图\图02_地质参数云图.svg
01_场景可视化导出\20260416_195724\01_含水层扰动预评价\含水层扰动图,图03_空间分布图.pdf,pdf,19156,D:\xiangmu\miningplan\output\scene_visual_exports\20260416_195724\01_aquifer_pre_eval\aquifer\fig03_spatial_map.pdf,D:\xiangmu\miningplan\煤科投稿\最终图片\01_场景可视化导出\20260416_195724\01_含水层扰动预评价\含水层扰动图\图03_空间分布图.pdf
01_场景可视化导出\20260416_195724\01_含水层扰动预评价\含水层扰动图,图03_空间分布图.png,png,97980,D:\xiangmu\miningplan\output\scene_visual_exports\20260416_195724\01_aquifer_pre_eval\aquifer\fig03_spatial_map.png,D:\xiangmu\miningplan\煤科投稿\最终图片\01_场景可视化导出\20260416_195724\01_含水层扰动预评价\含水层扰动图\图03_空间分布图.png
01_场景可视化导出\20260416_195724\01_含水层扰动预评价\含水层扰动图,图03_空间分布图.svg,svg,45292,D:\xiangmu\miningplan\output\scene_visual_exports\20260416_195724\01_aquifer_pre_eval\aquifer\fig03_spatial_map.svg,D:\xiangmu\miningplan\煤科投稿\最终图片\01_场景可视化导出\20260416_195724\01_含水层扰动预评价\含水层扰动图\图03_空间分布图.svg
01_场景可视化导出\20260416_195724\01_含水层扰动预评价\含水层扰动图,图04_ODI频率分布图.pdf,pdf,19482,D:\xiangmu\miningplan\output\scene_visual_exports\20260416_195724\01_aquifer_pre_eval\aquifer\fig04_odi_histogram.pdf,D:\xiangmu\miningplan\煤科投稿\最终图片\01_场景可视化导出\20260416_195724\01_含水层扰动预评价\含水层扰动图\图04_ODI频率分布图.pdf
01_场景可视化导出\20260416_195724\01_含水层扰动预评价\含水层扰动图,图04_ODI频率分布图.png,png,63230,D:\xiangmu\miningplan\output\scene_visual_exports\20260416_195724\01_aquifer_pre_eval\aquifer\fig04_odi_histogram.png,D:\xiangmu\miningplan\煤科投稿\最终图片\01_场景可视化导出\20260416_195724\01_含水层扰动预评价\含水层扰动图\图04_ODI频率分布图.png
01_场景可视化导出\20260416_195724\01_含水层扰动预评价\含水层扰动图,图04_ODI频率分布图.svg,svg,40378,D:\xiangmu\miningplan\output\scene_visual_exports\20260416_195724\01_aquifer_pre_eval\aquifer\fig04_odi_histogram.svg,D:\xiangmu\miningplan\煤科投稿\最终图片\01_场景可视化导出\20260416_195724\01_含水层扰动预评价\含水层扰动图\图04_ODI频率分布图.svg
01_场景可视化导出\20260416_195724\01_含水层扰动预评价\含水层扰动图,图05_ODI分级占比图.pdf,pdf,13891,D:\xiangmu\miningplan\output\scene_visual_exports\20260416_195724\01_aquifer_pre_eval\aquifer\fig05_odi_levels.pdf,D:\xiangmu\miningplan\煤科投稿\最终图片\01_场景可视化导出\20260416_195724\01_含水层扰动预评价\含水层扰动图\图05_ODI分级占比图.pdf
01_场景可视化导出\20260416_195724\01_含水层扰动预评价\含水层扰动图,图05_ODI分级占比图.png,png,79987,D:\xiangmu\miningplan\output\scene_visual_exports\20260416_195724\01_aquifer_pre_eval\aquifer\fig05_odi_levels.png,D:\xiangmu\miningplan\煤科投稿\最终图片\01_场景可视化导出\20260416_195724\01_含水层扰动预评价\含水层扰动图\图05_ODI分级占比图.png
01_场景可视化导出\20260416_195724\01_含水层扰动预评价\含水层扰动图,图05_ODI分级占比图.svg,svg,19883,D:\xiangmu\miningplan\output\scene_visual_exports\20260416_195724\01_aquifer_pre_eval\aquifer\fig05_odi_levels.svg,D:\xiangmu\miningplan\煤科投稿\最终图片\01_场景可视化导出\20260416_195724\01_含水层扰动预评价\含水层扰动图\图05_ODI分级占比图.svg
01_场景可视化导出\20260416_195724\01_含水层扰动预评价\含水层扰动图,图06_权重雷达图.pdf,pdf,20166,D:\xiangmu\miningplan\output\scene_visual_exports\20260416_195724\01_aquifer_pre_eval\aquifer\fig06_weight_radar.pdf,D:\xiangmu\miningplan\煤科投稿\最终图片\01_场景可视化导出\20260416_195724\01_含水层扰动预评价\含水层扰动图\图06_权重雷达图.pdf
01_场景可视化导出\20260416_195724\01_含水层扰动预评价\含水层扰动图,图06_权重雷达图.png,png,188962,D:\xiangmu\miningplan\output\scene_visual_exports\20260416_195724\01_aquifer_pre_eval\aquifer\fig06_weight_radar.png,D:\xiangmu\miningplan\煤科投稿\最终图片\01_场景可视化导出\20260416_195724\01_含水层扰动预评价\含水层扰动图\图06_权重雷达图.png
01_场景可视化导出\20260416_195724\01_含水层扰动预评价\含水层扰动图,图06_权重雷达图.svg,svg,40707,D:\xiangmu\miningplan\output\scene_visual_exports\20260416_195724\01_aquifer_pre_eval\aquifer\fig06_weight_radar.svg,D:\xiangmu\miningplan\煤科投稿\最终图片\01_场景可视化导出\20260416_195724\01_含水层扰动预评价\含水层扰动图\图06_权重雷达图.svg
01_场景可视化导出\20260416_195724\02_含水层扰动评价\含水层扰动图,图01_ODI分布图.pdf,pdf,138260,D:\xiangmu\miningplan\output\scene_visual_exports\20260416_195724\02_aquifer_eval\aquifer\fig01_odi_distribution.pdf,D:\xiangmu\miningplan\煤科投稿\最终图片\01_场景可视化导出\20260416_195724\02_含水层扰动评价\含水层扰动图\图01_ODI分布图.pdf
01_场景可视化导出\20260416_195724\02_含水层扰动评价\含水层扰动图,图01_ODI分布图.png,png,402478,D:\xiangmu\miningplan\output\scene_visual_exports\20260416_195724\02_aquifer_eval\aquifer\fig01_odi_distribution.png,D:\xiangmu\miningplan\煤科投稿\最终图片\01_场景可视化导出\20260416_195724\02_含水层扰动评价\含水层扰动图\图01_ODI分布图.png
01_场景可视化导出\20260416_195724\02_含水层扰动评价\含水层扰动图,图01_ODI分布图.svg,svg,415798,D:\xiangmu\miningplan\output\scene_visual_exports\20260416_195724\02_aquifer_eval\aquifer\fig01_odi_distribution.svg,D:\xiangmu\miningplan\煤科投稿\最终图片\01_场景可视化导出\20260416_195724\02_含水层扰动评价\含水层扰动图\图01_ODI分布图.svg
01_场景可视化导出\20260416_195724\02_含水层扰动评价\含水层扰动图,图02_地质参数云图.pdf,pdf,165549,D:\xiangmu\miningplan\output\scene_visual_exports\20260416_195724\02_aquifer_eval\aquifer\fig02_geology_clouds.pdf,D:\xiangmu\miningplan\煤科投稿\最终图片\01_场景可视化导出\20260416_195724\02_含水层扰动评价\含水层扰动图\图02_地质参数云图.pdf
01_场景可视化导出\20260416_195724\02_含水层扰动评价\含水层扰动图,图02_地质参数云图.png,png,567067,D:\xiangmu\miningplan\output\scene_visual_exports\20260416_195724\02_aquifer_eval\aquifer\fig02_geology_clouds.png,D:\xiangmu\miningplan\煤科投稿\最终图片\01_场景可视化导出\20260416_195724\02_含水层扰动评价\含水层扰动图\图02_地质参数云图.png
01_场景可视化导出\20260416_195724\02_含水层扰动评价\含水层扰动图,图02_地质参数云图.svg,svg,747509,D:\xiangmu\miningplan\output\scene_visual_exports\20260416_195724\02_aquifer_eval\aquifer\fig02_geology_clouds.svg,D:\xiangmu\miningplan\煤科投稿\最终图片\01_场景可视化导出\20260416_195724\02_含水层扰动评价\含水层扰动图\图02_地质参数云图.svg
01_场景可视化导出\20260416_195724\02_含水层扰动评价\含水层扰动图,图03_空间分布图.pdf,pdf,23875,D:\xiangmu\miningplan\output\scene_visual_exports\20260416_195724\02_aquifer_eval\aquifer\fig03_spatial_map.pdf,D:\xiangmu\miningplan\煤科投稿\最终图片\01_场景可视化导出\20260416_195724\02_含水层扰动评价\含水层扰动图\图03_空间分布图.pdf
01_场景可视化导出\20260416_195724\02_含水层扰动评价\含水层扰动图,图03_空间分布图.png,png,186713,D:\xiangmu\miningplan\output\scene_visual_exports\20260416_195724\02_aquifer_eval\aquifer\fig03_spatial_map.png,D:\xiangmu\miningplan\煤科投稿\最终图片\01_场景可视化导出\20260416_195724\02_含水层扰动评价\含水层扰动图\图03_空间分布图.png
01_场景可视化导出\20260416_195724\02_含水层扰动评价\含水层扰动图,图03_空间分布图.svg,svg,105182,D:\xiangmu\miningplan\output\scene_visual_exports\20260416_195724\02_aquifer_eval\aquifer\fig03_spatial_map.svg,D:\xiangmu\miningplan\煤科投稿\最终图片\01_场景可视化导出\20260416_195724\02_含水层扰动评价\含水层扰动图\图03_空间分布图.svg
01_场景可视化导出\20260416_195724\02_含水层扰动评价\含水层扰动图,图04_ODI频率分布图.pdf,pdf,19778,D:\xiangmu\miningplan\output\scene_visual_exports\20260416_195724\02_aquifer_eval\aquifer\fig04_odi_histogram.pdf,D:\xiangmu\miningplan\煤科投稿\最终图片\01_场景可视化导出\20260416_195724\02_含水层扰动评价\含水层扰动图\图04_ODI频率分布图.pdf
01_场景可视化导出\20260416_195724\02_含水层扰动评价\含水层扰动图,图04_ODI频率分布图.png,png,61956,D:\xiangmu\miningplan\output\scene_visual_exports\20260416_195724\02_aquifer_eval\aquifer\fig04_odi_histogram.png,D:\xiangmu\miningplan\煤科投稿\最终图片\01_场景可视化导出\20260416_195724\02_含水层扰动评价\含水层扰动图\图04_ODI频率分布图.png
01_场景可视化导出\20260416_195724\02_含水层扰动评价\含水层扰动图,图04_ODI频率分布图.svg,svg,39836,D:\xiangmu\miningplan\output\scene_visual_exports\20260416_195724\02_aquifer_eval\aquifer\fig04_odi_histogram.svg,D:\xiangmu\miningplan\煤科投稿\最终图片\01_场景可视化导出\20260416_195724\02_含水层扰动评价\含水层扰动图\图04_ODI频率分布图.svg
01_场景可视化导出\20260416_195724\02_含水层扰动评价\含水层扰动图,图05_ODI分级占比图.pdf,pdf,14402,D:\xiangmu\miningplan\output\scene_visual_exports\20260416_195724\02_aquifer_eval\aquifer\fig05_odi_levels.pdf,D:\xiangmu\miningplan\煤科投稿\最终图片\01_场景可视化导出\20260416_195724\02_含水层扰动评价\含水层扰动图\图05_ODI分级占比图.pdf
01_场景可视化导出\20260416_195724\02_含水层扰动评价\含水层扰动图,图05_ODI分级占比图.png,png,80444,D:\xiangmu\miningplan\output\scene_visual_exports\20260416_195724\02_aquifer_eval\aquifer\fig05_odi_levels.png,D:\xiangmu\miningplan\煤科投稿\最终图片\01_场景可视化导出\20260416_195724\02_含水层扰动评价\含水层扰动图\图05_ODI分级占比图.png
01_场景可视化导出\20260416_195724\02_含水层扰动评价\含水层扰动图,图05_ODI分级占比图.svg,svg,20577,D:\xiangmu\miningplan\output\scene_visual_exports\20260416_195724\02_aquifer_eval\aquifer\fig05_odi_levels.svg,D:\xiangmu\miningplan\煤科投稿\最终图片\01_场景可视化导出\20260416_195724\02_含水层扰动评价\含水层扰动图\图05_ODI分级占比图.svg
01_场景可视化导出\20260416_195724\02_含水层扰动评价\含水层扰动图,图06_权重雷达图.pdf,pdf,20166,D:\xiangmu\miningplan\output\scene_visual_exports\20260416_195724\02_aquifer_eval\aquifer\fig06_weight_radar.pdf,D:\xiangmu\miningplan\煤科投稿\最终图片\01_场景可视化导出\20260416_195724\02_含水层扰动评价\含水层扰动图\图06_权重雷达图.pdf
01_场景可视化导出\20260416_195724\02_含水层扰动评价\含水层扰动图,图06_权重雷达图.png,png,188962,D:\xiangmu\miningplan\output\scene_visual_exports\20260416_195724\02_aquifer_eval\aquifer\fig06_weight_radar.png,D:\xiangmu\miningplan\煤科投稿\最终图片\01_场景可视化导出\20260416_195724\02_含水层扰动评价\含水层扰动图\图06_权重雷达图.png
01_场景可视化导出\20260416_195724\02_含水层扰动评价\含水层扰动图,图06_权重雷达图.svg,svg,40707,D:\xiangmu\miningplan\output\scene_visual_exports\20260416_195724\02_aquifer_eval\aquifer\fig06_weight_radar.svg,D:\xiangmu\miningplan\煤科投稿\最终图片\01_场景可视化导出\20260416_195724\02_含水层扰动评价\含水层扰动图\图06_权重雷达图.svg
01_场景可视化导出\20260416_195724\03_采区规划案例\含水层扰动图,图01_ODI分布图.pdf,pdf,72164,D:\xiangmu\miningplan\output\scene_visual_exports\20260416_195724\03_mining_planning\aquifer\fig01_odi_distribution.pdf,D:\xiangmu\miningplan\煤科投稿\最终图片\01_场景可视化导出\20260416_195724\03_采区规划案例\含水层扰动图\图01_ODI分布图.pdf
01_场景可视化导出\20260416_195724\03_采区规划案例\含水层扰动图,图01_ODI分布图.png,png,372219,D:\xiangmu\miningplan\output\scene_visual_exports\20260416_195724\03_mining_planning\aquifer\fig01_odi_distribution.png,D:\xiangmu\miningplan\煤科投稿\最终图片\01_场景可视化导出\20260416_195724\03_采区规划案例\含水层扰动图\图01_ODI分布图.png
01_场景可视化导出\20260416_195724\03_采区规划案例\含水层扰动图,图01_ODI分布图.svg,svg,273611,D:\xiangmu\miningplan\output\scene_visual_exports\20260416_195724\03_mining_planning\aquifer\fig01_odi_distribution.svg,D:\xiangmu\miningplan\煤科投稿\最终图片\01_场景可视化导出\20260416_195724\03_采区规划案例\含水层扰动图\图01_ODI分布图.svg
01_场景可视化导出\20260416_195724\03_采区规划案例\含水层扰动图,图02_地质参数云图.pdf,pdf,176361,D:\xiangmu\miningplan\output\scene_visual_exports\20260416_195724\03_mining_planning\aquifer\fig02_geology_clouds.pdf,D:\xiangmu\miningplan\煤科投稿\最终图片\01_场景可视化导出\20260416_195724\03_采区规划案例\含水层扰动图\图02_地质参数云图.pdf
01_场景可视化导出\20260416_195724\03_采区规划案例\含水层扰动图,图02_地质参数云图.png,png,613993,D:\xiangmu\miningplan\output\scene_visual_exports\20260416_195724\03_mining_planning\aquifer\fig02_geology_clouds.png,D:\xiangmu\miningplan\煤科投稿\最终图片\01_场景可视化导出\20260416_195724\03_采区规划案例\含水层扰动图\图02_地质参数云图.png
01_场景可视化导出\20260416_195724\03_采区规划案例\含水层扰动图,图02_地质参数云图.svg,svg,813277,D:\xiangmu\miningplan\output\scene_visual_exports\20260416_195724\03_mining_planning\aquifer\fig02_geology_clouds.svg,D:\xiangmu\miningplan\煤科投稿\最终图片\01_场景可视化导出\20260416_195724\03_采区规划案例\含水层扰动图\图02_地质参数云图.svg
01_场景可视化导出\20260416_195724\03_采区规划案例\含水层扰动图,图03_空间分布图.pdf,pdf,19305,D:\xiangmu\miningplan\output\scene_visual_exports\20260416_195724\03_mining_planning\aquifer\fig03_spatial_map.pdf,D:\xiangmu\miningplan\煤科投稿\最终图片\01_场景可视化导出\20260416_195724\03_采区规划案例\含水层扰动图\图03_空间分布图.pdf
01_场景可视化导出\20260416_195724\03_采区规划案例\含水层扰动图,图03_空间分布图.png,png,150493,D:\xiangmu\miningplan\output\scene_visual_exports\20260416_195724\03_mining_planning\aquifer\fig03_spatial_map.png,D:\xiangmu\miningplan\煤科投稿\最终图片\01_场景可视化导出\20260416_195724\03_采区规划案例\含水层扰动图\图03_空间分布图.png
01_场景可视化导出\20260416_195724\03_采区规划案例\含水层扰动图,图03_空间分布图.svg,svg,45698,D:\xiangmu\miningplan\output\scene_visual_exports\20260416_195724\03_mining_planning\aquifer\fig03_spatial_map.svg,D:\xiangmu\miningplan\煤科投稿\最终图片\01_场景可视化导出\20260416_195724\03_采区规划案例\含水层扰动图\图03_空间分布图.svg
01_场景可视化导出\20260416_195724\03_采区规划案例\含水层扰动图,图04_ODI频率分布图.pdf,pdf,19482,D:\xiangmu\miningplan\output\scene_visual_exports\20260416_195724\03_mining_planning\aquifer\fig04_odi_histogram.pdf,D:\xiangmu\miningplan\煤科投稿\最终图片\01_场景可视化导出\20260416_195724\03_采区规划案例\含水层扰动图\图04_ODI频率分布图.pdf
01_场景可视化导出\20260416_195724\03_采区规划案例\含水层扰动图,图04_ODI频率分布图.png,png,63230,D:\xiangmu\miningplan\output\scene_visual_exports\20260416_195724\03_mining_planning\aquifer\fig04_odi_histogram.png,D:\xiangmu\miningplan\煤科投稿\最终图片\01_场景可视化导出\20260416_195724\03_采区规划案例\含水层扰动图\图04_ODI频率分布图.png
01_场景可视化导出\20260416_195724\03_采区规划案例\含水层扰动图,图04_ODI频率分布图.svg,svg,40378,D:\xiangmu\miningplan\output\scene_visual_exports\20260416_195724\03_mining_planning\aquifer\fig04_odi_histogram.svg,D:\xiangmu\miningplan\煤科投稿\最终图片\01_场景可视化导出\20260416_195724\03_采区规划案例\含水层扰动图\图04_ODI频率分布图.svg
01_场景可视化导出\20260416_195724\03_采区规划案例\含水层扰动图,图05_ODI分级占比图.pdf,pdf,13891,D:\xiangmu\miningplan\output\scene_visual_exports\20260416_195724\03_mining_planning\aquifer\fig05_odi_levels.pdf,D:\xiangmu\miningplan\煤科投稿\最终图片\01_场景可视化导出\20260416_195724\03_采区规划案例\含水层扰动图\图05_ODI分级占比图.pdf
01_场景可视化导出\20260416_195724\03_采区规划案例\含水层扰动图,图05_ODI分级占比图.png,png,79987,D:\xiangmu\miningplan\output\scene_visual_exports\20260416_195724\03_mining_planning\aquifer\fig05_odi_levels.png,D:\xiangmu\miningplan\煤科投稿\最终图片\01_场景可视化导出\20260416_195724\03_采区规划案例\含水层扰动图\图05_ODI分级占比图.png
01_场景可视化导出\20260416_195724\03_采区规划案例\含水层扰动图,图05_ODI分级占比图.svg,svg,19883,D:\xiangmu\miningplan\output\scene_visual_exports\20260416_195724\03_mining_planning\aquifer\fig05_odi_levels.svg,D:\xiangmu\miningplan\煤科投稿\最终图片\01_场景可视化导出\20260416_195724\03_采区规划案例\含水层扰动图\图05_ODI分级占比图.svg
01_场景可视化导出\20260416_195724\03_采区规划案例\含水层扰动图,图06_权重雷达图.pdf,pdf,20166,D:\xiangmu\miningplan\output\scene_visual_exports\20260416_195724\03_mining_planning\aquifer\fig06_weight_radar.pdf,D:\xiangmu\miningplan\煤科投稿\最终图片\01_场景可视化导出\20260416_195724\03_采区规划案例\含水层扰动图\图06_权重雷达图.pdf
01_场景可视化导出\20260416_195724\03_采区规划案例\含水层扰动图,图06_权重雷达图.png,png,188962,D:\xiangmu\miningplan\output\scene_visual_exports\20260416_195724\03_mining_planning\aquifer\fig06_weight_radar.png,D:\xiangmu\miningplan\煤科投稿\最终图片\01_场景可视化导出\20260416_195724\03_采区规划案例\含水层扰动图\图06_权重雷达图.png
01_场景可视化导出\20260416_195724\03_采区规划案例\含水层扰动图,图06_权重雷达图.svg,svg,40707,D:\xiangmu\miningplan\output\scene_visual_exports\20260416_195724\03_mining_planning\aquifer\fig06_weight_radar.svg,D:\xiangmu\miningplan\煤科投稿\最终图片\01_场景可视化导出\20260416_195724\03_采区规划案例\含水层扰动图\图06_权重雷达图.svg
01_场景可视化导出\20260416_195724\03_采区规划案例\工程经济图,图01_现金流分析图.pdf,pdf,27342,D:\xiangmu\miningplan\output\scene_visual_exports\20260416_195724\03_mining_planning\economics\fig01_cashflow.pdf,D:\xiangmu\miningplan\煤科投稿\最终图片\01_场景可视化导出\20260416_195724\03_采区规划案例\工程经济图\图01_现金流分析图.pdf
01_场景可视化导出\20260416_195724\03_采区规划案例\工程经济图,图01_现金流分析图.png,png,119117,D:\xiangmu\miningplan\output\scene_visual_exports\20260416_195724\03_mining_planning\economics\fig01_cashflow.png,D:\xiangmu\miningplan\煤科投稿\最终图片\01_场景可视化导出\20260416_195724\03_采区规划案例\工程经济图\图01_现金流分析图.png
01_场景可视化导出\20260416_195724\03_采区规划案例\工程经济图,图01_现金流分析图.svg,svg,90329,D:\xiangmu\miningplan\output\scene_visual_exports\20260416_195724\03_mining_planning\economics\fig01_cashflow.svg,D:\xiangmu\miningplan\煤科投稿\最终图片\01_场景可视化导出\20260416_195724\03_采区规划案例\工程经济图\图01_现金流分析图.svg
01_场景可视化导出\20260416_195724\03_采区规划案例\工程经济图,图02_收入成本结构图.pdf,pdf,39978,D:\xiangmu\miningplan\output\scene_visual_exports\20260416_195724\03_mining_planning\economics\fig02_revenue_cost.pdf,D:\xiangmu\miningplan\煤科投稿\最终图片\01_场景可视化导出\20260416_195724\03_采区规划案例\工程经济图\图02_收入成本结构图.pdf
01_场景可视化导出\20260416_195724\03_采区规划案例\工程经济图,图02_收入成本结构图.png,png,169449,D:\xiangmu\miningplan\output\scene_visual_exports\20260416_195724\03_mining_planning\economics\fig02_revenue_cost.png,D:\xiangmu\miningplan\煤科投稿\最终图片\01_场景可视化导出\20260416_195724\03_采区规划案例\工程经济图\图02_收入成本结构图.png
01_场景可视化导出\20260416_195724\03_采区规划案例\工程经济图,图02_收入成本结构图.svg,svg,246971,D:\xiangmu\miningplan\output\scene_visual_exports\20260416_195724\03_mining_planning\economics\fig02_revenue_cost.svg,D:\xiangmu\miningplan\煤科投稿\最终图片\01_场景可视化导出\20260416_195724\03_采区规划案例\工程经济图\图02_收入成本结构图.svg
01_场景可视化导出\20260416_195724\03_采区规划案例\工程经济图,图03_成本构成图.pdf,pdf,22545,D:\xiangmu\miningplan\output\scene_visual_exports\20260416_195724\03_mining_planning\economics\fig03_cost_structure.pdf,D:\xiangmu\miningplan\煤科投稿\最终图片\01_场景可视化导出\20260416_195724\03_采区规划案例\工程经济图\图03_成本构成图.pdf
01_场景可视化导出\20260416_195724\03_采区规划案例\工程经济图,图03_成本构成图.png,png,69483,D:\xiangmu\miningplan\output\scene_visual_exports\20260416_195724\03_mining_planning\economics\fig03_cost_structure.png,D:\xiangmu\miningplan\煤科投稿\最终图片\01_场景可视化导出\20260416_195724\03_采区规划案例\工程经济图\图03_成本构成图.png
01_场景可视化导出\20260416_195724\03_采区规划案例\工程经济图,图03_成本构成图.svg,svg,34159,D:\xiangmu\miningplan\output\scene_visual_exports\20260416_195724\03_mining_planning\economics\fig03_cost_structure.svg,D:\xiangmu\miningplan\煤科投稿\最终图片\01_场景可视化导出\20260416_195724\03_采区规划案例\工程经济图\图03_成本构成图.svg
01_场景可视化导出\20260416_195724\03_采区规划案例\规划概览图,图01_工作面规划布局图.pdf,pdf,20155,D:\xiangmu\miningplan\output\scene_visual_exports\20260416_195724\03_mining_planning\overview\fig01_workface_plan_layout.pdf,D:\xiangmu\miningplan\煤科投稿\最终图片\01_场景可视化导出\20260416_195724\03_采区规划案例\规划概览图\图01_工作面规划布局图.pdf
01_场景可视化导出\20260416_195724\03_采区规划案例\规划概览图,图01_工作面规划布局图.png,png,104875,D:\xiangmu\miningplan\output\scene_visual_exports\20260416_195724\03_mining_planning\overview\fig01_workface_plan_layout.png,D:\xiangmu\miningplan\煤科投稿\最终图片\01_场景可视化导出\20260416_195724\03_采区规划案例\规划概览图\图01_工作面规划布局图.png
01_场景可视化导出\20260416_195724\03_采区规划案例\规划概览图,图01_工作面规划布局图.svg,svg,47916,D:\xiangmu\miningplan\output\scene_visual_exports\20260416_195724\03_mining_planning\overview\fig01_workface_plan_layout.svg,D:\xiangmu\miningplan\煤科投稿\最终图片\01_场景可视化导出\20260416_195724\03_采区规划案例\规划概览图\图01_工作面规划布局图.svg
01_场景可视化导出\20260416_195724\03_采区规划案例\规划概览图,图02_规划模式评分图.pdf,pdf,31402,D:\xiangmu\miningplan\output\scene_visual_exports\20260416_195724\03_mining_planning\overview\fig02_planning_mode_scores.pdf,D:\xiangmu\miningplan\煤科投稿\最终图片\01_场景可视化导出\20260416_195724\03_采区规划案例\规划概览图\图02_规划模式评分图.pdf
01_场景可视化导出\20260416_195724\03_采区规划案例\规划概览图,图02_规划模式评分图.png,png,119718,D:\xiangmu\miningplan\output\scene_visual_exports\20260416_195724\03_mining_planning\overview\fig02_planning_mode_scores.png,D:\xiangmu\miningplan\煤科投稿\最终图片\01_场景可视化导出\20260416_195724\03_采区规划案例\规划概览图\图02_规划模式评分图.png
01_场景可视化导出\20260416_195724\03_采区规划案例\规划概览图,图02_规划模式评分图.svg,svg,60839,D:\xiangmu\miningplan\output\scene_visual_exports\20260416_195724\03_mining_planning\overview\fig02_planning_mode_scores.svg,D:\xiangmu\miningplan\煤科投稿\最终图片\01_场景可视化导出\20260416_195724\03_采区规划案例\规划概览图\图02_规划模式评分图.svg
01_场景可视化导出\20260416_195724\03_采区规划案例\规划概览图,图03_加权优选候选方案图.pdf,pdf,25465,D:\xiangmu\miningplan\output\scene_visual_exports\20260416_195724\03_mining_planning\overview\fig03_weighted_top_candidates.pdf,D:\xiangmu\miningplan\煤科投稿\最终图片\01_场景可视化导出\20260416_195724\03_采区规划案例\规划概览图\图03_加权优选候选方案图.pdf
01_场景可视化导出\20260416_195724\03_采区规划案例\规划概览图,图03_加权优选候选方案图.png,png,179663,D:\xiangmu\miningplan\output\scene_visual_exports\20260416_195724\03_mining_planning\overview\fig03_weighted_top_candidates.png,D:\xiangmu\miningplan\煤科投稿\最终图片\01_场景可视化导出\20260416_195724\03_采区规划案例\规划概览图\图03_加权优选候选方案图.png
01_场景可视化导出\20260416_195724\03_采区规划案例\规划概览图,图03_加权优选候选方案图.svg,svg,77944,D:\xiangmu\miningplan\output\scene_visual_exports\20260416_195724\03_mining_planning\overview\fig03_weighted_top_candidates.svg,D:\xiangmu\miningplan\煤科投稿\最终图片\01_场景可视化导出\20260416_195724\03_采区规划案例\规划概览图\图03_加权优选候选方案图.svg
01_场景可视化导出\20260416_195724\03_采区规划案例\采掘接续图,图01_月产量曲线图.pdf,pdf,21664,D:\xiangmu\miningplan\output\scene_visual_exports\20260416_195724\03_mining_planning\succession\fig01_monthly_production.pdf,D:\xiangmu\miningplan\煤科投稿\最终图片\01_场景可视化导出\20260416_195724\03_采区规划案例\采掘接续图\图01_月产量曲线图.pdf
01_场景可视化导出\20260416_195724\03_采区规划案例\采掘接续图,图01_月产量曲线图.png,png,125074,D:\xiangmu\miningplan\output\scene_visual_exports\20260416_195724\03_mining_planning\succession\fig01_monthly_production.png,D:\xiangmu\miningplan\煤科投稿\最终图片\01_场景可视化导出\20260416_195724\03_采区规划案例\采掘接续图\图01_月产量曲线图.png
01_场景可视化导出\20260416_195724\03_采区规划案例\采掘接续图,图01_月产量曲线图.svg,svg,57166,D:\xiangmu\miningplan\output\scene_visual_exports\20260416_195724\03_mining_planning\succession\fig01_monthly_production.svg,D:\xiangmu\miningplan\煤科投稿\最终图片\01_场景可视化导出\20260416_195724\03_采区规划案例\采掘接续图\图01_月产量曲线图.svg
01_场景可视化导出\20260416_195724\03_采区规划案例\采掘接续图,图02_采掘接续甘特图.pdf,pdf,25286,D:\xiangmu\miningplan\output\scene_visual_exports\20260416_195724\03_mining_planning\succession\fig02_schedule_gantt.pdf,D:\xiangmu\miningplan\煤科投稿\最终图片\01_场景可视化导出\20260416_195724\03_采区规划案例\采掘接续图\图02_采掘接续甘特图.pdf
01_场景可视化导出\20260416_195724\03_采区规划案例\采掘接续图,图02_采掘接续甘特图.png,png,147275,D:\xiangmu\miningplan\output\scene_visual_exports\20260416_195724\03_mining_planning\succession\fig02_schedule_gantt.png,D:\xiangmu\miningplan\煤科投稿\最终图片\01_场景可视化导出\20260416_195724\03_采区规划案例\采掘接续图\图02_采掘接续甘特图.png
01_场景可视化导出\20260416_195724\03_采区规划案例\采掘接续图,图02_采掘接续甘特图.svg,svg,81865,D:\xiangmu\miningplan\output\scene_visual_exports\20260416_195724\03_mining_planning\succession\fig02_schedule_gantt.svg,D:\xiangmu\miningplan\煤科投稿\最终图片\01_场景可视化导出\20260416_195724\03_采区规划案例\采掘接续图\图02_采掘接续甘特图.svg
01_场景可视化导出\20260416_195724\03_采区规划案例\采掘接续图,图03_接续候选方案评分图.pdf,pdf,32602,D:\xiangmu\miningplan\output\scene_visual_exports\20260416_195724\03_mining_planning\succession\fig03_stage3_candidate_scores.pdf,D:\xiangmu\miningplan\煤科投稿\最终图片\01_场景可视化导出\20260416_195724\03_采区规划案例\采掘接续图\图03_接续候选方案评分图.pdf
01_场景可视化导出\20260416_195724\03_采区规划案例\采掘接续图,图03_接续候选方案评分图.png,png,139574,D:\xiangmu\miningplan\output\scene_visual_exports\20260416_195724\03_mining_planning\succession\fig03_stage3_candidate_scores.png,D:\xiangmu\miningplan\煤科投稿\最终图片\01_场景可视化导出\20260416_195724\03_采区规划案例\采掘接续图\图03_接续候选方案评分图.png
01_场景可视化导出\20260416_195724\03_采区规划案例\采掘接续图,图03_接续候选方案评分图.svg,svg,69422,D:\xiangmu\miningplan\output\scene_visual_exports\20260416_195724\03_mining_planning\succession\fig03_stage3_candidate_scores.svg,D:\xiangmu\miningplan\煤科投稿\最终图片\01_场景可视化导出\20260416_195724\03_采区规划案例\采掘接续图\图03_接续候选方案评分图.svg
01_场景可视化导出\20260416_195724\04_协同调控_突水点\含水层扰动图,图01_ODI分布图.pdf,pdf,177473,D:\xiangmu\miningplan\output\scene_visual_exports\20260416_195724\04_cocontrol_water_inrush\aquifer\fig01_odi_distribution.pdf,D:\xiangmu\miningplan\煤科投稿\最终图片\01_场景可视化导出\20260416_195724\04_协同调控_突水点\含水层扰动图\图01_ODI分布图.pdf
01_场景可视化导出\20260416_195724\04_协同调控_突水点\含水层扰动图,图01_ODI分布图.png,png,422308,D:\xiangmu\miningplan\output\scene_visual_exports\20260416_195724\04_cocontrol_water_inrush\aquifer\fig01_odi_distribution.png,D:\xiangmu\miningplan\煤科投稿\最终图片\01_场景可视化导出\20260416_195724\04_协同调控_突水点\含水层扰动图\图01_ODI分布图.png
01_场景可视化导出\20260416_195724\04_协同调控_突水点\含水层扰动图,图01_ODI分布图.svg,svg,521799,D:\xiangmu\miningplan\output\scene_visual_exports\20260416_195724\04_cocontrol_water_inrush\aquifer\fig01_odi_distribution.svg,D:\xiangmu\miningplan\煤科投稿\最终图片\01_场景可视化导出\20260416_195724\04_协同调控_突水点\含水层扰动图\图01_ODI分布图.svg
01_场景可视化导出\20260416_195724\04_协同调控_突水点\含水层扰动图,图02_地质参数云图.pdf,pdf,182765,D:\xiangmu\miningplan\output\scene_visual_exports\20260416_195724\04_cocontrol_water_inrush\aquifer\fig02_geology_clouds.pdf,D:\xiangmu\miningplan\煤科投稿\最终图片\01_场景可视化导出\20260416_195724\04_协同调控_突水点\含水层扰动图\图02_地质参数云图.pdf
01_场景可视化导出\20260416_195724\04_协同调控_突水点\含水层扰动图,图02_地质参数云图.png,png,635275,D:\xiangmu\miningplan\output\scene_visual_exports\20260416_195724\04_cocontrol_water_inrush\aquifer\fig02_geology_clouds.png,D:\xiangmu\miningplan\煤科投稿\最终图片\01_场景可视化导出\20260416_195724\04_协同调控_突水点\含水层扰动图\图02_地质参数云图.png
01_场景可视化导出\20260416_195724\04_协同调控_突水点\含水层扰动图,图02_地质参数云图.svg,svg,844289,D:\xiangmu\miningplan\output\scene_visual_exports\20260416_195724\04_cocontrol_water_inrush\aquifer\fig02_geology_clouds.svg,D:\xiangmu\miningplan\煤科投稿\最终图片\01_场景可视化导出\20260416_195724\04_协同调控_突水点\含水层扰动图\图02_地质参数云图.svg
01_场景可视化导出\20260416_195724\04_协同调控_突水点\含水层扰动图,图03_空间分布图.pdf,pdf,24142,D:\xiangmu\miningplan\output\scene_visual_exports\20260416_195724\04_cocontrol_water_inrush\aquifer\fig03_spatial_map.pdf,D:\xiangmu\miningplan\煤科投稿\最终图片\01_场景可视化导出\20260416_195724\04_协同调控_突水点\含水层扰动图\图03_空间分布图.pdf
01_场景可视化导出\20260416_195724\04_协同调控_突水点\含水层扰动图,图03_空间分布图.png,png,202392,D:\xiangmu\miningplan\output\scene_visual_exports\20260416_195724\04_cocontrol_water_inrush\aquifer\fig03_spatial_map.png,D:\xiangmu\miningplan\煤科投稿\最终图片\01_场景可视化导出\20260416_195724\04_协同调控_突水点\含水层扰动图\图03_空间分布图.png
01_场景可视化导出\20260416_195724\04_协同调控_突水点\含水层扰动图,图03_空间分布图.svg,svg,135296,D:\xiangmu\miningplan\output\scene_visual_exports\20260416_195724\04_cocontrol_water_inrush\aquifer\fig03_spatial_map.svg,D:\xiangmu\miningplan\煤科投稿\最终图片\01_场景可视化导出\20260416_195724\04_协同调控_突水点\含水层扰动图\图03_空间分布图.svg
01_场景可视化导出\20260416_195724\04_协同调控_突水点\含水层扰动图,图04_ODI频率分布图.pdf,pdf,19043,D:\xiangmu\miningplan\output\scene_visual_exports\20260416_195724\04_cocontrol_water_inrush\aquifer\fig04_odi_histogram.pdf,D:\xiangmu\miningplan\煤科投稿\最终图片\01_场景可视化导出\20260416_195724\04_协同调控_突水点\含水层扰动图\图04_ODI频率分布图.pdf
01_场景可视化导出\20260416_195724\04_协同调控_突水点\含水层扰动图,图04_ODI频率分布图.png,png,50991,D:\xiangmu\miningplan\output\scene_visual_exports\20260416_195724\04_cocontrol_water_inrush\aquifer\fig04_odi_histogram.png,D:\xiangmu\miningplan\煤科投稿\最终图片\01_场景可视化导出\20260416_195724\04_协同调控_突水点\含水层扰动图\图04_ODI频率分布图.png
01_场景可视化导出\20260416_195724\04_协同调控_突水点\含水层扰动图,图04_ODI频率分布图.svg,svg,36405,D:\xiangmu\miningplan\output\scene_visual_exports\20260416_195724\04_cocontrol_water_inrush\aquifer\fig04_odi_histogram.svg,D:\xiangmu\miningplan\煤科投稿\最终图片\01_场景可视化导出\20260416_195724\04_协同调控_突水点\含水层扰动图\图04_ODI频率分布图.svg
01_场景可视化导出\20260416_195724\04_协同调控_突水点\含水层扰动图,图05_ODI分级占比图.pdf,pdf,13816,D:\xiangmu\miningplan\output\scene_visual_exports\20260416_195724\04_cocontrol_water_inrush\aquifer\fig05_odi_levels.pdf,D:\xiangmu\miningplan\煤科投稿\最终图片\01_场景可视化导出\20260416_195724\04_协同调控_突水点\含水层扰动图\图05_ODI分级占比图.pdf
01_场景可视化导出\20260416_195724\04_协同调控_突水点\含水层扰动图,图05_ODI分级占比图.png,png,70078,D:\xiangmu\miningplan\output\scene_visual_exports\20260416_195724\04_cocontrol_water_inrush\aquifer\fig05_odi_levels.png,D:\xiangmu\miningplan\煤科投稿\最终图片\01_场景可视化导出\20260416_195724\04_协同调控_突水点\含水层扰动图\图05_ODI分级占比图.png
01_场景可视化导出\20260416_195724\04_协同调控_突水点\含水层扰动图,图05_ODI分级占比图.svg,svg,19555,D:\xiangmu\miningplan\output\scene_visual_exports\20260416_195724\04_cocontrol_water_inrush\aquifer\fig05_odi_levels.svg,D:\xiangmu\miningplan\煤科投稿\最终图片\01_场景可视化导出\20260416_195724\04_协同调控_突水点\含水层扰动图\图05_ODI分级占比图.svg
01_场景可视化导出\20260416_195724\05_采掘接续\含水层扰动图,图01_ODI分布图.pdf,pdf,431951,D:\xiangmu\miningplan\output\scene_visual_exports\20260416_195724\05_mining_succession\aquifer\fig01_odi_distribution.pdf,D:\xiangmu\miningplan\煤科投稿\最终图片\01_场景可视化导出\20260416_195724\05_采掘接续\含水层扰动图\图01_ODI分布图.pdf
01_场景可视化导出\20260416_195724\05_采掘接续\含水层扰动图,图01_ODI分布图.png,png,476597,D:\xiangmu\miningplan\output\scene_visual_exports\20260416_195724\05_mining_succession\aquifer\fig01_odi_distribution.png,D:\xiangmu\miningplan\煤科投稿\最终图片\01_场景可视化导出\20260416_195724\05_采掘接续\含水层扰动图\图01_ODI分布图.png
01_场景可视化导出\20260416_195724\05_采掘接续\含水层扰动图,图01_ODI分布图.svg,svg,1029885,D:\xiangmu\miningplan\output\scene_visual_exports\20260416_195724\05_mining_succession\aquifer\fig01_odi_distribution.svg,D:\xiangmu\miningplan\煤科投稿\最终图片\01_场景可视化导出\20260416_195724\05_采掘接续\含水层扰动图\图01_ODI分布图.svg
01_场景可视化导出\20260416_195724\05_采掘接续\含水层扰动图,图02_地质参数云图.pdf,pdf,168869,D:\xiangmu\miningplan\output\scene_visual_exports\20260416_195724\05_mining_succession\aquifer\fig02_geology_clouds.pdf,D:\xiangmu\miningplan\煤科投稿\最终图片\01_场景可视化导出\20260416_195724\05_采掘接续\含水层扰动图\图02_地质参数云图.pdf
01_场景可视化导出\20260416_195724\05_采掘接续\含水层扰动图,图02_地质参数云图.png,png,564818,D:\xiangmu\miningplan\output\scene_visual_exports\20260416_195724\05_mining_succession\aquifer\fig02_geology_clouds.png,D:\xiangmu\miningplan\煤科投稿\最终图片\01_场景可视化导出\20260416_195724\05_采掘接续\含水层扰动图\图02_地质参数云图.png
01_场景可视化导出\20260416_195724\05_采掘接续\含水层扰动图,图02_地质参数云图.svg,svg,770218,D:\xiangmu\miningplan\output\scene_visual_exports\20260416_195724\05_mining_succession\aquifer\fig02_geology_clouds.svg,D:\xiangmu\miningplan\煤科投稿\最终图片\01_场景可视化导出\20260416_195724\05_采掘接续\含水层扰动图\图02_地质参数云图.svg
01_场景可视化导出\20260416_195724\05_采掘接续\含水层扰动图,图03_空间分布图.pdf,pdf,25094,D:\xiangmu\miningplan\output\scene_visual_exports\20260416_195724\05_mining_succession\aquifer\fig03_spatial_map.pdf,D:\xiangmu\miningplan\煤科投稿\最终图片\01_场景可视化导出\20260416_195724\05_采掘接续\含水层扰动图\图03_空间分布图.pdf
01_场景可视化导出\20260416_195724\05_采掘接续\含水层扰动图,图03_空间分布图.png,png,299404,D:\xiangmu\miningplan\output\scene_visual_exports\20260416_195724\05_mining_succession\aquifer\fig03_spatial_map.png,D:\xiangmu\miningplan\煤科投稿\最终图片\01_场景可视化导出\20260416_195724\05_采掘接续\含水层扰动图\图03_空间分布图.png
01_场景可视化导出\20260416_195724\05_采掘接续\含水层扰动图,图03_空间分布图.svg,svg,344204,D:\xiangmu\miningplan\output\scene_visual_exports\20260416_195724\05_mining_succession\aquifer\fig03_spatial_map.svg,D:\xiangmu\miningplan\煤科投稿\最终图片\01_场景可视化导出\20260416_195724\05_采掘接续\含水层扰动图\图03_空间分布图.svg
01_场景可视化导出\20260416_195724\05_采掘接续\含水层扰动图,图04_ODI频率分布图.pdf,pdf,19484,D:\xiangmu\miningplan\output\scene_visual_exports\20260416_195724\05_mining_succession\aquifer\fig04_odi_histogram.pdf,D:\xiangmu\miningplan\煤科投稿\最终图片\01_场景可视化导出\20260416_195724\05_采掘接续\含水层扰动图\图04_ODI频率分布图.pdf
01_场景可视化导出\20260416_195724\05_采掘接续\含水层扰动图,图04_ODI频率分布图.png,png,59307,D:\xiangmu\miningplan\output\scene_visual_exports\20260416_195724\05_mining_succession\aquifer\fig04_odi_histogram.png,D:\xiangmu\miningplan\煤科投稿\最终图片\01_场景可视化导出\20260416_195724\05_采掘接续\含水层扰动图\图04_ODI频率分布图.png
01_场景可视化导出\20260416_195724\05_采掘接续\含水层扰动图,图04_ODI频率分布图.svg,svg,38636,D:\xiangmu\miningplan\output\scene_visual_exports\20260416_195724\05_mining_succession\aquifer\fig04_odi_histogram.svg,D:\xiangmu\miningplan\煤科投稿\最终图片\01_场景可视化导出\20260416_195724\05_采掘接续\含水层扰动图\图04_ODI频率分布图.svg
01_场景可视化导出\20260416_195724\05_采掘接续\含水层扰动图,图05_ODI分级占比图.pdf,pdf,14967,D:\xiangmu\miningplan\output\scene_visual_exports\20260416_195724\05_mining_succession\aquifer\fig05_odi_levels.pdf,D:\xiangmu\miningplan\煤科投稿\最终图片\01_场景可视化导出\20260416_195724\05_采掘接续\含水层扰动图\图05_ODI分级占比图.pdf
01_场景可视化导出\20260416_195724\05_采掘接续\含水层扰动图,图05_ODI分级占比图.png,png,77449,D:\xiangmu\miningplan\output\scene_visual_exports\20260416_195724\05_mining_succession\aquifer\fig05_odi_levels.png,D:\xiangmu\miningplan\煤科投稿\最终图片\01_场景可视化导出\20260416_195724\05_采掘接续\含水层扰动图\图05_ODI分级占比图.png
01_场景可视化导出\20260416_195724\05_采掘接续\含水层扰动图,图05_ODI分级占比图.svg,svg,21460,D:\xiangmu\miningplan\output\scene_visual_exports\20260416_195724\05_mining_succession\aquifer\fig05_odi_levels.svg,D:\xiangmu\miningplan\煤科投稿\最终图片\01_场景可视化导出\20260416_195724\05_采掘接续\含水层扰动图\图05_ODI分级占比图.svg
01_场景可视化导出\20260416_195724\05_采掘接续\含水层扰动图,图06_权重雷达图.pdf,pdf,20166,D:\xiangmu\miningplan\output\scene_visual_exports\20260416_195724\05_mining_succession\aquifer\fig06_weight_radar.pdf,D:\xiangmu\miningplan\煤科投稿\最终图片\01_场景可视化导出\20260416_195724\05_采掘接续\含水层扰动图\图06_权重雷达图.pdf
01_场景可视化导出\20260416_195724\05_采掘接续\含水层扰动图,图06_权重雷达图.png,png,188962,D:\xiangmu\miningplan\output\scene_visual_exports\20260416_195724\05_mining_succession\aquifer\fig06_weight_radar.png,D:\xiangmu\miningplan\煤科投稿\最终图片\01_场景可视化导出\20260416_195724\05_采掘接续\含水层扰动图\图06_权重雷达图.png
01_场景可视化导出\20260416_195724\05_采掘接续\含水层扰动图,图06_权重雷达图.svg,svg,40707,D:\xiangmu\miningplan\output\scene_visual_exports\20260416_195724\05_mining_succession\aquifer\fig06_weight_radar.svg,D:\xiangmu\miningplan\煤科投稿\最终图片\01_场景可视化导出\20260416_195724\05_采掘接续\含水层扰动图\图06_权重雷达图.svg
01_场景可视化导出\20260416_195724\05_采掘接续\工程经济图,图01_现金流分析图.pdf,pdf,25835,D:\xiangmu\miningplan\output\scene_visual_exports\20260416_195724\05_mining_succession\economics\fig01_cashflow.pdf,D:\xiangmu\miningplan\煤科投稿\最终图片\01_场景可视化导出\20260416_195724\05_采掘接续\工程经济图\图01_现金流分析图.pdf
01_场景可视化导出\20260416_195724\05_采掘接续\工程经济图,图01_现金流分析图.png,png,125269,D:\xiangmu\miningplan\output\scene_visual_exports\20260416_195724\05_mining_succession\economics\fig01_cashflow.png,D:\xiangmu\miningplan\煤科投稿\最终图片\01_场景可视化导出\20260416_195724\05_采掘接续\工程经济图\图01_现金流分析图.png
01_场景可视化导出\20260416_195724\05_采掘接续\工程经济图,图01_现金流分析图.svg,svg,90170,D:\xiangmu\miningplan\output\scene_visual_exports\20260416_195724\05_mining_succession\economics\fig01_cashflow.svg,D:\xiangmu\miningplan\煤科投稿\最终图片\01_场景可视化导出\20260416_195724\05_采掘接续\工程经济图\图01_现金流分析图.svg
01_场景可视化导出\20260416_195724\05_采掘接续\工程经济图,图02_收入成本结构图.pdf,pdf,39293,D:\xiangmu\miningplan\output\scene_visual_exports\20260416_195724\05_mining_succession\economics\fig02_revenue_cost.pdf,D:\xiangmu\miningplan\煤科投稿\最终图片\01_场景可视化导出\20260416_195724\05_采掘接续\工程经济图\图02_收入成本结构图.pdf
01_场景可视化导出\20260416_195724\05_采掘接续\工程经济图,图02_收入成本结构图.png,png,160067,D:\xiangmu\miningplan\output\scene_visual_exports\20260416_195724\05_mining_succession\economics\fig02_revenue_cost.png,D:\xiangmu\miningplan\煤科投稿\最终图片\01_场景可视化导出\20260416_195724\05_采掘接续\工程经济图\图02_收入成本结构图.png
01_场景可视化导出\20260416_195724\05_采掘接续\工程经济图,图02_收入成本结构图.svg,svg,246876,D:\xiangmu\miningplan\output\scene_visual_exports\20260416_195724\05_mining_succession\economics\fig02_revenue_cost.svg,D:\xiangmu\miningplan\煤科投稿\最终图片\01_场景可视化导出\20260416_195724\05_采掘接续\工程经济图\图02_收入成本结构图.svg
01_场景可视化导出\20260416_195724\05_采掘接续\工程经济图,图03_成本构成图.pdf,pdf,22445,D:\xiangmu\miningplan\output\scene_visual_exports\20260416_195724\05_mining_succession\economics\fig03_cost_structure.pdf,D:\xiangmu\miningplan\煤科投稿\最终图片\01_场景可视化导出\20260416_195724\05_采掘接续\工程经济图\图03_成本构成图.pdf
01_场景可视化导出\20260416_195724\05_采掘接续\工程经济图,图03_成本构成图.png,png,75816,D:\xiangmu\miningplan\output\scene_visual_exports\20260416_195724\05_mining_succession\economics\fig03_cost_structure.png,D:\xiangmu\miningplan\煤科投稿\最终图片\01_场景可视化导出\20260416_195724\05_采掘接续\工程经济图\图03_成本构成图.png
01_场景可视化导出\20260416_195724\05_采掘接续\工程经济图,图03_成本构成图.svg,svg,34002,D:\xiangmu\miningplan\output\scene_visual_exports\20260416_195724\05_mining_succession\economics\fig03_cost_structure.svg,D:\xiangmu\miningplan\煤科投稿\最终图片\01_场景可视化导出\20260416_195724\05_采掘接续\工程经济图\图03_成本构成图.svg
01_场景可视化导出\20260416_195724\05_采掘接续\规划概览图,图01_工作面规划布局图.pdf,pdf,20890,D:\xiangmu\miningplan\output\scene_visual_exports\20260416_195724\05_mining_succession\overview\fig01_workface_plan_layout.pdf,D:\xiangmu\miningplan\煤科投稿\最终图片\01_场景可视化导出\20260416_195724\05_采掘接续\规划概览图\图01_工作面规划布局图.pdf
01_场景可视化导出\20260416_195724\05_采掘接续\规划概览图,图01_工作面规划布局图.png,png,106788,D:\xiangmu\miningplan\output\scene_visual_exports\20260416_195724\05_mining_succession\overview\fig01_workface_plan_layout.png,D:\xiangmu\miningplan\煤科投稿\最终图片\01_场景可视化导出\20260416_195724\05_采掘接续\规划概览图\图01_工作面规划布局图.png
01_场景可视化导出\20260416_195724\05_采掘接续\规划概览图,图01_工作面规划布局图.svg,svg,49454,D:\xiangmu\miningplan\output\scene_visual_exports\20260416_195724\05_mining_succession\overview\fig01_workface_plan_layout.svg,D:\xiangmu\miningplan\煤科投稿\最终图片\01_场景可视化导出\20260416_195724\05_采掘接续\规划概览图\图01_工作面规划布局图.svg
01_场景可视化导出\20260416_195724\05_采掘接续\规划概览图,图02_规划模式评分图.pdf,pdf,30558,D:\xiangmu\miningplan\output\scene_visual_exports\20260416_195724\05_mining_succession\overview\fig02_planning_mode_scores.pdf,D:\xiangmu\miningplan\煤科投稿\最终图片\01_场景可视化导出\20260416_195724\05_采掘接续\规划概览图\图02_规划模式评分图.pdf
01_场景可视化导出\20260416_195724\05_采掘接续\规划概览图,图02_规划模式评分图.png,png,118069,D:\xiangmu\miningplan\output\scene_visual_exports\20260416_195724\05_mining_succession\overview\fig02_planning_mode_scores.png,D:\xiangmu\miningplan\煤科投稿\最终图片\01_场景可视化导出\20260416_195724\05_采掘接续\规划概览图\图02_规划模式评分图.png
01_场景可视化导出\20260416_195724\05_采掘接续\规划概览图,图02_规划模式评分图.svg,svg,59814,D:\xiangmu\miningplan\output\scene_visual_exports\20260416_195724\05_mining_succession\overview\fig02_planning_mode_scores.svg,D:\xiangmu\miningplan\煤科投稿\最终图片\01_场景可视化导出\20260416_195724\05_采掘接续\规划概览图\图02_规划模式评分图.svg
01_场景可视化导出\20260416_195724\05_采掘接续\规划概览图,图03_加权优选候选方案图.pdf,pdf,24621,D:\xiangmu\miningplan\output\scene_visual_exports\20260416_195724\05_mining_succession\overview\fig03_weighted_top_candidates.pdf,D:\xiangmu\miningplan\煤科投稿\最终图片\01_场景可视化导出\20260416_195724\05_采掘接续\规划概览图\图03_加权优选候选方案图.pdf
01_场景可视化导出\20260416_195724\05_采掘接续\规划概览图,图03_加权优选候选方案图.png,png,176808,D:\xiangmu\miningplan\output\scene_visual_exports\20260416_195724\05_mining_succession\overview\fig03_weighted_top_candidates.png,D:\xiangmu\miningplan\煤科投稿\最终图片\01_场景可视化导出\20260416_195724\05_采掘接续\规划概览图\图03_加权优选候选方案图.png
01_场景可视化导出\20260416_195724\05_采掘接续\规划概览图,图03_加权优选候选方案图.svg,svg,76931,D:\xiangmu\miningplan\output\scene_visual_exports\20260416_195724\05_mining_succession\overview\fig03_weighted_top_candidates.svg,D:\xiangmu\miningplan\煤科投稿\最终图片\01_场景可视化导出\20260416_195724\05_采掘接续\规划概览图\图03_加权优选候选方案图.svg
01_场景可视化导出\20260416_195724\05_采掘接续\采掘接续图,图01_月产量曲线图.pdf,pdf,21102,D:\xiangmu\miningplan\output\scene_visual_exports\20260416_195724\05_mining_succession\succession\fig01_monthly_production.pdf,D:\xiangmu\miningplan\煤科投稿\最终图片\01_场景可视化导出\20260416_195724\05_采掘接续\采掘接续图\图01_月产量曲线图.pdf
01_场景可视化导出\20260416_195724\05_采掘接续\采掘接续图,图01_月产量曲线图.png,png,98785,D:\xiangmu\miningplan\output\scene_visual_exports\20260416_195724\05_mining_succession\succession\fig01_monthly_production.png,D:\xiangmu\miningplan\煤科投稿\最终图片\01_场景可视化导出\20260416_195724\05_采掘接续\采掘接续图\图01_月产量曲线图.png
01_场景可视化导出\20260416_195724\05_采掘接续\采掘接续图,图01_月产量曲线图.svg,svg,55257,D:\xiangmu\miningplan\output\scene_visual_exports\20260416_195724\05_mining_succession\succession\fig01_monthly_production.svg,D:\xiangmu\miningplan\煤科投稿\最终图片\01_场景可视化导出\20260416_195724\05_采掘接续\采掘接续图\图01_月产量曲线图.svg
01_场景可视化导出\20260416_195724\05_采掘接续\采掘接续图,图02_采掘接续甘特图.pdf,pdf,24447,D:\xiangmu\miningplan\output\scene_visual_exports\20260416_195724\05_mining_succession\succession\fig02_schedule_gantt.pdf,D:\xiangmu\miningplan\煤科投稿\最终图片\01_场景可视化导出\20260416_195724\05_采掘接续\采掘接续图\图02_采掘接续甘特图.pdf
01_场景可视化导出\20260416_195724\05_采掘接续\采掘接续图,图02_采掘接续甘特图.png,png,145288,D:\xiangmu\miningplan\output\scene_visual_exports\20260416_195724\05_mining_succession\succession\fig02_schedule_gantt.png,D:\xiangmu\miningplan\煤科投稿\最终图片\01_场景可视化导出\20260416_195724\05_采掘接续\采掘接续图\图02_采掘接续甘特图.png
01_场景可视化导出\20260416_195724\05_采掘接续\采掘接续图,图02_采掘接续甘特图.svg,svg,80850,D:\xiangmu\miningplan\output\scene_visual_exports\20260416_195724\05_mining_succession\succession\fig02_schedule_gantt.svg,D:\xiangmu\miningplan\煤科投稿\最终图片\01_场景可视化导出\20260416_195724\05_采掘接续\采掘接续图\图02_采掘接续甘特图.svg
01_场景可视化导出\20260416_195724\05_采掘接续\采掘接续图,图03_接续候选方案评分图.pdf,pdf,32158,D:\xiangmu\miningplan\output\scene_visual_exports\20260416_195724\05_mining_succession\succession\fig03_stage3_candidate_scores.pdf,D:\xiangmu\miningplan\煤科投稿\最终图片\01_场景可视化导出\20260416_195724\05_采掘接续\采掘接续图\图03_接续候选方案评分图.pdf
01_场景可视化导出\20260416_195724\05_采掘接续\采掘接续图,图03_接续候选方案评分图.png,png,126573,D:\xiangmu\miningplan\output\scene_visual_exports\20260416_195724\05_mining_succession\succession\fig03_stage3_candidate_scores.png,D:\xiangmu\miningplan\煤科投稿\最终图片\01_场景可视化导出\20260416_195724\05_采掘接续\采掘接续图\图03_接续候选方案评分图.png
01_场景可视化导出\20260416_195724\05_采掘接续\采掘接续图,图03_接续候选方案评分图.svg,svg,66367,D:\xiangmu\miningplan\output\scene_visual_exports\20260416_195724\05_mining_succession\succession\fig03_stage3_candidate_scores.svg,D:\xiangmu\miningplan\煤科投稿\最终图片\01_场景可视化导出\20260416_195724\05_采掘接续\采掘接续图\图03_接续候选方案评分图.svg
01_场景可视化导出\20260416_195724\06_全覆岩扰动\全覆岩综合图,图01_ODI分布图.pdf,pdf,61106,D:\xiangmu\miningplan\output\scene_visual_exports\20260416_195724\06_full_overburden\full\fig01_odi_distribution.pdf,D:\xiangmu\miningplan\煤科投稿\最终图片\01_场景可视化导出\20260416_195724\06_全覆岩扰动\全覆岩综合图\图01_ODI分布图.pdf
01_场景可视化导出\20260416_195724\06_全覆岩扰动\全覆岩综合图,图01_ODI分布图.png,png,191985,D:\xiangmu\miningplan\output\scene_visual_exports\20260416_195724\06_full_overburden\full\fig01_odi_distribution.png,D:\xiangmu\miningplan\煤科投稿\最终图片\01_场景可视化导出\20260416_195724\06_全覆岩扰动\全覆岩综合图\图01_ODI分布图.png
01_场景可视化导出\20260416_195724\06_全覆岩扰动\全覆岩综合图,图01_ODI分布图.svg,svg,223493,D:\xiangmu\miningplan\output\scene_visual_exports\20260416_195724\06_full_overburden\full\fig01_odi_distribution.svg,D:\xiangmu\miningplan\煤科投稿\最终图片\01_场景可视化导出\20260416_195724\06_全覆岩扰动\全覆岩综合图\图01_ODI分布图.svg
01_场景可视化导出\20260416_195724\06_全覆岩扰动\全覆岩综合图,图02_地质参数云图.pdf,pdf,161337,D:\xiangmu\miningplan\output\scene_visual_exports\20260416_195724\06_full_overburden\full\fig02_geology_clouds.pdf,D:\xiangmu\miningplan\煤科投稿\最终图片\01_场景可视化导出\20260416_195724\06_全覆岩扰动\全覆岩综合图\图02_地质参数云图.pdf
01_场景可视化导出\20260416_195724\06_全覆岩扰动\全覆岩综合图,图02_地质参数云图.png,png,409980,D:\xiangmu\miningplan\output\scene_visual_exports\20260416_195724\06_full_overburden\full\fig02_geology_clouds.png,D:\xiangmu\miningplan\煤科投稿\最终图片\01_场景可视化导出\20260416_195724\06_全覆岩扰动\全覆岩综合图\图02_地质参数云图.png
01_场景可视化导出\20260416_195724\06_全覆岩扰动\全覆岩综合图,图02_地质参数云图.svg,svg,736869,D:\xiangmu\miningplan\output\scene_visual_exports\20260416_195724\06_full_overburden\full\fig02_geology_clouds.svg,D:\xiangmu\miningplan\煤科投稿\最终图片\01_场景可视化导出\20260416_195724\06_全覆岩扰动\全覆岩综合图\图02_地质参数云图.svg
01_场景可视化导出\20260416_195724\06_全覆岩扰动\全覆岩综合图,图03_空间分布图.pdf,pdf,18124,D:\xiangmu\miningplan\output\scene_visual_exports\20260416_195724\06_full_overburden\full\fig03_spatial_map.pdf,D:\xiangmu\miningplan\煤科投稿\最终图片\01_场景可视化导出\20260416_195724\06_全覆岩扰动\全覆岩综合图\图03_空间分布图.pdf
01_场景可视化导出\20260416_195724\06_全覆岩扰动\全覆岩综合图,图03_空间分布图.png,png,68859,D:\xiangmu\miningplan\output\scene_visual_exports\20260416_195724\06_full_overburden\full\fig03_spatial_map.png,D:\xiangmu\miningplan\煤科投稿\最终图片\01_场景可视化导出\20260416_195724\06_全覆岩扰动\全覆岩综合图\图03_空间分布图.png
01_场景可视化导出\20260416_195724\06_全覆岩扰动\全覆岩综合图,图03_空间分布图.svg,svg,37880,D:\xiangmu\miningplan\output\scene_visual_exports\20260416_195724\06_full_overburden\full\fig03_spatial_map.svg,D:\xiangmu\miningplan\煤科投稿\最终图片\01_场景可视化导出\20260416_195724\06_全覆岩扰动\全覆岩综合图\图03_空间分布图.svg
01_场景可视化导出\20260416_195724\06_全覆岩扰动\全覆岩综合图,图04_ODI频率分布图.pdf,pdf,18017,D:\xiangmu\miningplan\output\scene_visual_exports\20260416_195724\06_full_overburden\full\fig04_odi_histogram.pdf,D:\xiangmu\miningplan\煤科投稿\最终图片\01_场景可视化导出\20260416_195724\06_全覆岩扰动\全覆岩综合图\图04_ODI频率分布图.pdf
01_场景可视化导出\20260416_195724\06_全覆岩扰动\全覆岩综合图,图04_ODI频率分布图.png,png,53999,D:\xiangmu\miningplan\output\scene_visual_exports\20260416_195724\06_full_overburden\full\fig04_odi_histogram.png,D:\xiangmu\miningplan\煤科投稿\最终图片\01_场景可视化导出\20260416_195724\06_全覆岩扰动\全覆岩综合图\图04_ODI频率分布图.png
01_场景可视化导出\20260416_195724\06_全覆岩扰动\全覆岩综合图,图04_ODI频率分布图.svg,svg,36517,D:\xiangmu\miningplan\output\scene_visual_exports\20260416_195724\06_full_overburden\full\fig04_odi_histogram.svg,D:\xiangmu\miningplan\煤科投稿\最终图片\01_场景可视化导出\20260416_195724\06_全覆岩扰动\全覆岩综合图\图04_ODI频率分布图.svg
01_场景可视化导出\20260416_195724\06_全覆岩扰动\全覆岩综合图,图05_ODI分级占比图.pdf,pdf,12499,D:\xiangmu\miningplan\output\scene_visual_exports\20260416_195724\06_full_overburden\full\fig05_odi_levels.pdf,D:\xiangmu\miningplan\煤科投稿\最终图片\01_场景可视化导出\20260416_195724\06_全覆岩扰动\全覆岩综合图\图05_ODI分级占比图.pdf
01_场景可视化导出\20260416_195724\06_全覆岩扰动\全覆岩综合图,图05_ODI分级占比图.png,png,65539,D:\xiangmu\miningplan\output\scene_visual_exports\20260416_195724\06_full_overburden\full\fig05_odi_levels.png,D:\xiangmu\miningplan\煤科投稿\最终图片\01_场景可视化导出\20260416_195724\06_全覆岩扰动\全覆岩综合图\图05_ODI分级占比图.png
01_场景可视化导出\20260416_195724\06_全覆岩扰动\全覆岩综合图,图05_ODI分级占比图.svg,svg,17728,D:\xiangmu\miningplan\output\scene_visual_exports\20260416_195724\06_full_overburden\full\fig05_odi_levels.svg,D:\xiangmu\miningplan\煤科投稿\最终图片\01_场景可视化导出\20260416_195724\06_全覆岩扰动\全覆岩综合图\图05_ODI分级占比图.svg
01_场景可视化导出\20260416_195724\06_全覆岩扰动\全覆岩综合图,图06_权重雷达图.pdf,pdf,17252,D:\xiangmu\miningplan\output\scene_visual_exports\20260416_195724\06_full_overburden\full\fig06_weight_radar.pdf,D:\xiangmu\miningplan\煤科投稿\最终图片\01_场景可视化导出\20260416_195724\06_全覆岩扰动\全覆岩综合图\图06_权重雷达图.pdf
01_场景可视化导出\20260416_195724\06_全覆岩扰动\全覆岩综合图,图06_权重雷达图.png,png,168004,D:\xiangmu\miningplan\output\scene_visual_exports\20260416_195724\06_full_overburden\full\fig06_weight_radar.png,D:\xiangmu\miningplan\煤科投稿\最终图片\01_场景可视化导出\20260416_195724\06_全覆岩扰动\全覆岩综合图\图06_权重雷达图.png
01_场景可视化导出\20260416_195724\06_全覆岩扰动\全覆岩综合图,图06_权重雷达图.svg,svg,34186,D:\xiangmu\miningplan\output\scene_visual_exports\20260416_195724\06_full_overburden\full\fig06_weight_radar.svg,D:\xiangmu\miningplan\煤科投稿\最终图片\01_场景可视化导出\20260416_195724\06_全覆岩扰动\全覆岩综合图\图06_权重雷达图.svg
01_场景可视化导出\20260416_201037\00_地表下沉\地表下沉图,01-ODI分布图.pdf,pdf,95797,D:\xiangmu\miningplan\output\scene_visual_exports\20260416_201037\00_surface_subsidence\surface\01-ODI分布图.pdf,D:\xiangmu\miningplan\煤科投稿\最终图片\01_场景可视化导出\20260416_201037\00_地表下沉\地表下沉图\01-ODI分布图.pdf
01_场景可视化导出\20260416_201037\00_地表下沉\地表下沉图,01-ODI分布图.png,png,267434,D:\xiangmu\miningplan\output\scene_visual_exports\20260416_201037\00_surface_subsidence\surface\01-ODI分布图.png,D:\xiangmu\miningplan\煤科投稿\最终图片\01_场景可视化导出\20260416_201037\00_地表下沉\地表下沉图\01-ODI分布图.png
01_场景可视化导出\20260416_201037\00_地表下沉\地表下沉图,01-ODI分布图.svg,svg,287583,D:\xiangmu\miningplan\output\scene_visual_exports\20260416_201037\00_surface_subsidence\surface\01-ODI分布图.svg,D:\xiangmu\miningplan\煤科投稿\最终图片\01_场景可视化导出\20260416_201037\00_地表下沉\地表下沉图\01-ODI分布图.svg
01_场景可视化导出\20260416_201037\00_地表下沉\地表下沉图,02-地质参数云图.pdf,pdf,139607,D:\xiangmu\miningplan\output\scene_visual_exports\20260416_201037\00_surface_subsidence\surface\02-地质参数云图.pdf,D:\xiangmu\miningplan\煤科投稿\最终图片\01_场景可视化导出\20260416_201037\00_地表下沉\地表下沉图\02-地质参数云图.pdf
01_场景可视化导出\20260416_201037\00_地表下沉\地表下沉图,02-地质参数云图.png,png,541847,D:\xiangmu\miningplan\output\scene_visual_exports\20260416_201037\00_surface_subsidence\surface\02-地质参数云图.png,D:\xiangmu\miningplan\煤科投稿\最终图片\01_场景可视化导出\20260416_201037\00_地表下沉\地表下沉图\02-地质参数云图.png
01_场景可视化导出\20260416_201037\00_地表下沉\地表下沉图,02-地质参数云图.svg,svg,657055,D:\xiangmu\miningplan\output\scene_visual_exports\20260416_201037\00_surface_subsidence\surface\02-地质参数云图.svg,D:\xiangmu\miningplan\煤科投稿\最终图片\01_场景可视化导出\20260416_201037\00_地表下沉\地表下沉图\02-地质参数云图.svg
01_场景可视化导出\20260416_201037\00_地表下沉\地表下沉图,03-空间分布图.pdf,pdf,22690,D:\xiangmu\miningplan\output\scene_visual_exports\20260416_201037\00_surface_subsidence\surface\03-空间分布图.pdf,D:\xiangmu\miningplan\煤科投稿\最终图片\01_场景可视化导出\20260416_201037\00_地表下沉\地表下沉图\03-空间分布图.pdf
01_场景可视化导出\20260416_201037\00_地表下沉\地表下沉图,03-空间分布图.png,png,123511,D:\xiangmu\miningplan\output\scene_visual_exports\20260416_201037\00_surface_subsidence\surface\03-空间分布图.png,D:\xiangmu\miningplan\煤科投稿\最终图片\01_场景可视化导出\20260416_201037\00_地表下沉\地表下沉图\03-空间分布图.png
01_场景可视化导出\20260416_201037\00_地表下沉\地表下沉图,03-空间分布图.svg,svg,74762,D:\xiangmu\miningplan\output\scene_visual_exports\20260416_201037\00_surface_subsidence\surface\03-空间分布图.svg,D:\xiangmu\miningplan\煤科投稿\最终图片\01_场景可视化导出\20260416_201037\00_地表下沉\地表下沉图\03-空间分布图.svg
01_场景可视化导出\20260416_201037\00_地表下沉\地表下沉图,04-ODI频率分布.pdf,pdf,19778,D:\xiangmu\miningplan\output\scene_visual_exports\20260416_201037\00_surface_subsidence\surface\04-ODI频率分布.pdf,D:\xiangmu\miningplan\煤科投稿\最终图片\01_场景可视化导出\20260416_201037\00_地表下沉\地表下沉图\04-ODI频率分布.pdf
01_场景可视化导出\20260416_201037\00_地表下沉\地表下沉图,04-ODI频率分布.png,png,57439,D:\xiangmu\miningplan\output\scene_visual_exports\20260416_201037\00_surface_subsidence\surface\04-ODI频率分布.png,D:\xiangmu\miningplan\煤科投稿\最终图片\01_场景可视化导出\20260416_201037\00_地表下沉\地表下沉图\04-ODI频率分布.png
01_场景可视化导出\20260416_201037\00_地表下沉\地表下沉图,04-ODI频率分布.svg,svg,39167,D:\xiangmu\miningplan\output\scene_visual_exports\20260416_201037\00_surface_subsidence\surface\04-ODI频率分布.svg,D:\xiangmu\miningplan\煤科投稿\最终图片\01_场景可视化导出\20260416_201037\00_地表下沉\地表下沉图\04-ODI频率分布.svg
01_场景可视化导出\20260416_201037\00_地表下沉\地表下沉图,05-ODI分级占比.pdf,pdf,14407,D:\xiangmu\miningplan\output\scene_visual_exports\20260416_201037\00_surface_subsidence\surface\05-ODI分级占比.pdf,D:\xiangmu\miningplan\煤科投稿\最终图片\01_场景可视化导出\20260416_201037\00_地表下沉\地表下沉图\05-ODI分级占比.pdf
01_场景可视化导出\20260416_201037\00_地表下沉\地表下沉图,05-ODI分级占比.png,png,64100,D:\xiangmu\miningplan\output\scene_visual_exports\20260416_201037\00_surface_subsidence\surface\05-ODI分级占比.png,D:\xiangmu\miningplan\煤科投稿\最终图片\01_场景可视化导出\20260416_201037\00_地表下沉\地表下沉图\05-ODI分级占比.png
01_场景可视化导出\20260416_201037\00_地表下沉\地表下沉图,05-ODI分级占比.svg,svg,20136,D:\xiangmu\miningplan\output\scene_visual_exports\20260416_201037\00_surface_subsidence\surface\05-ODI分级占比.svg,D:\xiangmu\miningplan\煤科投稿\最终图片\01_场景可视化导出\20260416_201037\00_地表下沉\地表下沉图\05-ODI分级占比.svg
01_场景可视化导出\20260416_201037\00_地表下沉\地表下沉图,06-权重雷达图.pdf,pdf,18726,D:\xiangmu\miningplan\output\scene_visual_exports\20260416_201037\00_surface_subsidence\surface\06-权重雷达图.pdf,D:\xiangmu\miningplan\煤科投稿\最终图片\01_场景可视化导出\20260416_201037\00_地表下沉\地表下沉图\06-权重雷达图.pdf
01_场景可视化导出\20260416_201037\00_地表下沉\地表下沉图,06-权重雷达图.png,png,169979,D:\xiangmu\miningplan\output\scene_visual_exports\20260416_201037\00_surface_subsidence\surface\06-权重雷达图.png,D:\xiangmu\miningplan\煤科投稿\最终图片\01_场景可视化导出\20260416_201037\00_地表下沉\地表下沉图\06-权重雷达图.png
01_场景可视化导出\20260416_201037\00_地表下沉\地表下沉图,06-权重雷达图.svg,svg,36502,D:\xiangmu\miningplan\output\scene_visual_exports\20260416_201037\00_surface_subsidence\surface\06-权重雷达图.svg,D:\xiangmu\miningplan\煤科投稿\最终图片\01_场景可视化导出\20260416_201037\00_地表下沉\地表下沉图\06-权重雷达图.svg
01_场景可视化导出\20260416_201037\00_地表下沉\地表下沉图,07-误差趋势-测线1.pdf,pdf,22882,D:\xiangmu\miningplan\output\scene_visual_exports\20260416_201037\00_surface_subsidence\surface\07-误差趋势-测线1.pdf,D:\xiangmu\miningplan\煤科投稿\最终图片\01_场景可视化导出\20260416_201037\00_地表下沉\地表下沉图\07-误差趋势-测线1.pdf
01_场景可视化导出\20260416_201037\00_地表下沉\地表下沉图,07-误差趋势-测线1.png,png,147767,D:\xiangmu\miningplan\output\scene_visual_exports\20260416_201037\00_surface_subsidence\surface\07-误差趋势-测线1.png,D:\xiangmu\miningplan\煤科投稿\最终图片\01_场景可视化导出\20260416_201037\00_地表下沉\地表下沉图\07-误差趋势-测线1.png
01_场景可视化导出\20260416_201037\00_地表下沉\地表下沉图,07-误差趋势-测线1.svg,svg,58651,D:\xiangmu\miningplan\output\scene_visual_exports\20260416_201037\00_surface_subsidence\surface\07-误差趋势-测线1.svg,D:\xiangmu\miningplan\煤科投稿\最终图片\01_场景可视化导出\20260416_201037\00_地表下沉\地表下沉图\07-误差趋势-测线1.svg
01_场景可视化导出\20260416_201037\00_地表下沉\地表下沉图,08-误差趋势-测线2.pdf,pdf,22994,D:\xiangmu\miningplan\output\scene_visual_exports\20260416_201037\00_surface_subsidence\surface\08-误差趋势-测线2.pdf,D:\xiangmu\miningplan\煤科投稿\最终图片\01_场景可视化导出\20260416_201037\00_地表下沉\地表下沉图\08-误差趋势-测线2.pdf
01_场景可视化导出\20260416_201037\00_地表下沉\地表下沉图,08-误差趋势-测线2.png,png,143265,D:\xiangmu\miningplan\output\scene_visual_exports\20260416_201037\00_surface_subsidence\surface\08-误差趋势-测线2.png,D:\xiangmu\miningplan\煤科投稿\最终图片\01_场景可视化导出\20260416_201037\00_地表下沉\地表下沉图\08-误差趋势-测线2.png
01_场景可视化导出\20260416_201037\00_地表下沉\地表下沉图,08-误差趋势-测线2.svg,svg,56981,D:\xiangmu\miningplan\output\scene_visual_exports\20260416_201037\00_surface_subsidence\surface\08-误差趋势-测线2.svg,D:\xiangmu\miningplan\煤科投稿\最终图片\01_场景可视化导出\20260416_201037\00_地表下沉\地表下沉图\08-误差趋势-测线2.svg
01_场景可视化导出\20260416_201037\00_地表下沉\地表下沉图,09-误差趋势-测线3.pdf,pdf,26359,D:\xiangmu\miningplan\output\scene_visual_exports\20260416_201037\00_surface_subsidence\surface\09-误差趋势-测线3.pdf,D:\xiangmu\miningplan\煤科投稿\最终图片\01_场景可视化导出\20260416_201037\00_地表下沉\地表下沉图\09-误差趋势-测线3.pdf
01_场景可视化导出\20260416_201037\00_地表下沉\地表下沉图,09-误差趋势-测线3.png,png,134726,D:\xiangmu\miningplan\output\scene_visual_exports\20260416_201037\00_surface_subsidence\surface\09-误差趋势-测线3.png,D:\xiangmu\miningplan\煤科投稿\最终图片\01_场景可视化导出\20260416_201037\00_地表下沉\地表下沉图\09-误差趋势-测线3.png
01_场景可视化导出\20260416_201037\00_地表下沉\地表下沉图,09-误差趋势-测线3.svg,svg,100241,D:\xiangmu\miningplan\output\scene_visual_exports\20260416_201037\00_surface_subsidence\surface\09-误差趋势-测线3.svg,D:\xiangmu\miningplan\煤科投稿\最终图片\01_场景可视化导出\20260416_201037\00_地表下沉\地表下沉图\09-误差趋势-测线3.svg
01_场景可视化导出\20260416_201037\01_含水层扰动预评价\含水层扰动图,01-ODI分布图.pdf,pdf,72002,D:\xiangmu\miningplan\output\scene_visual_exports\20260416_201037\01_aquifer_pre_eval\aquifer\01-ODI分布图.pdf,D:\xiangmu\miningplan\煤科投稿\最终图片\01_场景可视化导出\20260416_201037\01_含水层扰动预评价\含水层扰动图\01-ODI分布图.pdf
01_场景可视化导出\20260416_201037\01_含水层扰动预评价\含水层扰动图,01-ODI分布图.png,png,323599,D:\xiangmu\miningplan\output\scene_visual_exports\20260416_201037\01_aquifer_pre_eval\aquifer\01-ODI分布图.png,D:\xiangmu\miningplan\煤科投稿\最终图片\01_场景可视化导出\20260416_201037\01_含水层扰动预评价\含水层扰动图\01-ODI分布图.png
01_场景可视化导出\20260416_201037\01_含水层扰动预评价\含水层扰动图,01-ODI分布图.svg,svg,272975,D:\xiangmu\miningplan\output\scene_visual_exports\20260416_201037\01_aquifer_pre_eval\aquifer\01-ODI分布图.svg,D:\xiangmu\miningplan\煤科投稿\最终图片\01_场景可视化导出\20260416_201037\01_含水层扰动预评价\含水层扰动图\01-ODI分布图.svg
01_场景可视化导出\20260416_201037\01_含水层扰动预评价\含水层扰动图,02-地质参数云图.pdf,pdf,176361,D:\xiangmu\miningplan\output\scene_visual_exports\20260416_201037\01_aquifer_pre_eval\aquifer\02-地质参数云图.pdf,D:\xiangmu\miningplan\煤科投稿\最终图片\01_场景可视化导出\20260416_201037\01_含水层扰动预评价\含水层扰动图\02-地质参数云图.pdf
01_场景可视化导出\20260416_201037\01_含水层扰动预评价\含水层扰动图,02-地质参数云图.png,png,613993,D:\xiangmu\miningplan\output\scene_visual_exports\20260416_201037\01_aquifer_pre_eval\aquifer\02-地质参数云图.png,D:\xiangmu\miningplan\煤科投稿\最终图片\01_场景可视化导出\20260416_201037\01_含水层扰动预评价\含水层扰动图\02-地质参数云图.png
01_场景可视化导出\20260416_201037\01_含水层扰动预评价\含水层扰动图,02-地质参数云图.svg,svg,813277,D:\xiangmu\miningplan\output\scene_visual_exports\20260416_201037\01_aquifer_pre_eval\aquifer\02-地质参数云图.svg,D:\xiangmu\miningplan\煤科投稿\最终图片\01_场景可视化导出\20260416_201037\01_含水层扰动预评价\含水层扰动图\02-地质参数云图.svg
01_场景可视化导出\20260416_201037\01_含水层扰动预评价\含水层扰动图,03-空间分布图.pdf,pdf,19156,D:\xiangmu\miningplan\output\scene_visual_exports\20260416_201037\01_aquifer_pre_eval\aquifer\03-空间分布图.pdf,D:\xiangmu\miningplan\煤科投稿\最终图片\01_场景可视化导出\20260416_201037\01_含水层扰动预评价\含水层扰动图\03-空间分布图.pdf
01_场景可视化导出\20260416_201037\01_含水层扰动预评价\含水层扰动图,03-空间分布图.png,png,97980,D:\xiangmu\miningplan\output\scene_visual_exports\20260416_201037\01_aquifer_pre_eval\aquifer\03-空间分布图.png,D:\xiangmu\miningplan\煤科投稿\最终图片\01_场景可视化导出\20260416_201037\01_含水层扰动预评价\含水层扰动图\03-空间分布图.png
01_场景可视化导出\20260416_201037\01_含水层扰动预评价\含水层扰动图,03-空间分布图.svg,svg,45292,D:\xiangmu\miningplan\output\scene_visual_exports\20260416_201037\01_aquifer_pre_eval\aquifer\03-空间分布图.svg,D:\xiangmu\miningplan\煤科投稿\最终图片\01_场景可视化导出\20260416_201037\01_含水层扰动预评价\含水层扰动图\03-空间分布图.svg
01_场景可视化导出\20260416_201037\01_含水层扰动预评价\含水层扰动图,04-ODI频率分布.pdf,pdf,19482,D:\xiangmu\miningplan\output\scene_visual_exports\20260416_201037\01_aquifer_pre_eval\aquifer\04-ODI频率分布.pdf,D:\xiangmu\miningplan\煤科投稿\最终图片\01_场景可视化导出\20260416_201037\01_含水层扰动预评价\含水层扰动图\04-ODI频率分布.pdf
01_场景可视化导出\20260416_201037\01_含水层扰动预评价\含水层扰动图,04-ODI频率分布.png,png,63230,D:\xiangmu\miningplan\output\scene_visual_exports\20260416_201037\01_aquifer_pre_eval\aquifer\04-ODI频率分布.png,D:\xiangmu\miningplan\煤科投稿\最终图片\01_场景可视化导出\20260416_201037\01_含水层扰动预评价\含水层扰动图\04-ODI频率分布.png
01_场景可视化导出\20260416_201037\01_含水层扰动预评价\含水层扰动图,04-ODI频率分布.svg,svg,40378,D:\xiangmu\miningplan\output\scene_visual_exports\20260416_201037\01_aquifer_pre_eval\aquifer\04-ODI频率分布.svg,D:\xiangmu\miningplan\煤科投稿\最终图片\01_场景可视化导出\20260416_201037\01_含水层扰动预评价\含水层扰动图\04-ODI频率分布.svg
01_场景可视化导出\20260416_201037\01_含水层扰动预评价\含水层扰动图,05-ODI分级占比.pdf,pdf,13891,D:\xiangmu\miningplan\output\scene_visual_exports\20260416_201037\01_aquifer_pre_eval\aquifer\05-ODI分级占比.pdf,D:\xiangmu\miningplan\煤科投稿\最终图片\01_场景可视化导出\20260416_201037\01_含水层扰动预评价\含水层扰动图\05-ODI分级占比.pdf
01_场景可视化导出\20260416_201037\01_含水层扰动预评价\含水层扰动图,05-ODI分级占比.png,png,79987,D:\xiangmu\miningplan\output\scene_visual_exports\20260416_201037\01_aquifer_pre_eval\aquifer\05-ODI分级占比.png,D:\xiangmu\miningplan\煤科投稿\最终图片\01_场景可视化导出\20260416_201037\01_含水层扰动预评价\含水层扰动图\05-ODI分级占比.png
01_场景可视化导出\20260416_201037\01_含水层扰动预评价\含水层扰动图,05-ODI分级占比.svg,svg,19883,D:\xiangmu\miningplan\output\scene_visual_exports\20260416_201037\01_aquifer_pre_eval\aquifer\05-ODI分级占比.svg,D:\xiangmu\miningplan\煤科投稿\最终图片\01_场景可视化导出\20260416_201037\01_含水层扰动预评价\含水层扰动图\05-ODI分级占比.svg
01_场景可视化导出\20260416_201037\01_含水层扰动预评价\含水层扰动图,06-权重雷达图.pdf,pdf,20166,D:\xiangmu\miningplan\output\scene_visual_exports\20260416_201037\01_aquifer_pre_eval\aquifer\06-权重雷达图.pdf,D:\xiangmu\miningplan\煤科投稿\最终图片\01_场景可视化导出\20260416_201037\01_含水层扰动预评价\含水层扰动图\06-权重雷达图.pdf
01_场景可视化导出\20260416_201037\01_含水层扰动预评价\含水层扰动图,06-权重雷达图.png,png,188962,D:\xiangmu\miningplan\output\scene_visual_exports\20260416_201037\01_aquifer_pre_eval\aquifer\06-权重雷达图.png,D:\xiangmu\miningplan\煤科投稿\最终图片\01_场景可视化导出\20260416_201037\01_含水层扰动预评价\含水层扰动图\06-权重雷达图.png
01_场景可视化导出\20260416_201037\01_含水层扰动预评价\含水层扰动图,06-权重雷达图.svg,svg,40707,D:\xiangmu\miningplan\output\scene_visual_exports\20260416_201037\01_aquifer_pre_eval\aquifer\06-权重雷达图.svg,D:\xiangmu\miningplan\煤科投稿\最终图片\01_场景可视化导出\20260416_201037\01_含水层扰动预评价\含水层扰动图\06-权重雷达图.svg
01_场景可视化导出\20260416_201037\02_含水层扰动评价\含水层扰动图,01-ODI分布图.pdf,pdf,138260,D:\xiangmu\miningplan\output\scene_visual_exports\20260416_201037\02_aquifer_eval\aquifer\01-ODI分布图.pdf,D:\xiangmu\miningplan\煤科投稿\最终图片\01_场景可视化导出\20260416_201037\02_含水层扰动评价\含水层扰动图\01-ODI分布图.pdf
01_场景可视化导出\20260416_201037\02_含水层扰动评价\含水层扰动图,01-ODI分布图.png,png,402478,D:\xiangmu\miningplan\output\scene_visual_exports\20260416_201037\02_aquifer_eval\aquifer\01-ODI分布图.png,D:\xiangmu\miningplan\煤科投稿\最终图片\01_场景可视化导出\20260416_201037\02_含水层扰动评价\含水层扰动图\01-ODI分布图.png
01_场景可视化导出\20260416_201037\02_含水层扰动评价\含水层扰动图,01-ODI分布图.svg,svg,415798,D:\xiangmu\miningplan\output\scene_visual_exports\20260416_201037\02_aquifer_eval\aquifer\01-ODI分布图.svg,D:\xiangmu\miningplan\煤科投稿\最终图片\01_场景可视化导出\20260416_201037\02_含水层扰动评价\含水层扰动图\01-ODI分布图.svg
01_场景可视化导出\20260416_201037\02_含水层扰动评价\含水层扰动图,02-地质参数云图.pdf,pdf,165549,D:\xiangmu\miningplan\output\scene_visual_exports\20260416_201037\02_aquifer_eval\aquifer\02-地质参数云图.pdf,D:\xiangmu\miningplan\煤科投稿\最终图片\01_场景可视化导出\20260416_201037\02_含水层扰动评价\含水层扰动图\02-地质参数云图.pdf
01_场景可视化导出\20260416_201037\02_含水层扰动评价\含水层扰动图,02-地质参数云图.png,png,567067,D:\xiangmu\miningplan\output\scene_visual_exports\20260416_201037\02_aquifer_eval\aquifer\02-地质参数云图.png,D:\xiangmu\miningplan\煤科投稿\最终图片\01_场景可视化导出\20260416_201037\02_含水层扰动评价\含水层扰动图\02-地质参数云图.png
01_场景可视化导出\20260416_201037\02_含水层扰动评价\含水层扰动图,02-地质参数云图.svg,svg,747509,D:\xiangmu\miningplan\output\scene_visual_exports\20260416_201037\02_aquifer_eval\aquifer\02-地质参数云图.svg,D:\xiangmu\miningplan\煤科投稿\最终图片\01_场景可视化导出\20260416_201037\02_含水层扰动评价\含水层扰动图\02-地质参数云图.svg
01_场景可视化导出\20260416_201037\02_含水层扰动评价\含水层扰动图,03-空间分布图.pdf,pdf,23875,D:\xiangmu\miningplan\output\scene_visual_exports\20260416_201037\02_aquifer_eval\aquifer\03-空间分布图.pdf,D:\xiangmu\miningplan\煤科投稿\最终图片\01_场景可视化导出\20260416_201037\02_含水层扰动评价\含水层扰动图\03-空间分布图.pdf
01_场景可视化导出\20260416_201037\02_含水层扰动评价\含水层扰动图,03-空间分布图.png,png,186713,D:\xiangmu\miningplan\output\scene_visual_exports\20260416_201037\02_aquifer_eval\aquifer\03-空间分布图.png,D:\xiangmu\miningplan\煤科投稿\最终图片\01_场景可视化导出\20260416_201037\02_含水层扰动评价\含水层扰动图\03-空间分布图.png
01_场景可视化导出\20260416_201037\02_含水层扰动评价\含水层扰动图,03-空间分布图.svg,svg,105182,D:\xiangmu\miningplan\output\scene_visual_exports\20260416_201037\02_aquifer_eval\aquifer\03-空间分布图.svg,D:\xiangmu\miningplan\煤科投稿\最终图片\01_场景可视化导出\20260416_201037\02_含水层扰动评价\含水层扰动图\03-空间分布图.svg
01_场景可视化导出\20260416_201037\02_含水层扰动评价\含水层扰动图,04-ODI频率分布.pdf,pdf,19778,D:\xiangmu\miningplan\output\scene_visual_exports\20260416_201037\02_aquifer_eval\aquifer\04-ODI频率分布.pdf,D:\xiangmu\miningplan\煤科投稿\最终图片\01_场景可视化导出\20260416_201037\02_含水层扰动评价\含水层扰动图\04-ODI频率分布.pdf
01_场景可视化导出\20260416_201037\02_含水层扰动评价\含水层扰动图,04-ODI频率分布.png,png,61956,D:\xiangmu\miningplan\output\scene_visual_exports\20260416_201037\02_aquifer_eval\aquifer\04-ODI频率分布.png,D:\xiangmu\miningplan\煤科投稿\最终图片\01_场景可视化导出\20260416_201037\02_含水层扰动评价\含水层扰动图\04-ODI频率分布.png
01_场景可视化导出\20260416_201037\02_含水层扰动评价\含水层扰动图,04-ODI频率分布.svg,svg,39836,D:\xiangmu\miningplan\output\scene_visual_exports\20260416_201037\02_aquifer_eval\aquifer\04-ODI频率分布.svg,D:\xiangmu\miningplan\煤科投稿\最终图片\01_场景可视化导出\20260416_201037\02_含水层扰动评价\含水层扰动图\04-ODI频率分布.svg
01_场景可视化导出\20260416_201037\02_含水层扰动评价\含水层扰动图,05-ODI分级占比.pdf,pdf,14402,D:\xiangmu\miningplan\output\scene_visual_exports\20260416_201037\02_aquifer_eval\aquifer\05-ODI分级占比.pdf,D:\xiangmu\miningplan\煤科投稿\最终图片\01_场景可视化导出\20260416_201037\02_含水层扰动评价\含水层扰动图\05-ODI分级占比.pdf
01_场景可视化导出\20260416_201037\02_含水层扰动评价\含水层扰动图,05-ODI分级占比.png,png,80444,D:\xiangmu\miningplan\output\scene_visual_exports\20260416_201037\02_aquifer_eval\aquifer\05-ODI分级占比.png,D:\xiangmu\miningplan\煤科投稿\最终图片\01_场景可视化导出\20260416_201037\02_含水层扰动评价\含水层扰动图\05-ODI分级占比.png
01_场景可视化导出\20260416_201037\02_含水层扰动评价\含水层扰动图,05-ODI分级占比.svg,svg,20577,D:\xiangmu\miningplan\output\scene_visual_exports\20260416_201037\02_aquifer_eval\aquifer\05-ODI分级占比.svg,D:\xiangmu\miningplan\煤科投稿\最终图片\01_场景可视化导出\20260416_201037\02_含水层扰动评价\含水层扰动图\05-ODI分级占比.svg
01_场景可视化导出\20260416_201037\02_含水层扰动评价\含水层扰动图,06-权重雷达图.pdf,pdf,20166,D:\xiangmu\miningplan\output\scene_visual_exports\20260416_201037\02_aquifer_eval\aquifer\06-权重雷达图.pdf,D:\xiangmu\miningplan\煤科投稿\最终图片\01_场景可视化导出\20260416_201037\02_含水层扰动评价\含水层扰动图\06-权重雷达图.pdf
01_场景可视化导出\20260416_201037\02_含水层扰动评价\含水层扰动图,06-权重雷达图.png,png,188962,D:\xiangmu\miningplan\output\scene_visual_exports\20260416_201037\02_aquifer_eval\aquifer\06-权重雷达图.png,D:\xiangmu\miningplan\煤科投稿\最终图片\01_场景可视化导出\20260416_201037\02_含水层扰动评价\含水层扰动图\06-权重雷达图.png
01_场景可视化导出\20260416_201037\02_含水层扰动评价\含水层扰动图,06-权重雷达图.svg,svg,40707,D:\xiangmu\miningplan\output\scene_visual_exports\20260416_201037\02_aquifer_eval\aquifer\06-权重雷达图.svg,D:\xiangmu\miningplan\煤科投稿\最终图片\01_场景可视化导出\20260416_201037\02_含水层扰动评价\含水层扰动图\06-权重雷达图.svg
01_场景可视化导出\20260416_201037\03_采区规划案例\含水层扰动图,01-ODI分布图.pdf,pdf,72164,D:\xiangmu\miningplan\output\scene_visual_exports\20260416_201037\03_mining_planning\aquifer\01-ODI分布图.pdf,D:\xiangmu\miningplan\煤科投稿\最终图片\01_场景可视化导出\20260416_201037\03_采区规划案例\含水层扰动图\01-ODI分布图.pdf
01_场景可视化导出\20260416_201037\03_采区规划案例\含水层扰动图,01-ODI分布图.png,png,372219,D:\xiangmu\miningplan\output\scene_visual_exports\20260416_201037\03_mining_planning\aquifer\01-ODI分布图.png,D:\xiangmu\miningplan\煤科投稿\最终图片\01_场景可视化导出\20260416_201037\03_采区规划案例\含水层扰动图\01-ODI分布图.png
01_场景可视化导出\20260416_201037\03_采区规划案例\含水层扰动图,01-ODI分布图.svg,svg,273611,D:\xiangmu\miningplan\output\scene_visual_exports\20260416_201037\03_mining_planning\aquifer\01-ODI分布图.svg,D:\xiangmu\miningplan\煤科投稿\最终图片\01_场景可视化导出\20260416_201037\03_采区规划案例\含水层扰动图\01-ODI分布图.svg
01_场景可视化导出\20260416_201037\03_采区规划案例\含水层扰动图,02-地质参数云图.pdf,pdf,176361,D:\xiangmu\miningplan\output\scene_visual_exports\20260416_201037\03_mining_planning\aquifer\02-地质参数云图.pdf,D:\xiangmu\miningplan\煤科投稿\最终图片\01_场景可视化导出\20260416_201037\03_采区规划案例\含水层扰动图\02-地质参数云图.pdf
01_场景可视化导出\20260416_201037\03_采区规划案例\含水层扰动图,02-地质参数云图.png,png,613993,D:\xiangmu\miningplan\output\scene_visual_exports\20260416_201037\03_mining_planning\aquifer\02-地质参数云图.png,D:\xiangmu\miningplan\煤科投稿\最终图片\01_场景可视化导出\20260416_201037\03_采区规划案例\含水层扰动图\02-地质参数云图.png
01_场景可视化导出\20260416_201037\03_采区规划案例\含水层扰动图,02-地质参数云图.svg,svg,813277,D:\xiangmu\miningplan\output\scene_visual_exports\20260416_201037\03_mining_planning\aquifer\02-地质参数云图.svg,D:\xiangmu\miningplan\煤科投稿\最终图片\01_场景可视化导出\20260416_201037\03_采区规划案例\含水层扰动图\02-地质参数云图.svg
01_场景可视化导出\20260416_201037\03_采区规划案例\含水层扰动图,03-空间分布图.pdf,pdf,19305,D:\xiangmu\miningplan\output\scene_visual_exports\20260416_201037\03_mining_planning\aquifer\03-空间分布图.pdf,D:\xiangmu\miningplan\煤科投稿\最终图片\01_场景可视化导出\20260416_201037\03_采区规划案例\含水层扰动图\03-空间分布图.pdf
01_场景可视化导出\20260416_201037\03_采区规划案例\含水层扰动图,03-空间分布图.png,png,150493,D:\xiangmu\miningplan\output\scene_visual_exports\20260416_201037\03_mining_planning\aquifer\03-空间分布图.png,D:\xiangmu\miningplan\煤科投稿\最终图片\01_场景可视化导出\20260416_201037\03_采区规划案例\含水层扰动图\03-空间分布图.png
01_场景可视化导出\20260416_201037\03_采区规划案例\含水层扰动图,03-空间分布图.svg,svg,45698,D:\xiangmu\miningplan\output\scene_visual_exports\20260416_201037\03_mining_planning\aquifer\03-空间分布图.svg,D:\xiangmu\miningplan\煤科投稿\最终图片\01_场景可视化导出\20260416_201037\03_采区规划案例\含水层扰动图\03-空间分布图.svg
01_场景可视化导出\20260416_201037\03_采区规划案例\含水层扰动图,04-ODI频率分布.pdf,pdf,19482,D:\xiangmu\miningplan\output\scene_visual_exports\20260416_201037\03_mining_planning\aquifer\04-ODI频率分布.pdf,D:\xiangmu\miningplan\煤科投稿\最终图片\01_场景可视化导出\20260416_201037\03_采区规划案例\含水层扰动图\04-ODI频率分布.pdf
01_场景可视化导出\20260416_201037\03_采区规划案例\含水层扰动图,04-ODI频率分布.png,png,63230,D:\xiangmu\miningplan\output\scene_visual_exports\20260416_201037\03_mining_planning\aquifer\04-ODI频率分布.png,D:\xiangmu\miningplan\煤科投稿\最终图片\01_场景可视化导出\20260416_201037\03_采区规划案例\含水层扰动图\04-ODI频率分布.png
01_场景可视化导出\20260416_201037\03_采区规划案例\含水层扰动图,04-ODI频率分布.svg,svg,40378,D:\xiangmu\miningplan\output\scene_visual_exports\20260416_201037\03_mining_planning\aquifer\04-ODI频率分布.svg,D:\xiangmu\miningplan\煤科投稿\最终图片\01_场景可视化导出\20260416_201037\03_采区规划案例\含水层扰动图\04-ODI频率分布.svg
01_场景可视化导出\20260416_201037\03_采区规划案例\含水层扰动图,05-ODI分级占比.pdf,pdf,13891,D:\xiangmu\miningplan\output\scene_visual_exports\20260416_201037\03_mining_planning\aquifer\05-ODI分级占比.pdf,D:\xiangmu\miningplan\煤科投稿\最终图片\01_场景可视化导出\20260416_201037\03_采区规划案例\含水层扰动图\05-ODI分级占比.pdf
01_场景可视化导出\20260416_201037\03_采区规划案例\含水层扰动图,05-ODI分级占比.png,png,79987,D:\xiangmu\miningplan\output\scene_visual_exports\20260416_201037\03_mining_planning\aquifer\05-ODI分级占比.png,D:\xiangmu\miningplan\煤科投稿\最终图片\01_场景可视化导出\20260416_201037\03_采区规划案例\含水层扰动图\05-ODI分级占比.png
01_场景可视化导出\20260416_201037\03_采区规划案例\含水层扰动图,05-ODI分级占比.svg,svg,19883,D:\xiangmu\miningplan\output\scene_visual_exports\20260416_201037\03_mining_planning\aquifer\05-ODI分级占比.svg,D:\xiangmu\miningplan\煤科投稿\最终图片\01_场景可视化导出\20260416_201037\03_采区规划案例\含水层扰动图\05-ODI分级占比.svg
01_场景可视化导出\20260416_201037\03_采区规划案例\含水层扰动图,06-权重雷达图.pdf,pdf,20166,D:\xiangmu\miningplan\output\scene_visual_exports\20260416_201037\03_mining_planning\aquifer\06-权重雷达图.pdf,D:\xiangmu\miningplan\煤科投稿\最终图片\01_场景可视化导出\20260416_201037\03_采区规划案例\含水层扰动图\06-权重雷达图.pdf
01_场景可视化导出\20260416_201037\03_采区规划案例\含水层扰动图,06-权重雷达图.png,png,188962,D:\xiangmu\miningplan\output\scene_visual_exports\20260416_201037\03_mining_planning\aquifer\06-权重雷达图.png,D:\xiangmu\miningplan\煤科投稿\最终图片\01_场景可视化导出\20260416_201037\03_采区规划案例\含水层扰动图\06-权重雷达图.png
01_场景可视化导出\20260416_201037\03_采区规划案例\含水层扰动图,06-权重雷达图.svg,svg,40707,D:\xiangmu\miningplan\output\scene_visual_exports\20260416_201037\03_mining_planning\aquifer\06-权重雷达图.svg,D:\xiangmu\miningplan\煤科投稿\最终图片\01_场景可视化导出\20260416_201037\03_采区规划案例\含水层扰动图\06-权重雷达图.svg
01_场景可视化导出\20260416_201037\03_采区规划案例\工程经济图,01-现金流分析.pdf,pdf,27342,D:\xiangmu\miningplan\output\scene_visual_exports\20260416_201037\03_mining_planning\economics\01-现金流分析.pdf,D:\xiangmu\miningplan\煤科投稿\最终图片\01_场景可视化导出\20260416_201037\03_采区规划案例\工程经济图\01-现金流分析.pdf
01_场景可视化导出\20260416_201037\03_采区规划案例\工程经济图,01-现金流分析.png,png,119117,D:\xiangmu\miningplan\output\scene_visual_exports\20260416_201037\03_mining_planning\economics\01-现金流分析.png,D:\xiangmu\miningplan\煤科投稿\最终图片\01_场景可视化导出\20260416_201037\03_采区规划案例\工程经济图\01-现金流分析.png
01_场景可视化导出\20260416_201037\03_采区规划案例\工程经济图,01-现金流分析.svg,svg,90329,D:\xiangmu\miningplan\output\scene_visual_exports\20260416_201037\03_mining_planning\economics\01-现金流分析.svg,D:\xiangmu\miningplan\煤科投稿\最终图片\01_场景可视化导出\20260416_201037\03_采区规划案例\工程经济图\01-现金流分析.svg
01_场景可视化导出\20260416_201037\03_采区规划案例\工程经济图,02-收入成本结构.pdf,pdf,39978,D:\xiangmu\miningplan\output\scene_visual_exports\20260416_201037\03_mining_planning\economics\02-收入成本结构.pdf,D:\xiangmu\miningplan\煤科投稿\最终图片\01_场景可视化导出\20260416_201037\03_采区规划案例\工程经济图\02-收入成本结构.pdf
01_场景可视化导出\20260416_201037\03_采区规划案例\工程经济图,02-收入成本结构.png,png,169449,D:\xiangmu\miningplan\output\scene_visual_exports\20260416_201037\03_mining_planning\economics\02-收入成本结构.png,D:\xiangmu\miningplan\煤科投稿\最终图片\01_场景可视化导出\20260416_201037\03_采区规划案例\工程经济图\02-收入成本结构.png
01_场景可视化导出\20260416_201037\03_采区规划案例\工程经济图,02-收入成本结构.svg,svg,246971,D:\xiangmu\miningplan\output\scene_visual_exports\20260416_201037\03_mining_planning\economics\02-收入成本结构.svg,D:\xiangmu\miningplan\煤科投稿\最终图片\01_场景可视化导出\20260416_201037\03_采区规划案例\工程经济图\02-收入成本结构.svg
01_场景可视化导出\20260416_201037\03_采区规划案例\工程经济图,03-成本构成.pdf,pdf,22545,D:\xiangmu\miningplan\output\scene_visual_exports\20260416_201037\03_mining_planning\economics\03-成本构成.pdf,D:\xiangmu\miningplan\煤科投稿\最终图片\01_场景可视化导出\20260416_201037\03_采区规划案例\工程经济图\03-成本构成.pdf
01_场景可视化导出\20260416_201037\03_采区规划案例\工程经济图,03-成本构成.png,png,69483,D:\xiangmu\miningplan\output\scene_visual_exports\20260416_201037\03_mining_planning\economics\03-成本构成.png,D:\xiangmu\miningplan\煤科投稿\最终图片\01_场景可视化导出\20260416_201037\03_采区规划案例\工程经济图\03-成本构成.png
01_场景可视化导出\20260416_201037\03_采区规划案例\工程经济图,03-成本构成.svg,svg,34159,D:\xiangmu\miningplan\output\scene_visual_exports\20260416_201037\03_mining_planning\economics\03-成本构成.svg,D:\xiangmu\miningplan\煤科投稿\最终图片\01_场景可视化导出\20260416_201037\03_采区规划案例\工程经济图\03-成本构成.svg
01_场景可视化导出\20260416_201037\03_采区规划案例\规划概览图,01-采区规划布局.pdf,pdf,20155,D:\xiangmu\miningplan\output\scene_visual_exports\20260416_201037\03_mining_planning\overview\01-采区规划布局.pdf,D:\xiangmu\miningplan\煤科投稿\最终图片\01_场景可视化导出\20260416_201037\03_采区规划案例\规划概览图\01-采区规划布局.pdf
01_场景可视化导出\20260416_201037\03_采区规划案例\规划概览图,01-采区规划布局.png,png,104875,D:\xiangmu\miningplan\output\scene_visual_exports\20260416_201037\03_mining_planning\overview\01-采区规划布局.png,D:\xiangmu\miningplan\煤科投稿\最终图片\01_场景可视化导出\20260416_201037\03_采区规划案例\规划概览图\01-采区规划布局.png
01_场景可视化导出\20260416_201037\03_采区规划案例\规划概览图,01-采区规划布局.svg,svg,47916,D:\xiangmu\miningplan\output\scene_visual_exports\20260416_201037\03_mining_planning\overview\01-采区规划布局.svg,D:\xiangmu\miningplan\煤科投稿\最终图片\01_场景可视化导出\20260416_201037\03_采区规划案例\规划概览图\01-采区规划布局.svg
01_场景可视化导出\20260416_201037\03_采区规划案例\规划概览图,02-四模式规划指标对比.pdf,pdf,31402,D:\xiangmu\miningplan\output\scene_visual_exports\20260416_201037\03_mining_planning\overview\02-四模式规划指标对比.pdf,D:\xiangmu\miningplan\煤科投稿\最终图片\01_场景可视化导出\20260416_201037\03_采区规划案例\规划概览图\02-四模式规划指标对比.pdf
01_场景可视化导出\20260416_201037\03_采区规划案例\规划概览图,02-四模式规划指标对比.png,png,119718,D:\xiangmu\miningplan\output\scene_visual_exports\20260416_201037\03_mining_planning\overview\02-四模式规划指标对比.png,D:\xiangmu\miningplan\煤科投稿\最终图片\01_场景可视化导出\20260416_201037\03_采区规划案例\规划概览图\02-四模式规划指标对比.png
01_场景可视化导出\20260416_201037\03_采区规划案例\规划概览图,02-四模式规划指标对比.svg,svg,60839,D:\xiangmu\miningplan\output\scene_visual_exports\20260416_201037\03_mining_planning\overview\02-四模式规划指标对比.svg,D:\xiangmu\miningplan\煤科投稿\最终图片\01_场景可视化导出\20260416_201037\03_采区规划案例\规划概览图\02-四模式规划指标对比.svg
01_场景可视化导出\20260416_201037\03_采区规划案例\规划概览图,03-加权优选候选方案.pdf,pdf,25465,D:\xiangmu\miningplan\output\scene_visual_exports\20260416_201037\03_mining_planning\overview\03-加权优选候选方案.pdf,D:\xiangmu\miningplan\煤科投稿\最终图片\01_场景可视化导出\20260416_201037\03_采区规划案例\规划概览图\03-加权优选候选方案.pdf
01_场景可视化导出\20260416_201037\03_采区规划案例\规划概览图,03-加权优选候选方案.png,png,179663,D:\xiangmu\miningplan\output\scene_visual_exports\20260416_201037\03_mining_planning\overview\03-加权优选候选方案.png,D:\xiangmu\miningplan\煤科投稿\最终图片\01_场景可视化导出\20260416_201037\03_采区规划案例\规划概览图\03-加权优选候选方案.png
01_场景可视化导出\20260416_201037\03_采区规划案例\规划概览图,03-加权优选候选方案.svg,svg,77944,D:\xiangmu\miningplan\output\scene_visual_exports\20260416_201037\03_mining_planning\overview\03-加权优选候选方案.svg,D:\xiangmu\miningplan\煤科投稿\最终图片\01_场景可视化导出\20260416_201037\03_采区规划案例\规划概览图\03-加权优选候选方案.svg
01_场景可视化导出\20260416_201037\03_采区规划案例\采掘接续图,01-月产曲线.pdf,pdf,21664,D:\xiangmu\miningplan\output\scene_visual_exports\20260416_201037\03_mining_planning\succession\01-月产曲线.pdf,D:\xiangmu\miningplan\煤科投稿\最终图片\01_场景可视化导出\20260416_201037\03_采区规划案例\采掘接续图\01-月产曲线.pdf
01_场景可视化导出\20260416_201037\03_采区规划案例\采掘接续图,01-月产曲线.png,png,125074,D:\xiangmu\miningplan\output\scene_visual_exports\20260416_201037\03_mining_planning\succession\01-月产曲线.png,D:\xiangmu\miningplan\煤科投稿\最终图片\01_场景可视化导出\20260416_201037\03_采区规划案例\采掘接续图\01-月产曲线.png
01_场景可视化导出\20260416_201037\03_采区规划案例\采掘接续图,01-月产曲线.svg,svg,57166,D:\xiangmu\miningplan\output\scene_visual_exports\20260416_201037\03_mining_planning\succession\01-月产曲线.svg,D:\xiangmu\miningplan\煤科投稿\最终图片\01_场景可视化导出\20260416_201037\03_采区规划案例\采掘接续图\01-月产曲线.svg
01_场景可视化导出\20260416_201037\03_采区规划案例\采掘接续图,02-采掘接续甘特图.pdf,pdf,25286,D:\xiangmu\miningplan\output\scene_visual_exports\20260416_201037\03_mining_planning\succession\02-采掘接续甘特图.pdf,D:\xiangmu\miningplan\煤科投稿\最终图片\01_场景可视化导出\20260416_201037\03_采区规划案例\采掘接续图\02-采掘接续甘特图.pdf
01_场景可视化导出\20260416_201037\03_采区规划案例\采掘接续图,02-采掘接续甘特图.png,png,147275,D:\xiangmu\miningplan\output\scene_visual_exports\20260416_201037\03_mining_planning\succession\02-采掘接续甘特图.png,D:\xiangmu\miningplan\煤科投稿\最终图片\01_场景可视化导出\20260416_201037\03_采区规划案例\采掘接续图\02-采掘接续甘特图.png
01_场景可视化导出\20260416_201037\03_采区规划案例\采掘接续图,02-采掘接续甘特图.svg,svg,81865,D:\xiangmu\miningplan\output\scene_visual_exports\20260416_201037\03_mining_planning\succession\02-采掘接续甘特图.svg,D:\xiangmu\miningplan\煤科投稿\最终图片\01_场景可视化导出\20260416_201037\03_采区规划案例\采掘接续图\02-采掘接续甘特图.svg
01_场景可视化导出\20260416_201037\03_采区规划案例\采掘接续图,03-接续方案对比.pdf,pdf,32602,D:\xiangmu\miningplan\output\scene_visual_exports\20260416_201037\03_mining_planning\succession\03-接续方案对比.pdf,D:\xiangmu\miningplan\煤科投稿\最终图片\01_场景可视化导出\20260416_201037\03_采区规划案例\采掘接续图\03-接续方案对比.pdf
01_场景可视化导出\20260416_201037\03_采区规划案例\采掘接续图,03-接续方案对比.png,png,139574,D:\xiangmu\miningplan\output\scene_visual_exports\20260416_201037\03_mining_planning\succession\03-接续方案对比.png,D:\xiangmu\miningplan\煤科投稿\最终图片\01_场景可视化导出\20260416_201037\03_采区规划案例\采掘接续图\03-接续方案对比.png
01_场景可视化导出\20260416_201037\03_采区规划案例\采掘接续图,03-接续方案对比.svg,svg,69422,D:\xiangmu\miningplan\output\scene_visual_exports\20260416_201037\03_mining_planning\succession\03-接续方案对比.svg,D:\xiangmu\miningplan\煤科投稿\最终图片\01_场景可视化导出\20260416_201037\03_采区规划案例\采掘接续图\03-接续方案对比.svg
01_场景可视化导出\20260416_201037\04_协同调控_突水点\含水层扰动图,01-ODI分布图.pdf,pdf,177473,D:\xiangmu\miningplan\output\scene_visual_exports\20260416_201037\04_cocontrol_water_inrush\aquifer\01-ODI分布图.pdf,D:\xiangmu\miningplan\煤科投稿\最终图片\01_场景可视化导出\20260416_201037\04_协同调控_突水点\含水层扰动图\01-ODI分布图.pdf
01_场景可视化导出\20260416_201037\04_协同调控_突水点\含水层扰动图,01-ODI分布图.png,png,422308,D:\xiangmu\miningplan\output\scene_visual_exports\20260416_201037\04_cocontrol_water_inrush\aquifer\01-ODI分布图.png,D:\xiangmu\miningplan\煤科投稿\最终图片\01_场景可视化导出\20260416_201037\04_协同调控_突水点\含水层扰动图\01-ODI分布图.png
01_场景可视化导出\20260416_201037\04_协同调控_突水点\含水层扰动图,01-ODI分布图.svg,svg,521799,D:\xiangmu\miningplan\output\scene_visual_exports\20260416_201037\04_cocontrol_water_inrush\aquifer\01-ODI分布图.svg,D:\xiangmu\miningplan\煤科投稿\最终图片\01_场景可视化导出\20260416_201037\04_协同调控_突水点\含水层扰动图\01-ODI分布图.svg
01_场景可视化导出\20260416_201037\04_协同调控_突水点\含水层扰动图,02-地质参数云图.pdf,pdf,182765,D:\xiangmu\miningplan\output\scene_visual_exports\20260416_201037\04_cocontrol_water_inrush\aquifer\02-地质参数云图.pdf,D:\xiangmu\miningplan\煤科投稿\最终图片\01_场景可视化导出\20260416_201037\04_协同调控_突水点\含水层扰动图\02-地质参数云图.pdf
01_场景可视化导出\20260416_201037\04_协同调控_突水点\含水层扰动图,02-地质参数云图.png,png,635275,D:\xiangmu\miningplan\output\scene_visual_exports\20260416_201037\04_cocontrol_water_inrush\aquifer\02-地质参数云图.png,D:\xiangmu\miningplan\煤科投稿\最终图片\01_场景可视化导出\20260416_201037\04_协同调控_突水点\含水层扰动图\02-地质参数云图.png
01_场景可视化导出\20260416_201037\04_协同调控_突水点\含水层扰动图,02-地质参数云图.svg,svg,844289,D:\xiangmu\miningplan\output\scene_visual_exports\20260416_201037\04_cocontrol_water_inrush\aquifer\02-地质参数云图.svg,D:\xiangmu\miningplan\煤科投稿\最终图片\01_场景可视化导出\20260416_201037\04_协同调控_突水点\含水层扰动图\02-地质参数云图.svg
01_场景可视化导出\20260416_201037\04_协同调控_突水点\含水层扰动图,03-空间分布图.pdf,pdf,24142,D:\xiangmu\miningplan\output\scene_visual_exports\20260416_201037\04_cocontrol_water_inrush\aquifer\03-空间分布图.pdf,D:\xiangmu\miningplan\煤科投稿\最终图片\01_场景可视化导出\20260416_201037\04_协同调控_突水点\含水层扰动图\03-空间分布图.pdf
01_场景可视化导出\20260416_201037\04_协同调控_突水点\含水层扰动图,03-空间分布图.png,png,202392,D:\xiangmu\miningplan\output\scene_visual_exports\20260416_201037\04_cocontrol_water_inrush\aquifer\03-空间分布图.png,D:\xiangmu\miningplan\煤科投稿\最终图片\01_场景可视化导出\20260416_201037\04_协同调控_突水点\含水层扰动图\03-空间分布图.png
01_场景可视化导出\20260416_201037\04_协同调控_突水点\含水层扰动图,03-空间分布图.svg,svg,135296,D:\xiangmu\miningplan\output\scene_visual_exports\20260416_201037\04_cocontrol_water_inrush\aquifer\03-空间分布图.svg,D:\xiangmu\miningplan\煤科投稿\最终图片\01_场景可视化导出\20260416_201037\04_协同调控_突水点\含水层扰动图\03-空间分布图.svg
01_场景可视化导出\20260416_201037\04_协同调控_突水点\含水层扰动图,04-ODI频率分布.pdf,pdf,19043,D:\xiangmu\miningplan\output\scene_visual_exports\20260416_201037\04_cocontrol_water_inrush\aquifer\04-ODI频率分布.pdf,D:\xiangmu\miningplan\煤科投稿\最终图片\01_场景可视化导出\20260416_201037\04_协同调控_突水点\含水层扰动图\04-ODI频率分布.pdf
01_场景可视化导出\20260416_201037\04_协同调控_突水点\含水层扰动图,04-ODI频率分布.png,png,50991,D:\xiangmu\miningplan\output\scene_visual_exports\20260416_201037\04_cocontrol_water_inrush\aquifer\04-ODI频率分布.png,D:\xiangmu\miningplan\煤科投稿\最终图片\01_场景可视化导出\20260416_201037\04_协同调控_突水点\含水层扰动图\04-ODI频率分布.png
01_场景可视化导出\20260416_201037\04_协同调控_突水点\含水层扰动图,04-ODI频率分布.svg,svg,36405,D:\xiangmu\miningplan\output\scene_visual_exports\20260416_201037\04_cocontrol_water_inrush\aquifer\04-ODI频率分布.svg,D:\xiangmu\miningplan\煤科投稿\最终图片\01_场景可视化导出\20260416_201037\04_协同调控_突水点\含水层扰动图\04-ODI频率分布.svg
01_场景可视化导出\20260416_201037\04_协同调控_突水点\含水层扰动图,05-ODI分级占比.pdf,pdf,13816,D:\xiangmu\miningplan\output\scene_visual_exports\20260416_201037\04_cocontrol_water_inrush\aquifer\05-ODI分级占比.pdf,D:\xiangmu\miningplan\煤科投稿\最终图片\01_场景可视化导出\20260416_201037\04_协同调控_突水点\含水层扰动图\05-ODI分级占比.pdf
01_场景可视化导出\20260416_201037\04_协同调控_突水点\含水层扰动图,05-ODI分级占比.png,png,70078,D:\xiangmu\miningplan\output\scene_visual_exports\20260416_201037\04_cocontrol_water_inrush\aquifer\05-ODI分级占比.png,D:\xiangmu\miningplan\煤科投稿\最终图片\01_场景可视化导出\20260416_201037\04_协同调控_突水点\含水层扰动图\05-ODI分级占比.png
01_场景可视化导出\20260416_201037\04_协同调控_突水点\含水层扰动图,05-ODI分级占比.svg,svg,19555,D:\xiangmu\miningplan\output\scene_visual_exports\20260416_201037\04_cocontrol_water_inrush\aquifer\05-ODI分级占比.svg,D:\xiangmu\miningplan\煤科投稿\最终图片\01_场景可视化导出\20260416_201037\04_协同调控_突水点\含水层扰动图\05-ODI分级占比.svg
01_场景可视化导出\20260416_201037\05_采掘接续\含水层扰动图,01-ODI分布图.pdf,pdf,431951,D:\xiangmu\miningplan\output\scene_visual_exports\20260416_201037\05_mining_succession\aquifer\01-ODI分布图.pdf,D:\xiangmu\miningplan\煤科投稿\最终图片\01_场景可视化导出\20260416_201037\05_采掘接续\含水层扰动图\01-ODI分布图.pdf
01_场景可视化导出\20260416_201037\05_采掘接续\含水层扰动图,01-ODI分布图.png,png,476597,D:\xiangmu\miningplan\output\scene_visual_exports\20260416_201037\05_mining_succession\aquifer\01-ODI分布图.png,D:\xiangmu\miningplan\煤科投稿\最终图片\01_场景可视化导出\20260416_201037\05_采掘接续\含水层扰动图\01-ODI分布图.png
01_场景可视化导出\20260416_201037\05_采掘接续\含水层扰动图,01-ODI分布图.svg,svg,1029885,D:\xiangmu\miningplan\output\scene_visual_exports\20260416_201037\05_mining_succession\aquifer\01-ODI分布图.svg,D:\xiangmu\miningplan\煤科投稿\最终图片\01_场景可视化导出\20260416_201037\05_采掘接续\含水层扰动图\01-ODI分布图.svg
01_场景可视化导出\20260416_201037\05_采掘接续\含水层扰动图,02-地质参数云图.pdf,pdf,168869,D:\xiangmu\miningplan\output\scene_visual_exports\20260416_201037\05_mining_succession\aquifer\02-地质参数云图.pdf,D:\xiangmu\miningplan\煤科投稿\最终图片\01_场景可视化导出\20260416_201037\05_采掘接续\含水层扰动图\02-地质参数云图.pdf
01_场景可视化导出\20260416_201037\05_采掘接续\含水层扰动图,02-地质参数云图.png,png,564818,D:\xiangmu\miningplan\output\scene_visual_exports\20260416_201037\05_mining_succession\aquifer\02-地质参数云图.png,D:\xiangmu\miningplan\煤科投稿\最终图片\01_场景可视化导出\20260416_201037\05_采掘接续\含水层扰动图\02-地质参数云图.png
01_场景可视化导出\20260416_201037\05_采掘接续\含水层扰动图,02-地质参数云图.svg,svg,770218,D:\xiangmu\miningplan\output\scene_visual_exports\20260416_201037\05_mining_succession\aquifer\02-地质参数云图.svg,D:\xiangmu\miningplan\煤科投稿\最终图片\01_场景可视化导出\20260416_201037\05_采掘接续\含水层扰动图\02-地质参数云图.svg
01_场景可视化导出\20260416_201037\05_采掘接续\含水层扰动图,03-空间分布图.pdf,pdf,25094,D:\xiangmu\miningplan\output\scene_visual_exports\20260416_201037\05_mining_succession\aquifer\03-空间分布图.pdf,D:\xiangmu\miningplan\煤科投稿\最终图片\01_场景可视化导出\20260416_201037\05_采掘接续\含水层扰动图\03-空间分布图.pdf
01_场景可视化导出\20260416_201037\05_采掘接续\含水层扰动图,03-空间分布图.png,png,299404,D:\xiangmu\miningplan\output\scene_visual_exports\20260416_201037\05_mining_succession\aquifer\03-空间分布图.png,D:\xiangmu\miningplan\煤科投稿\最终图片\01_场景可视化导出\20260416_201037\05_采掘接续\含水层扰动图\03-空间分布图.png
01_场景可视化导出\20260416_201037\05_采掘接续\含水层扰动图,03-空间分布图.svg,svg,344204,D:\xiangmu\miningplan\output\scene_visual_exports\20260416_201037\05_mining_succession\aquifer\03-空间分布图.svg,D:\xiangmu\miningplan\煤科投稿\最终图片\01_场景可视化导出\20260416_201037\05_采掘接续\含水层扰动图\03-空间分布图.svg
01_场景可视化导出\20260416_201037\05_采掘接续\含水层扰动图,04-ODI频率分布.pdf,pdf,19484,D:\xiangmu\miningplan\output\scene_visual_exports\20260416_201037\05_mining_succession\aquifer\04-ODI频率分布.pdf,D:\xiangmu\miningplan\煤科投稿\最终图片\01_场景可视化导出\20260416_201037\05_采掘接续\含水层扰动图\04-ODI频率分布.pdf
01_场景可视化导出\20260416_201037\05_采掘接续\含水层扰动图,04-ODI频率分布.png,png,59307,D:\xiangmu\miningplan\output\scene_visual_exports\20260416_201037\05_mining_succession\aquifer\04-ODI频率分布.png,D:\xiangmu\miningplan\煤科投稿\最终图片\01_场景可视化导出\20260416_201037\05_采掘接续\含水层扰动图\04-ODI频率分布.png
01_场景可视化导出\20260416_201037\05_采掘接续\含水层扰动图,04-ODI频率分布.svg,svg,38636,D:\xiangmu\miningplan\output\scene_visual_exports\20260416_201037\05_mining_succession\aquifer\04-ODI频率分布.svg,D:\xiangmu\miningplan\煤科投稿\最终图片\01_场景可视化导出\20260416_201037\05_采掘接续\含水层扰动图\04-ODI频率分布.svg
01_场景可视化导出\20260416_201037\05_采掘接续\含水层扰动图,05-ODI分级占比.pdf,pdf,14967,D:\xiangmu\miningplan\output\scene_visual_exports\20260416_201037\05_mining_succession\aquifer\05-ODI分级占比.pdf,D:\xiangmu\miningplan\煤科投稿\最终图片\01_场景可视化导出\20260416_201037\05_采掘接续\含水层扰动图\05-ODI分级占比.pdf
01_场景可视化导出\20260416_201037\05_采掘接续\含水层扰动图,05-ODI分级占比.png,png,77449,D:\xiangmu\miningplan\output\scene_visual_exports\20260416_201037\05_mining_succession\aquifer\05-ODI分级占比.png,D:\xiangmu\miningplan\煤科投稿\最终图片\01_场景可视化导出\20260416_201037\05_采掘接续\含水层扰动图\05-ODI分级占比.png
01_场景可视化导出\20260416_201037\05_采掘接续\含水层扰动图,05-ODI分级占比.svg,svg,21460,D:\xiangmu\miningplan\output\scene_visual_exports\20260416_201037\05_mining_succession\aquifer\05-ODI分级占比.svg,D:\xiangmu\miningplan\煤科投稿\最终图片\01_场景可视化导出\20260416_201037\05_采掘接续\含水层扰动图\05-ODI分级占比.svg
01_场景可视化导出\20260416_201037\05_采掘接续\含水层扰动图,06-权重雷达图.pdf,pdf,20166,D:\xiangmu\miningplan\output\scene_visual_exports\20260416_201037\05_mining_succession\aquifer\06-权重雷达图.pdf,D:\xiangmu\miningplan\煤科投稿\最终图片\01_场景可视化导出\20260416_201037\05_采掘接续\含水层扰动图\06-权重雷达图.pdf
01_场景可视化导出\20260416_201037\05_采掘接续\含水层扰动图,06-权重雷达图.png,png,188962,D:\xiangmu\miningplan\output\scene_visual_exports\20260416_201037\05_mining_succession\aquifer\06-权重雷达图.png,D:\xiangmu\miningplan\煤科投稿\最终图片\01_场景可视化导出\20260416_201037\05_采掘接续\含水层扰动图\06-权重雷达图.png
01_场景可视化导出\20260416_201037\05_采掘接续\含水层扰动图,06-权重雷达图.svg,svg,40707,D:\xiangmu\miningplan\output\scene_visual_exports\20260416_201037\05_mining_succession\aquifer\06-权重雷达图.svg,D:\xiangmu\miningplan\煤科投稿\最终图片\01_场景可视化导出\20260416_201037\05_采掘接续\含水层扰动图\06-权重雷达图.svg
01_场景可视化导出\20260416_201037\05_采掘接续\工程经济图,01-现金流分析.pdf,pdf,25835,D:\xiangmu\miningplan\output\scene_visual_exports\20260416_201037\05_mining_succession\economics\01-现金流分析.pdf,D:\xiangmu\miningplan\煤科投稿\最终图片\01_场景可视化导出\20260416_201037\05_采掘接续\工程经济图\01-现金流分析.pdf
01_场景可视化导出\20260416_201037\05_采掘接续\工程经济图,01-现金流分析.png,png,125269,D:\xiangmu\miningplan\output\scene_visual_exports\20260416_201037\05_mining_succession\economics\01-现金流分析.png,D:\xiangmu\miningplan\煤科投稿\最终图片\01_场景可视化导出\20260416_201037\05_采掘接续\工程经济图\01-现金流分析.png
01_场景可视化导出\20260416_201037\05_采掘接续\工程经济图,01-现金流分析.svg,svg,90170,D:\xiangmu\miningplan\output\scene_visual_exports\20260416_201037\05_mining_succession\economics\01-现金流分析.svg,D:\xiangmu\miningplan\煤科投稿\最终图片\01_场景可视化导出\20260416_201037\05_采掘接续\工程经济图\01-现金流分析.svg
01_场景可视化导出\20260416_201037\05_采掘接续\工程经济图,02-收入成本结构.pdf,pdf,39293,D:\xiangmu\miningplan\output\scene_visual_exports\20260416_201037\05_mining_succession\economics\02-收入成本结构.pdf,D:\xiangmu\miningplan\煤科投稿\最终图片\01_场景可视化导出\20260416_201037\05_采掘接续\工程经济图\02-收入成本结构.pdf
01_场景可视化导出\20260416_201037\05_采掘接续\工程经济图,02-收入成本结构.png,png,160067,D:\xiangmu\miningplan\output\scene_visual_exports\20260416_201037\05_mining_succession\economics\02-收入成本结构.png,D:\xiangmu\miningplan\煤科投稿\最终图片\01_场景可视化导出\20260416_201037\05_采掘接续\工程经济图\02-收入成本结构.png
01_场景可视化导出\20260416_201037\05_采掘接续\工程经济图,02-收入成本结构.svg,svg,246876,D:\xiangmu\miningplan\output\scene_visual_exports\20260416_201037\05_mining_succession\economics\02-收入成本结构.svg,D:\xiangmu\miningplan\煤科投稿\最终图片\01_场景可视化导出\20260416_201037\05_采掘接续\工程经济图\02-收入成本结构.svg
01_场景可视化导出\20260416_201037\05_采掘接续\工程经济图,03-成本构成.pdf,pdf,22445,D:\xiangmu\miningplan\output\scene_visual_exports\20260416_201037\05_mining_succession\economics\03-成本构成.pdf,D:\xiangmu\miningplan\煤科投稿\最终图片\01_场景可视化导出\20260416_201037\05_采掘接续\工程经济图\03-成本构成.pdf
01_场景可视化导出\20260416_201037\05_采掘接续\工程经济图,03-成本构成.png,png,75816,D:\xiangmu\miningplan\output\scene_visual_exports\20260416_201037\05_mining_succession\economics\03-成本构成.png,D:\xiangmu\miningplan\煤科投稿\最终图片\01_场景可视化导出\20260416_201037\05_采掘接续\工程经济图\03-成本构成.png
01_场景可视化导出\20260416_201037\05_采掘接续\工程经济图,03-成本构成.svg,svg,34002,D:\xiangmu\miningplan\output\scene_visual_exports\20260416_201037\05_mining_succession\economics\03-成本构成.svg,D:\xiangmu\miningplan\煤科投稿\最终图片\01_场景可视化导出\20260416_201037\05_采掘接续\工程经济图\03-成本构成.svg
01_场景可视化导出\20260416_201037\05_采掘接续\规划概览图,01-采区规划布局.pdf,pdf,20890,D:\xiangmu\miningplan\output\scene_visual_exports\20260416_201037\05_mining_succession\overview\01-采区规划布局.pdf,D:\xiangmu\miningplan\煤科投稿\最终图片\01_场景可视化导出\20260416_201037\05_采掘接续\规划概览图\01-采区规划布局.pdf
01_场景可视化导出\20260416_201037\05_采掘接续\规划概览图,01-采区规划布局.png,png,106788,D:\xiangmu\miningplan\output\scene_visual_exports\20260416_201037\05_mining_succession\overview\01-采区规划布局.png,D:\xiangmu\miningplan\煤科投稿\最终图片\01_场景可视化导出\20260416_201037\05_采掘接续\规划概览图\01-采区规划布局.png
01_场景可视化导出\20260416_201037\05_采掘接续\规划概览图,01-采区规划布局.svg,svg,49454,D:\xiangmu\miningplan\output\scene_visual_exports\20260416_201037\05_mining_succession\overview\01-采区规划布局.svg,D:\xiangmu\miningplan\煤科投稿\最终图片\01_场景可视化导出\20260416_201037\05_采掘接续\规划概览图\01-采区规划布局.svg
01_场景可视化导出\20260416_201037\05_采掘接续\规划概览图,02-四模式规划指标对比.pdf,pdf,30558,D:\xiangmu\miningplan\output\scene_visual_exports\20260416_201037\05_mining_succession\overview\02-四模式规划指标对比.pdf,D:\xiangmu\miningplan\煤科投稿\最终图片\01_场景可视化导出\20260416_201037\05_采掘接续\规划概览图\02-四模式规划指标对比.pdf
01_场景可视化导出\20260416_201037\05_采掘接续\规划概览图,02-四模式规划指标对比.png,png,118069,D:\xiangmu\miningplan\output\scene_visual_exports\20260416_201037\05_mining_succession\overview\02-四模式规划指标对比.png,D:\xiangmu\miningplan\煤科投稿\最终图片\01_场景可视化导出\20260416_201037\05_采掘接续\规划概览图\02-四模式规划指标对比.png
01_场景可视化导出\20260416_201037\05_采掘接续\规划概览图,02-四模式规划指标对比.svg,svg,59814,D:\xiangmu\miningplan\output\scene_visual_exports\20260416_201037\05_mining_succession\overview\02-四模式规划指标对比.svg,D:\xiangmu\miningplan\煤科投稿\最终图片\01_场景可视化导出\20260416_201037\05_采掘接续\规划概览图\02-四模式规划指标对比.svg
01_场景可视化导出\20260416_201037\05_采掘接续\规划概览图,03-加权优选候选方案.pdf,pdf,24621,D:\xiangmu\miningplan\output\scene_visual_exports\20260416_201037\05_mining_succession\overview\03-加权优选候选方案.pdf,D:\xiangmu\miningplan\煤科投稿\最终图片\01_场景可视化导出\20260416_201037\05_采掘接续\规划概览图\03-加权优选候选方案.pdf
01_场景可视化导出\20260416_201037\05_采掘接续\规划概览图,03-加权优选候选方案.png,png,176808,D:\xiangmu\miningplan\output\scene_visual_exports\20260416_201037\05_mining_succession\overview\03-加权优选候选方案.png,D:\xiangmu\miningplan\煤科投稿\最终图片\01_场景可视化导出\20260416_201037\05_采掘接续\规划概览图\03-加权优选候选方案.png
01_场景可视化导出\20260416_201037\05_采掘接续\规划概览图,03-加权优选候选方案.svg,svg,76931,D:\xiangmu\miningplan\output\scene_visual_exports\20260416_201037\05_mining_succession\overview\03-加权优选候选方案.svg,D:\xiangmu\miningplan\煤科投稿\最终图片\01_场景可视化导出\20260416_201037\05_采掘接续\规划概览图\03-加权优选候选方案.svg
01_场景可视化导出\20260416_201037\05_采掘接续\采掘接续图,01-月产曲线.pdf,pdf,21102,D:\xiangmu\miningplan\output\scene_visual_exports\20260416_201037\05_mining_succession\succession\01-月产曲线.pdf,D:\xiangmu\miningplan\煤科投稿\最终图片\01_场景可视化导出\20260416_201037\05_采掘接续\采掘接续图\01-月产曲线.pdf
01_场景可视化导出\20260416_201037\05_采掘接续\采掘接续图,01-月产曲线.png,png,98785,D:\xiangmu\miningplan\output\scene_visual_exports\20260416_201037\05_mining_succession\succession\01-月产曲线.png,D:\xiangmu\miningplan\煤科投稿\最终图片\01_场景可视化导出\20260416_201037\05_采掘接续\采掘接续图\01-月产曲线.png
01_场景可视化导出\20260416_201037\05_采掘接续\采掘接续图,01-月产曲线.svg,svg,55257,D:\xiangmu\miningplan\output\scene_visual_exports\20260416_201037\05_mining_succession\succession\01-月产曲线.svg,D:\xiangmu\miningplan\煤科投稿\最终图片\01_场景可视化导出\20260416_201037\05_采掘接续\采掘接续图\01-月产曲线.svg
01_场景可视化导出\20260416_201037\05_采掘接续\采掘接续图,02-采掘接续甘特图.pdf,pdf,24447,D:\xiangmu\miningplan\output\scene_visual_exports\20260416_201037\05_mining_succession\succession\02-采掘接续甘特图.pdf,D:\xiangmu\miningplan\煤科投稿\最终图片\01_场景可视化导出\20260416_201037\05_采掘接续\采掘接续图\02-采掘接续甘特图.pdf
01_场景可视化导出\20260416_201037\05_采掘接续\采掘接续图,02-采掘接续甘特图.png,png,145288,D:\xiangmu\miningplan\output\scene_visual_exports\20260416_201037\05_mining_succession\succession\02-采掘接续甘特图.png,D:\xiangmu\miningplan\煤科投稿\最终图片\01_场景可视化导出\20260416_201037\05_采掘接续\采掘接续图\02-采掘接续甘特图.png
01_场景可视化导出\20260416_201037\05_采掘接续\采掘接续图,02-采掘接续甘特图.svg,svg,80850,D:\xiangmu\miningplan\output\scene_visual_exports\20260416_201037\05_mining_succession\succession\02-采掘接续甘特图.svg,D:\xiangmu\miningplan\煤科投稿\最终图片\01_场景可视化导出\20260416_201037\05_采掘接续\采掘接续图\02-采掘接续甘特图.svg
01_场景可视化导出\20260416_201037\05_采掘接续\采掘接续图,03-接续方案对比.pdf,pdf,32158,D:\xiangmu\miningplan\output\scene_visual_exports\20260416_201037\05_mining_succession\succession\03-接续方案对比.pdf,D:\xiangmu\miningplan\煤科投稿\最终图片\01_场景可视化导出\20260416_201037\05_采掘接续\采掘接续图\03-接续方案对比.pdf
01_场景可视化导出\20260416_201037\05_采掘接续\采掘接续图,03-接续方案对比.png,png,126573,D:\xiangmu\miningplan\output\scene_visual_exports\20260416_201037\05_mining_succession\succession\03-接续方案对比.png,D:\xiangmu\miningplan\煤科投稿\最终图片\01_场景可视化导出\20260416_201037\05_采掘接续\采掘接续图\03-接续方案对比.png
01_场景可视化导出\20260416_201037\05_采掘接续\采掘接续图,03-接续方案对比.svg,svg,66367,D:\xiangmu\miningplan\output\scene_visual_exports\20260416_201037\05_mining_succession\succession\03-接续方案对比.svg,D:\xiangmu\miningplan\煤科投稿\最终图片\01_场景可视化导出\20260416_201037\05_采掘接续\采掘接续图\03-接续方案对比.svg
01_场景可视化导出\20260416_201037\06_全覆岩扰动\全覆岩综合图,01-ODI分布图.pdf,pdf,61106,D:\xiangmu\miningplan\output\scene_visual_exports\20260416_201037\06_full_overburden\full\01-ODI分布图.pdf,D:\xiangmu\miningplan\煤科投稿\最终图片\01_场景可视化导出\20260416_201037\06_全覆岩扰动\全覆岩综合图\01-ODI分布图.pdf
01_场景可视化导出\20260416_201037\06_全覆岩扰动\全覆岩综合图,01-ODI分布图.png,png,191985,D:\xiangmu\miningplan\output\scene_visual_exports\20260416_201037\06_full_overburden\full\01-ODI分布图.png,D:\xiangmu\miningplan\煤科投稿\最终图片\01_场景可视化导出\20260416_201037\06_全覆岩扰动\全覆岩综合图\01-ODI分布图.png
01_场景可视化导出\20260416_201037\06_全覆岩扰动\全覆岩综合图,01-ODI分布图.svg,svg,223493,D:\xiangmu\miningplan\output\scene_visual_exports\20260416_201037\06_full_overburden\full\01-ODI分布图.svg,D:\xiangmu\miningplan\煤科投稿\最终图片\01_场景可视化导出\20260416_201037\06_全覆岩扰动\全覆岩综合图\01-ODI分布图.svg
01_场景可视化导出\20260416_201037\06_全覆岩扰动\全覆岩综合图,02-地质参数云图.pdf,pdf,161337,D:\xiangmu\miningplan\output\scene_visual_exports\20260416_201037\06_full_overburden\full\02-地质参数云图.pdf,D:\xiangmu\miningplan\煤科投稿\最终图片\01_场景可视化导出\20260416_201037\06_全覆岩扰动\全覆岩综合图\02-地质参数云图.pdf
01_场景可视化导出\20260416_201037\06_全覆岩扰动\全覆岩综合图,02-地质参数云图.png,png,409980,D:\xiangmu\miningplan\output\scene_visual_exports\20260416_201037\06_full_overburden\full\02-地质参数云图.png,D:\xiangmu\miningplan\煤科投稿\最终图片\01_场景可视化导出\20260416_201037\06_全覆岩扰动\全覆岩综合图\02-地质参数云图.png
01_场景可视化导出\20260416_201037\06_全覆岩扰动\全覆岩综合图,02-地质参数云图.svg,svg,736869,D:\xiangmu\miningplan\output\scene_visual_exports\20260416_201037\06_full_overburden\full\02-地质参数云图.svg,D:\xiangmu\miningplan\煤科投稿\最终图片\01_场景可视化导出\20260416_201037\06_全覆岩扰动\全覆岩综合图\02-地质参数云图.svg
01_场景可视化导出\20260416_201037\06_全覆岩扰动\全覆岩综合图,03-空间分布图.pdf,pdf,18124,D:\xiangmu\miningplan\output\scene_visual_exports\20260416_201037\06_full_overburden\full\03-空间分布图.pdf,D:\xiangmu\miningplan\煤科投稿\最终图片\01_场景可视化导出\20260416_201037\06_全覆岩扰动\全覆岩综合图\03-空间分布图.pdf
01_场景可视化导出\20260416_201037\06_全覆岩扰动\全覆岩综合图,03-空间分布图.png,png,68859,D:\xiangmu\miningplan\output\scene_visual_exports\20260416_201037\06_full_overburden\full\03-空间分布图.png,D:\xiangmu\miningplan\煤科投稿\最终图片\01_场景可视化导出\20260416_201037\06_全覆岩扰动\全覆岩综合图\03-空间分布图.png
01_场景可视化导出\20260416_201037\06_全覆岩扰动\全覆岩综合图,03-空间分布图.svg,svg,37880,D:\xiangmu\miningplan\output\scene_visual_exports\20260416_201037\06_full_overburden\full\03-空间分布图.svg,D:\xiangmu\miningplan\煤科投稿\最终图片\01_场景可视化导出\20260416_201037\06_全覆岩扰动\全覆岩综合图\03-空间分布图.svg
01_场景可视化导出\20260416_201037\06_全覆岩扰动\全覆岩综合图,04-ODI频率分布.pdf,pdf,18017,D:\xiangmu\miningplan\output\scene_visual_exports\20260416_201037\06_full_overburden\full\04-ODI频率分布.pdf,D:\xiangmu\miningplan\煤科投稿\最终图片\01_场景可视化导出\20260416_201037\06_全覆岩扰动\全覆岩综合图\04-ODI频率分布.pdf
01_场景可视化导出\20260416_201037\06_全覆岩扰动\全覆岩综合图,04-ODI频率分布.png,png,53999,D:\xiangmu\miningplan\output\scene_visual_exports\20260416_201037\06_full_overburden\full\04-ODI频率分布.png,D:\xiangmu\miningplan\煤科投稿\最终图片\01_场景可视化导出\20260416_201037\06_全覆岩扰动\全覆岩综合图\04-ODI频率分布.png
01_场景可视化导出\20260416_201037\06_全覆岩扰动\全覆岩综合图,04-ODI频率分布.svg,svg,36517,D:\xiangmu\miningplan\output\scene_visual_exports\20260416_201037\06_full_overburden\full\04-ODI频率分布.svg,D:\xiangmu\miningplan\煤科投稿\最终图片\01_场景可视化导出\20260416_201037\06_全覆岩扰动\全覆岩综合图\04-ODI频率分布.svg
01_场景可视化导出\20260416_201037\06_全覆岩扰动\全覆岩综合图,05-ODI分级占比.pdf,pdf,12499,D:\xiangmu\miningplan\output\scene_visual_exports\20260416_201037\06_full_overburden\full\05-ODI分级占比.pdf,D:\xiangmu\miningplan\煤科投稿\最终图片\01_场景可视化导出\20260416_201037\06_全覆岩扰动\全覆岩综合图\05-ODI分级占比.pdf
01_场景可视化导出\20260416_201037\06_全覆岩扰动\全覆岩综合图,05-ODI分级占比.png,png,65539,D:\xiangmu\miningplan\output\scene_visual_exports\20260416_201037\06_full_overburden\full\05-ODI分级占比.png,D:\xiangmu\miningplan\煤科投稿\最终图片\01_场景可视化导出\20260416_201037\06_全覆岩扰动\全覆岩综合图\05-ODI分级占比.png
01_场景可视化导出\20260416_201037\06_全覆岩扰动\全覆岩综合图,05-ODI分级占比.svg,svg,17728,D:\xiangmu\miningplan\output\scene_visual_exports\20260416_201037\06_full_overburden\full\05-ODI分级占比.svg,D:\xiangmu\miningplan\煤科投稿\最终图片\01_场景可视化导出\20260416_201037\06_全覆岩扰动\全覆岩综合图\05-ODI分级占比.svg
01_场景可视化导出\20260416_201037\06_全覆岩扰动\全覆岩综合图,06-权重雷达图.pdf,pdf,17252,D:\xiangmu\miningplan\output\scene_visual_exports\20260416_201037\06_full_overburden\full\06-权重雷达图.pdf,D:\xiangmu\miningplan\煤科投稿\最终图片\01_场景可视化导出\20260416_201037\06_全覆岩扰动\全覆岩综合图\06-权重雷达图.pdf
01_场景可视化导出\20260416_201037\06_全覆岩扰动\全覆岩综合图,06-权重雷达图.png,png,168004,D:\xiangmu\miningplan\output\scene_visual_exports\20260416_201037\06_full_overburden\full\06-权重雷达图.png,D:\xiangmu\miningplan\煤科投稿\最终图片\01_场景可视化导出\20260416_201037\06_全覆岩扰动\全覆岩综合图\06-权重雷达图.png
01_场景可视化导出\20260416_201037\06_全覆岩扰动\全覆岩综合图,06-权重雷达图.svg,svg,34186,D:\xiangmu\miningplan\output\scene_visual_exports\20260416_201037\06_full_overburden\full\06-权重雷达图.svg,D:\xiangmu\miningplan\煤科投稿\最终图片\01_场景可视化导出\20260416_201037\06_全覆岩扰动\全覆岩综合图\06-权重雷达图.svg
02_批量PNG图,00_地表下沉_图01_ODI热力图.png,png,64267,D:\xiangmu\miningplan\data\output\all_png\00_surface_fig01_odi_heatmap.png,D:\xiangmu\miningplan\煤科投稿\最终图片\02_批量PNG图\00_地表下沉_图01_ODI热力图.png
02_批量PNG图,00_地表下沉_图02_地质参数云图.png,png,155298,D:\xiangmu\miningplan\data\output\all_png\00_surface_fig02_geology_cloud.png,D:\xiangmu\miningplan\煤科投稿\最终图片\02_批量PNG图\00_地表下沉_图02_地质参数云图.png
02_批量PNG图,00_地表下沉_图03_空间分布图.png,png,95766,D:\xiangmu\miningplan\data\output\all_png\00_surface_fig03_spatial_map.png,D:\xiangmu\miningplan\煤科投稿\最终图片\02_批量PNG图\00_地表下沉_图03_空间分布图.png
02_批量PNG图,00_地表下沉_图04_ODI直方图.png,png,39743,D:\xiangmu\miningplan\data\output\all_png\00_surface_fig04_odi_histogram.png,D:\xiangmu\miningplan\煤科投稿\最终图片\02_批量PNG图\00_地表下沉_图04_ODI直方图.png
02_批量PNG图,00_地表下沉_图05_ODI分级饼图.png,png,65704,D:\xiangmu\miningplan\data\output\all_png\00_surface_fig05_odi_level_pie.png,D:\xiangmu\miningplan\煤科投稿\最终图片\02_批量PNG图\00_地表下沉_图05_ODI分级饼图.png
02_批量PNG图,00_地表下沉_图06_参数散点矩阵.png,png,190226,D:\xiangmu\miningplan\data\output\all_png\00_surface_fig06_param_scatter.png,D:\xiangmu\miningplan\煤科投稿\最终图片\02_批量PNG图\00_地表下沉_图06_参数散点矩阵.png
02_批量PNG图,00_地表下沉_图07a_误差趋势线图1.png,png,114404,D:\xiangmu\miningplan\data\output\all_png\00_surface_fig07a_error_trend_line1.png,D:\xiangmu\miningplan\煤科投稿\最终图片\02_批量PNG图\00_地表下沉_图07a_误差趋势线图1.png
02_批量PNG图,00_地表下沉_图07b_误差趋势线图2.png,png,111771,D:\xiangmu\miningplan\data\output\all_png\00_surface_fig07b_error_trend_line2.png,D:\xiangmu\miningplan\煤科投稿\最终图片\02_批量PNG图\00_地表下沉_图07b_误差趋势线图2.png
02_批量PNG图,00_地表下沉_图07c_误差趋势线图3.png,png,104695,D:\xiangmu\miningplan\data\output\all_png\00_surface_fig07c_error_trend_line3.png,D:\xiangmu\miningplan\煤科投稿\最终图片\02_批量PNG图\00_地表下沉_图07c_误差趋势线图3.png
02_批量PNG图,00_地表下沉_图08_权重雷达图.png,png,119056,D:\xiangmu\miningplan\data\output\all_png\00_surface_fig08_weight_radar.png,D:\xiangmu\miningplan\煤科投稿\最终图片\02_批量PNG图\00_地表下沉_图08_权重雷达图.png
02_批量PNG图,01_含水层扰动预评价_图01_ODI热力图.png,png,100136,D:\xiangmu\miningplan\data\output\all_png\01_aquifer_fig01_odi_heatmap.png,D:\xiangmu\miningplan\煤科投稿\最终图片\02_批量PNG图\01_含水层扰动预评价_图01_ODI热力图.png
02_批量PNG图,01_含水层扰动预评价_图02_地质参数云图.png,png,196170,D:\xiangmu\miningplan\data\output\all_png\01_aquifer_fig02_geology_cloud.png,D:\xiangmu\miningplan\煤科投稿\最终图片\02_批量PNG图\01_含水层扰动预评价_图02_地质参数云图.png
02_批量PNG图,01_含水层扰动预评价_图03_空间分布图.png,png,59322,D:\xiangmu\miningplan\data\output\all_png\01_aquifer_fig03_spatial_map.png,D:\xiangmu\miningplan\煤科投稿\最终图片\02_批量PNG图\01_含水层扰动预评价_图03_空间分布图.png
02_批量PNG图,01_含水层扰动预评价_图04_ODI直方图.png,png,42860,D:\xiangmu\miningplan\data\output\all_png\01_aquifer_fig04_odi_histogram.png,D:\xiangmu\miningplan\煤科投稿\最终图片\02_批量PNG图\01_含水层扰动预评价_图04_ODI直方图.png
02_批量PNG图,01_含水层扰动预评价_图05_ODI分级饼图.png,png,72760,D:\xiangmu\miningplan\data\output\all_png\01_aquifer_fig05_odi_level_pie.png,D:\xiangmu\miningplan\煤科投稿\最终图片\02_批量PNG图\01_含水层扰动预评价_图05_ODI分级饼图.png
02_批量PNG图,01_含水层扰动预评价_图06_参数散点矩阵.png,png,114365,D:\xiangmu\miningplan\data\output\all_png\01_aquifer_fig06_param_scatter.png,D:\xiangmu\miningplan\煤科投稿\最终图片\02_批量PNG图\01_含水层扰动预评价_图06_参数散点矩阵.png
02_批量PNG图,01_含水层扰动预评价_图07_权重雷达图.png,png,130537,D:\xiangmu\miningplan\data\output\all_png\01_aquifer_fig07_weight_radar.png,D:\xiangmu\miningplan\煤科投稿\最终图片\02_批量PNG图\01_含水层扰动预评价_图07_权重雷达图.png
02_批量PNG图,02_含水层扰动评价_图01_ODI热力图.png,png,128156,D:\xiangmu\miningplan\data\output\all_png\02_aquifer_fig01_odi_heatmap.png,D:\xiangmu\miningplan\煤科投稿\最终图片\02_批量PNG图\02_含水层扰动评价_图01_ODI热力图.png
02_批量PNG图,02_含水层扰动评价_图02_地质参数云图.png,png,240359,D:\xiangmu\miningplan\data\output\all_png\02_aquifer_fig02_geology_cloud.png,D:\xiangmu\miningplan\煤科投稿\最终图片\02_批量PNG图\02_含水层扰动评价_图02_地质参数云图.png
02_批量PNG图,02_含水层扰动评价_图03_空间分布图.png,png,150155,D:\xiangmu\miningplan\data\output\all_png\02_aquifer_fig03_spatial_map.png,D:\xiangmu\miningplan\煤科投稿\最终图片\02_批量PNG图\02_含水层扰动评价_图03_空间分布图.png
02_批量PNG图,02_含水层扰动评价_图04_ODI直方图.png,png,40646,D:\xiangmu\miningplan\data\output\all_png\02_aquifer_fig04_odi_histogram.png,D:\xiangmu\miningplan\煤科投稿\最终图片\02_批量PNG图\02_含水层扰动评价_图04_ODI直方图.png
02_批量PNG图,02_含水层扰动评价_图05_ODI分级饼图.png,png,76321,D:\xiangmu\miningplan\data\output\all_png\02_aquifer_fig05_odi_level_pie.png,D:\xiangmu\miningplan\煤科投稿\最终图片\02_批量PNG图\02_含水层扰动评价_图05_ODI分级饼图.png
02_批量PNG图,02_含水层扰动评价_图06_参数散点矩阵.png,png,242446,D:\xiangmu\miningplan\data\output\all_png\02_aquifer_fig06_param_scatter.png,D:\xiangmu\miningplan\煤科投稿\最终图片\02_批量PNG图\02_含水层扰动评价_图06_参数散点矩阵.png
02_批量PNG图,02_含水层扰动评价_图07_权重雷达图.png,png,130185,D:\xiangmu\miningplan\data\output\all_png\02_aquifer_fig07_weight_radar.png,D:\xiangmu\miningplan\煤科投稿\最终图片\02_批量PNG图\02_含水层扰动评价_图07_权重雷达图.png
02_批量PNG图,03_采区规划案例_图01_ODI热力图.png,png,126784,D:\xiangmu\miningplan\data\output\all_png\03_aquifer_fig01_odi_heatmap.png,D:\xiangmu\miningplan\煤科投稿\最终图片\02_批量PNG图\03_采区规划案例_图01_ODI热力图.png
02_批量PNG图,03_采区规划案例_图02_地质参数云图.png,png,197053,D:\xiangmu\miningplan\data\output\all_png\03_aquifer_fig02_geology_cloud.png,D:\xiangmu\miningplan\煤科投稿\最终图片\02_批量PNG图\03_采区规划案例_图02_地质参数云图.png
02_批量PNG图,03_采区规划案例_图03_空间分布图.png,png,109877,D:\xiangmu\miningplan\data\output\all_png\03_aquifer_fig03_spatial_map.png,D:\xiangmu\miningplan\煤科投稿\最终图片\02_批量PNG图\03_采区规划案例_图03_空间分布图.png
02_批量PNG图,03_采区规划案例_图04_ODI直方图.png,png,43142,D:\xiangmu\miningplan\data\output\all_png\03_aquifer_fig04_odi_histogram.png,D:\xiangmu\miningplan\煤科投稿\最终图片\02_批量PNG图\03_采区规划案例_图04_ODI直方图.png
02_批量PNG图,03_采区规划案例_图05_ODI分级饼图.png,png,73117,D:\xiangmu\miningplan\data\output\all_png\03_aquifer_fig05_odi_level_pie.png,D:\xiangmu\miningplan\煤科投稿\最终图片\02_批量PNG图\03_采区规划案例_图05_ODI分级饼图.png
02_批量PNG图,03_采区规划案例_图06_参数散点矩阵.png,png,115381,D:\xiangmu\miningplan\data\output\all_png\03_aquifer_fig06_param_scatter.png,D:\xiangmu\miningplan\煤科投稿\最终图片\02_批量PNG图\03_采区规划案例_图06_参数散点矩阵.png
02_批量PNG图,03_采区规划案例_图07_权重雷达图.png,png,130327,D:\xiangmu\miningplan\data\output\all_png\03_aquifer_fig07_weight_radar.png,D:\xiangmu\miningplan\煤科投稿\最终图片\02_批量PNG图\03_采区规划案例_图07_权重雷达图.png
02_批量PNG图,04_协同调控_突水点_图01_ODI热力图.png,png,134238,D:\xiangmu\miningplan\data\output\all_png\04_aquifer_fig01_odi_heatmap.png,D:\xiangmu\miningplan\煤科投稿\最终图片\02_批量PNG图\04_协同调控_突水点_图01_ODI热力图.png
02_批量PNG图,04_协同调控_突水点_图02_地质参数云图.png,png,194511,D:\xiangmu\miningplan\data\output\all_png\04_aquifer_fig02_geology_cloud.png,D:\xiangmu\miningplan\煤科投稿\最终图片\02_批量PNG图\04_协同调控_突水点_图02_地质参数云图.png
02_批量PNG图,04_协同调控_突水点_图03_空间分布图.png,png,182719,D:\xiangmu\miningplan\data\output\all_png\04_aquifer_fig03_spatial_map.png,D:\xiangmu\miningplan\煤科投稿\最终图片\02_批量PNG图\04_协同调控_突水点_图03_空间分布图.png
02_批量PNG图,04_协同调控_突水点_图04_ODI直方图.png,png,41198,D:\xiangmu\miningplan\data\output\all_png\04_aquifer_fig04_odi_histogram.png,D:\xiangmu\miningplan\煤科投稿\最终图片\02_批量PNG图\04_协同调控_突水点_图04_ODI直方图.png
02_批量PNG图,04_协同调控_突水点_图05_ODI分级饼图.png,png,67355,D:\xiangmu\miningplan\data\output\all_png\04_aquifer_fig05_odi_level_pie.png,D:\xiangmu\miningplan\煤科投稿\最终图片\02_批量PNG图\04_协同调控_突水点_图05_ODI分级饼图.png
02_批量PNG图,04_协同调控_突水点_图06_参数散点矩阵.png,png,118689,D:\xiangmu\miningplan\data\output\all_png\04_aquifer_fig06_param_scatter.png,D:\xiangmu\miningplan\煤科投稿\最终图片\02_批量PNG图\04_协同调控_突水点_图06_参数散点矩阵.png
02_批量PNG图,05_采掘接续_图01_ODI热力图.png,png,139090,D:\xiangmu\miningplan\data\output\all_png\05_aquifer_fig01_odi_heatmap.png,D:\xiangmu\miningplan\煤科投稿\最终图片\02_批量PNG图\05_采掘接续_图01_ODI热力图.png
02_批量PNG图,05_采掘接续_图02_地质参数云图.png,png,303931,D:\xiangmu\miningplan\data\output\all_png\05_aquifer_fig02_geology_cloud.png,D:\xiangmu\miningplan\煤科投稿\最终图片\02_批量PNG图\05_采掘接续_图02_地质参数云图.png
02_批量PNG图,05_采掘接续_图03_空间分布图.png,png,308135,D:\xiangmu\miningplan\data\output\all_png\05_aquifer_fig03_spatial_map.png,D:\xiangmu\miningplan\煤科投稿\最终图片\02_批量PNG图\05_采掘接续_图03_空间分布图.png
02_批量PNG图,05_采掘接续_图04_ODI直方图.png,png,45592,D:\xiangmu\miningplan\data\output\all_png\05_aquifer_fig04_odi_histogram.png,D:\xiangmu\miningplan\煤科投稿\最终图片\02_批量PNG图\05_采掘接续_图04_ODI直方图.png
02_批量PNG图,05_采掘接续_图05_ODI分级饼图.png,png,75604,D:\xiangmu\miningplan\data\output\all_png\05_aquifer_fig05_odi_level_pie.png,D:\xiangmu\miningplan\煤科投稿\最终图片\02_批量PNG图\05_采掘接续_图05_ODI分级饼图.png
02_批量PNG图,05_采掘接续_图06_参数散点矩阵.png,png,464277,D:\xiangmu\miningplan\data\output\all_png\05_aquifer_fig06_param_scatter.png,D:\xiangmu\miningplan\煤科投稿\最终图片\02_批量PNG图\05_采掘接续_图06_参数散点矩阵.png
02_批量PNG图,05_采掘接续_图07_权重雷达图.png,png,129250,D:\xiangmu\miningplan\data\output\all_png\05_aquifer_fig07_weight_radar.png,D:\xiangmu\miningplan\煤科投稿\最终图片\02_批量PNG图\05_采掘接续_图07_权重雷达图.png
02_批量PNG图,06_全覆岩扰动_图01_ODI热力图.png,png,71822,D:\xiangmu\miningplan\data\output\all_png\06_full_fig01_odi_heatmap.png,D:\xiangmu\miningplan\煤科投稿\最终图片\02_批量PNG图\06_全覆岩扰动_图01_ODI热力图.png
02_批量PNG图,06_全覆岩扰动_图02_地质参数云图.png,png,161952,D:\xiangmu\miningplan\data\output\all_png\06_full_fig02_geology_cloud.png,D:\xiangmu\miningplan\煤科投稿\最终图片\02_批量PNG图\06_全覆岩扰动_图02_地质参数云图.png
02_批量PNG图,06_全覆岩扰动_图03_空间分布图.png,png,50179,D:\xiangmu\miningplan\data\output\all_png\06_full_fig03_spatial_map.png,D:\xiangmu\miningplan\煤科投稿\最终图片\02_批量PNG图\06_全覆岩扰动_图03_空间分布图.png
02_批量PNG图,06_全覆岩扰动_图04_ODI直方图.png,png,43815,D:\xiangmu\miningplan\data\output\all_png\06_full_fig04_odi_histogram.png,D:\xiangmu\miningplan\煤科投稿\最终图片\02_批量PNG图\06_全覆岩扰动_图04_ODI直方图.png
02_批量PNG图,06_全覆岩扰动_图05_ODI分级饼图.png,png,68168,D:\xiangmu\miningplan\data\output\all_png\06_full_fig05_odi_level_pie.png,D:\xiangmu\miningplan\煤科投稿\最终图片\02_批量PNG图\06_全覆岩扰动_图05_ODI分级饼图.png
02_批量PNG图,06_全覆岩扰动_图06_参数散点矩阵.png,png,106416,D:\xiangmu\miningplan\data\output\all_png\06_full_fig06_param_scatter.png,D:\xiangmu\miningplan\煤科投稿\最终图片\02_批量PNG图\06_全覆岩扰动_图06_参数散点矩阵.png
02_批量PNG图,06_全覆岩扰动_图07_权重雷达图.png,png,122812,D:\xiangmu\miningplan\data\output\all_png\06_full_fig07_weight_radar.png,D:\xiangmu\miningplan\煤科投稿\最终图片\02_批量PNG图\06_全覆岩扰动_图07_权重雷达图.png
03_TIF高分辨率图,00_地表下沉_图01_ODI热力图.tif,tif,202142,D:\xiangmu\miningplan\data\output\tif_figures\00_surface_fig01_odi_heatmap.tif,D:\xiangmu\miningplan\煤科投稿\最终图片\03_TIF高分辨率图\00_地表下沉_图01_ODI热力图.tif
03_TIF高分辨率图,00_地表下沉_图02_地质参数云图.tif,tif,1609084,D:\xiangmu\miningplan\data\output\tif_figures\00_surface_fig02_geology_cloud.tif,D:\xiangmu\miningplan\煤科投稿\最终图片\03_TIF高分辨率图\00_地表下沉_图02_地质参数云图.tif
03_TIF高分辨率图,00_地表下沉_图03_空间分布图.tif,tif,153006,D:\xiangmu\miningplan\data\output\tif_figures\00_surface_fig03_spatial_map.tif,D:\xiangmu\miningplan\煤科投稿\最终图片\03_TIF高分辨率图\00_地表下沉_图03_空间分布图.tif
03_TIF高分辨率图,00_地表下沉_图04_ODI直方图.tif,tif,82356,D:\xiangmu\miningplan\data\output\tif_figures\00_surface_fig04_odi_histogram.tif,D:\xiangmu\miningplan\煤科投稿\最终图片\03_TIF高分辨率图\00_地表下沉_图04_ODI直方图.tif
03_TIF高分辨率图,00_地表下沉_图05_ODI分级饼图.tif,tif,107150,D:\xiangmu\miningplan\data\output\tif_figures\00_surface_fig05_odi_level_pie.tif,D:\xiangmu\miningplan\煤科投稿\最终图片\03_TIF高分辨率图\00_地表下沉_图05_ODI分级饼图.tif
03_TIF高分辨率图,00_地表下沉_图06_参数散点矩阵.tif,tif,312056,D:\xiangmu\miningplan\data\output\tif_figures\00_surface_fig06_param_scatter.tif,D:\xiangmu\miningplan\煤科投稿\最终图片\03_TIF高分辨率图\00_地表下沉_图06_参数散点矩阵.tif
03_TIF高分辨率图,00_地表下沉_图07a_误差趋势线图1.tif,tif,165838,D:\xiangmu\miningplan\data\output\tif_figures\00_surface_fig07a_error_trend_line1.tif,D:\xiangmu\miningplan\煤科投稿\最终图片\03_TIF高分辨率图\00_地表下沉_图07a_误差趋势线图1.tif
03_TIF高分辨率图,00_地表下沉_图07b_误差趋势线图2.tif,tif,161546,D:\xiangmu\miningplan\data\output\tif_figures\00_surface_fig07b_error_trend_line2.tif,D:\xiangmu\miningplan\煤科投稿\最终图片\03_TIF高分辨率图\00_地表下沉_图07b_误差趋势线图2.tif
03_TIF高分辨率图,00_地表下沉_图07c_误差趋势线图3.tif,tif,176416,D:\xiangmu\miningplan\data\output\tif_figures\00_surface_fig07c_error_trend_line3.tif,D:\xiangmu\miningplan\煤科投稿\最终图片\03_TIF高分辨率图\00_地表下沉_图07c_误差趋势线图3.tif
03_TIF高分辨率图,00_地表下沉_图08_权重雷达图.tif,tif,122722,D:\xiangmu\miningplan\data\output\tif_figures\00_surface_fig08_weight_radar.tif,D:\xiangmu\miningplan\煤科投稿\最终图片\03_TIF高分辨率图\00_地表下沉_图08_权重雷达图.tif
03_TIF高分辨率图,01_含水层扰动预评价_图01_ODI热力图.tif,tif,262134,D:\xiangmu\miningplan\data\output\tif_figures\01_aquifer_fig01_odi_heatmap.tif,D:\xiangmu\miningplan\煤科投稿\最终图片\03_TIF高分辨率图\01_含水层扰动预评价_图01_ODI热力图.tif
03_TIF高分辨率图,01_含水层扰动预评价_图02_地质参数云图.tif,tif,1647360,D:\xiangmu\miningplan\data\output\tif_figures\01_aquifer_fig02_geology_cloud.tif,D:\xiangmu\miningplan\煤科投稿\最终图片\03_TIF高分辨率图\01_含水层扰动预评价_图02_地质参数云图.tif
03_TIF高分辨率图,01_含水层扰动预评价_图03_空间分布图.tif,tif,115634,D:\xiangmu\miningplan\data\output\tif_figures\01_aquifer_fig03_spatial_map.tif,D:\xiangmu\miningplan\煤科投稿\最终图片\03_TIF高分辨率图\01_含水层扰动预评价_图03_空间分布图.tif
03_TIF高分辨率图,01_含水层扰动预评价_图04_ODI直方图.tif,tif,99168,D:\xiangmu\miningplan\data\output\tif_figures\01_aquifer_fig04_odi_histogram.tif,D:\xiangmu\miningplan\煤科投稿\最终图片\03_TIF高分辨率图\01_含水层扰动预评价_图04_ODI直方图.tif
03_TIF高分辨率图,01_含水层扰动预评价_图05_ODI分级饼图.tif,tif,117736,D:\xiangmu\miningplan\data\output\tif_figures\01_aquifer_fig05_odi_level_pie.tif,D:\xiangmu\miningplan\煤科投稿\最终图片\03_TIF高分辨率图\01_含水层扰动预评价_图05_ODI分级饼图.tif
03_TIF高分辨率图,01_含水层扰动预评价_图06_参数散点矩阵.tif,tif,276252,D:\xiangmu\miningplan\data\output\tif_figures\01_aquifer_fig06_param_scatter.tif,D:\xiangmu\miningplan\煤科投稿\最终图片\03_TIF高分辨率图\01_含水层扰动预评价_图06_参数散点矩阵.tif
03_TIF高分辨率图,01_含水层扰动预评价_图07_权重雷达图.tif,tif,133080,D:\xiangmu\miningplan\data\output\tif_figures\01_aquifer_fig07_weight_radar.tif,D:\xiangmu\miningplan\煤科投稿\最终图片\03_TIF高分辨率图\01_含水层扰动预评价_图07_权重雷达图.tif
03_TIF高分辨率图,02_含水层扰动评价_图01_ODI热力图.tif,tif,298640,D:\xiangmu\miningplan\data\output\tif_figures\02_aquifer_fig01_odi_heatmap.tif,D:\xiangmu\miningplan\煤科投稿\最终图片\03_TIF高分辨率图\02_含水层扰动评价_图01_ODI热力图.tif
03_TIF高分辨率图,02_含水层扰动评价_图02_地质参数云图.tif,tif,1760374,D:\xiangmu\miningplan\data\output\tif_figures\02_aquifer_fig02_geology_cloud.tif,D:\xiangmu\miningplan\煤科投稿\最终图片\03_TIF高分辨率图\02_含水层扰动评价_图02_地质参数云图.tif
03_TIF高分辨率图,02_含水层扰动评价_图03_空间分布图.tif,tif,274350,D:\xiangmu\miningplan\data\output\tif_figures\02_aquifer_fig03_spatial_map.tif,D:\xiangmu\miningplan\煤科投稿\最终图片\03_TIF高分辨率图\02_含水层扰动评价_图03_空间分布图.tif
03_TIF高分辨率图,02_含水层扰动评价_图04_ODI直方图.tif,tif,92552,D:\xiangmu\miningplan\data\output\tif_figures\02_aquifer_fig04_odi_histogram.tif,D:\xiangmu\miningplan\煤科投稿\最终图片\03_TIF高分辨率图\02_含水层扰动评价_图04_ODI直方图.tif
03_TIF高分辨率图,02_含水层扰动评价_图05_ODI分级饼图.tif,tif,122622,D:\xiangmu\miningplan\data\output\tif_figures\02_aquifer_fig05_odi_level_pie.tif,D:\xiangmu\miningplan\煤科投稿\最终图片\03_TIF高分辨率图\02_含水层扰动评价_图05_ODI分级饼图.tif
03_TIF高分辨率图,02_含水层扰动评价_图06_参数散点矩阵.tif,tif,382640,D:\xiangmu\miningplan\data\output\tif_figures\02_aquifer_fig06_param_scatter.tif,D:\xiangmu\miningplan\煤科投稿\最终图片\03_TIF高分辨率图\02_含水层扰动评价_图06_参数散点矩阵.tif
03_TIF高分辨率图,02_含水层扰动评价_图07_权重雷达图.tif,tif,135856,D:\xiangmu\miningplan\data\output\tif_figures\02_aquifer_fig07_weight_radar.tif,D:\xiangmu\miningplan\煤科投稿\最终图片\03_TIF高分辨率图\02_含水层扰动评价_图07_权重雷达图.tif
03_TIF高分辨率图,03_采区规划案例_图01_ODI热力图.tif,tif,296008,D:\xiangmu\miningplan\data\output\tif_figures\03_aquifer_fig01_odi_heatmap.tif,D:\xiangmu\miningplan\煤科投稿\最终图片\03_TIF高分辨率图\03_采区规划案例_图01_ODI热力图.tif
03_TIF高分辨率图,03_采区规划案例_图02_地质参数云图.tif,tif,1647550,D:\xiangmu\miningplan\data\output\tif_figures\03_aquifer_fig02_geology_cloud.tif,D:\xiangmu\miningplan\煤科投稿\最终图片\03_TIF高分辨率图\03_采区规划案例_图02_地质参数云图.tif
03_TIF高分辨率图,03_采区规划案例_图03_空间分布图.tif,tif,209110,D:\xiangmu\miningplan\data\output\tif_figures\03_aquifer_fig03_spatial_map.tif,D:\xiangmu\miningplan\煤科投稿\最终图片\03_TIF高分辨率图\03_采区规划案例_图03_空间分布图.tif
03_TIF高分辨率图,03_采区规划案例_图04_ODI直方图.tif,tif,99316,D:\xiangmu\miningplan\data\output\tif_figures\03_aquifer_fig04_odi_histogram.tif,D:\xiangmu\miningplan\煤科投稿\最终图片\03_TIF高分辨率图\03_采区规划案例_图04_ODI直方图.tif
03_TIF高分辨率图,03_采区规划案例_图05_ODI分级饼图.tif,tif,117104,D:\xiangmu\miningplan\data\output\tif_figures\03_aquifer_fig05_odi_level_pie.tif,D:\xiangmu\miningplan\煤科投稿\最终图片\03_TIF高分辨率图\03_采区规划案例_图05_ODI分级饼图.tif
03_TIF高分辨率图,03_采区规划案例_图06_参数散点矩阵.tif,tif,276624,D:\xiangmu\miningplan\data\output\tif_figures\03_aquifer_fig06_param_scatter.tif,D:\xiangmu\miningplan\煤科投稿\最终图片\03_TIF高分辨率图\03_采区规划案例_图06_参数散点矩阵.tif
03_TIF高分辨率图,03_采区规划案例_图07_权重雷达图.tif,tif,132550,D:\xiangmu\miningplan\data\output\tif_figures\03_aquifer_fig07_weight_radar.tif,D:\xiangmu\miningplan\煤科投稿\最终图片\03_TIF高分辨率图\03_采区规划案例_图07_权重雷达图.tif
03_TIF高分辨率图,04_协同调控_突水点_图01_ODI热力图.tif,tif,303122,D:\xiangmu\miningplan\data\output\tif_figures\04_aquifer_fig01_odi_heatmap.tif,D:\xiangmu\miningplan\煤科投稿\最终图片\03_TIF高分辨率图\04_协同调控_突水点_图01_ODI热力图.tif
03_TIF高分辨率图,04_协同调控_突水点_图02_地质参数云图.tif,tif,1646874,D:\xiangmu\miningplan\data\output\tif_figures\04_aquifer_fig02_geology_cloud.tif,D:\xiangmu\miningplan\煤科投稿\最终图片\03_TIF高分辨率图\04_协同调控_突水点_图02_地质参数云图.tif
03_TIF高分辨率图,04_协同调控_突水点_图03_空间分布图.tif,tif,310930,D:\xiangmu\miningplan\data\output\tif_figures\04_aquifer_fig03_spatial_map.tif,D:\xiangmu\miningplan\煤科投稿\最终图片\03_TIF高分辨率图\04_协同调控_突水点_图03_空间分布图.tif
03_TIF高分辨率图,04_协同调控_突水点_图04_ODI直方图.tif,tif,85876,D:\xiangmu\miningplan\data\output\tif_figures\04_aquifer_fig04_odi_histogram.tif,D:\xiangmu\miningplan\煤科投稿\最终图片\03_TIF高分辨率图\04_协同调控_突水点_图04_ODI直方图.tif
03_TIF高分辨率图,04_协同调控_突水点_图05_ODI分级饼图.tif,tif,113414,D:\xiangmu\miningplan\data\output\tif_figures\04_aquifer_fig05_odi_level_pie.tif,D:\xiangmu\miningplan\煤科投稿\最终图片\03_TIF高分辨率图\04_协同调控_突水点_图05_ODI分级饼图.tif
03_TIF高分辨率图,04_协同调控_突水点_图06_参数散点矩阵.tif,tif,276048,D:\xiangmu\miningplan\data\output\tif_figures\04_aquifer_fig06_param_scatter.tif,D:\xiangmu\miningplan\煤科投稿\最终图片\03_TIF高分辨率图\04_协同调控_突水点_图06_参数散点矩阵.tif
03_TIF高分辨率图,05_采掘接续_图01_ODI热力图.tif,tif,311474,D:\xiangmu\miningplan\data\output\tif_figures\05_aquifer_fig01_odi_heatmap.tif,D:\xiangmu\miningplan\煤科投稿\最终图片\03_TIF高分辨率图\05_采掘接续_图01_ODI热力图.tif
03_TIF高分辨率图,05_采掘接续_图02_地质参数云图.tif,tif,1736444,D:\xiangmu\miningplan\data\output\tif_figures\05_aquifer_fig02_geology_cloud.tif,D:\xiangmu\miningplan\煤科投稿\最终图片\03_TIF高分辨率图\05_采掘接续_图02_地质参数云图.tif
03_TIF高分辨率图,05_采掘接续_图03_空间分布图.tif,tif,436660,D:\xiangmu\miningplan\data\output\tif_figures\05_aquifer_fig03_spatial_map.tif,D:\xiangmu\miningplan\煤科投稿\最终图片\03_TIF高分辨率图\05_采掘接续_图03_空间分布图.tif
03_TIF高分辨率图,05_采掘接续_图04_ODI直方图.tif,tif,89318,D:\xiangmu\miningplan\data\output\tif_figures\05_aquifer_fig04_odi_histogram.tif,D:\xiangmu\miningplan\煤科投稿\最终图片\03_TIF高分辨率图\05_采掘接续_图04_ODI直方图.tif
03_TIF高分辨率图,05_采掘接续_图05_ODI分级饼图.tif,tif,118802,D:\xiangmu\miningplan\data\output\tif_figures\05_aquifer_fig05_odi_level_pie.tif,D:\xiangmu\miningplan\煤科投稿\最终图片\03_TIF高分辨率图\05_采掘接续_图05_ODI分级饼图.tif
03_TIF高分辨率图,05_采掘接续_图06_参数散点矩阵.tif,tif,623850,D:\xiangmu\miningplan\data\output\tif_figures\05_aquifer_fig06_param_scatter.tif,D:\xiangmu\miningplan\煤科投稿\最终图片\03_TIF高分辨率图\05_采掘接续_图06_参数散点矩阵.tif
03_TIF高分辨率图,05_采掘接续_图07_权重雷达图.tif,tif,131054,D:\xiangmu\miningplan\data\output\tif_figures\05_aquifer_fig07_weight_radar.tif,D:\xiangmu\miningplan\煤科投稿\最终图片\03_TIF高分辨率图\05_采掘接续_图07_权重雷达图.tif
03_TIF高分辨率图,06_全覆岩扰动_图01_ODI热力图.tif,tif,196426,D:\xiangmu\miningplan\data\output\tif_figures\06_full_fig01_odi_heatmap.tif,D:\xiangmu\miningplan\煤科投稿\最终图片\03_TIF高分辨率图\06_全覆岩扰动_图01_ODI热力图.tif
03_TIF高分辨率图,06_全覆岩扰动_图02_地质参数云图.tif,tif,1064552,D:\xiangmu\miningplan\data\output\tif_figures\06_full_fig02_geology_cloud.tif,D:\xiangmu\miningplan\煤科投稿\最终图片\03_TIF高分辨率图\06_全覆岩扰动_图02_地质参数云图.tif
03_TIF高分辨率图,06_全覆岩扰动_图03_空间分布图.tif,tif,83814,D:\xiangmu\miningplan\data\output\tif_figures\06_full_fig03_spatial_map.tif,D:\xiangmu\miningplan\煤科投稿\最终图片\03_TIF高分辨率图\06_全覆岩扰动_图03_空间分布图.tif
03_TIF高分辨率图,06_全覆岩扰动_图04_ODI直方图.tif,tif,93754,D:\xiangmu\miningplan\data\output\tif_figures\06_full_fig04_odi_histogram.tif,D:\xiangmu\miningplan\煤科投稿\最终图片\03_TIF高分辨率图\06_全覆岩扰动_图04_ODI直方图.tif
03_TIF高分辨率图,06_全覆岩扰动_图05_ODI分级饼图.tif,tif,116636,D:\xiangmu\miningplan\data\output\tif_figures\06_full_fig05_odi_level_pie.tif,D:\xiangmu\miningplan\煤科投稿\最终图片\03_TIF高分辨率图\06_全覆岩扰动_图05_ODI分级饼图.tif
03_TIF高分辨率图,06_全覆岩扰动_图06_参数散点矩阵.tif,tif,257546,D:\xiangmu\miningplan\data\output\tif_figures\06_full_fig06_param_scatter.tif,D:\xiangmu\miningplan\煤科投稿\最终图片\03_TIF高分辨率图\06_全覆岩扰动_图06_参数散点矩阵.tif
03_TIF高分辨率图,06_全覆岩扰动_图07_权重雷达图.tif,tif,130572,D:\xiangmu\miningplan\data\output\tif_figures\06_full_fig07_weight_radar.tif,D:\xiangmu\miningplan\煤科投稿\最终图片\03_TIF高分辨率图\06_全覆岩扰动_图07_权重雷达图.tif
03_TIF高分辨率图,补充图S1_相关性热力图.tif,tif,339754,D:\xiangmu\miningplan\data\output\tif_figures\figS1_correlation_heatmap.tif,D:\xiangmu\miningplan\煤科投稿\最终图片\03_TIF高分辨率图\补充图S1_相关性热力图.tif
03_TIF高分辨率图,补充图S2_实测与预测对比图.tif,tif,202240,D:\xiangmu\miningplan\data\output\tif_figures\figS2_measured_vs_predicted.tif,D:\xiangmu\miningplan\煤科投稿\最终图片\03_TIF高分辨率图\补充图S2_实测与预测对比图.tif
03_TIF高分辨率图,补充图S3_跨案例对比图.tif,tif,299944,D:\xiangmu\miningplan\data\output\tif_figures\figS3_cross_case_comparison.tif,D:\xiangmu\miningplan\煤科投稿\最终图片\03_TIF高分辨率图\补充图S3_跨案例对比图.tif
03_TIF高分辨率图,补充图S4_敏感性分析图.tif,tif,186916,D:\xiangmu\miningplan\data\output\tif_figures\figS4_sensitivity_analysis.tif,D:\xiangmu\miningplan\煤科投稿\最终图片\03_TIF高分辨率图\补充图S4_敏感性分析图.tif
04_补充图,补充图S1_相关性热力图.pdf,pdf,34876,D:\xiangmu\miningplan\data\output\supplementary_figures\figS1_correlation_heatmap.pdf,D:\xiangmu\miningplan\煤科投稿\最终图片\04_补充图\补充图S1_相关性热力图.pdf
04_补充图,补充图S1_相关性热力图.png,png,90951,D:\xiangmu\miningplan\data\output\supplementary_figures\figS1_correlation_heatmap.png,D:\xiangmu\miningplan\煤科投稿\最终图片\04_补充图\补充图S1_相关性热力图.png
04_补充图,补充图S2_实测与预测对比图.pdf,pdf,39559,D:\xiangmu\miningplan\data\output\supplementary_figures\figS2_measured_vs_predicted.pdf,D:\xiangmu\miningplan\煤科投稿\最终图片\04_补充图\补充图S2_实测与预测对比图.pdf
04_补充图,补充图S2_实测与预测对比图.png,png,121210,D:\xiangmu\miningplan\data\output\supplementary_figures\figS2_measured_vs_predicted.png,D:\xiangmu\miningplan\煤科投稿\最终图片\04_补充图\补充图S2_实测与预测对比图.png
04_补充图,补充图S3_跨案例对比图.pdf,pdf,35296,D:\xiangmu\miningplan\data\output\supplementary_figures\figS3_cross_case_comparison.pdf,D:\xiangmu\miningplan\煤科投稿\最终图片\04_补充图\补充图S3_跨案例对比图.pdf
04_补充图,补充图S3_跨案例对比图.png,png,82060,D:\xiangmu\miningplan\data\output\supplementary_figures\figS3_cross_case_comparison.png,D:\xiangmu\miningplan\煤科投稿\最终图片\04_补充图\补充图S3_跨案例对比图.png
04_补充图,补充图S4_敏感性分析图.pdf,pdf,36645,D:\xiangmu\miningplan\data\output\supplementary_figures\figS4_sensitivity_analysis.pdf,D:\xiangmu\miningplan\煤科投稿\最终图片\04_补充图\补充图S4_敏感性分析图.pdf
04_补充图,补充图S4_敏感性分析图.png,png,73790,D:\xiangmu\miningplan\data\output\supplementary_figures\figS4_sensitivity_analysis.png,D:\xiangmu\miningplan\煤科投稿\最终图片\04_补充图\补充图S4_敏感性分析图.png
05_导出包场景图\0_地表下沉\地表下沉,ODI热力图.png,png,128194,D:\xiangmu\miningplan\data\export_package\0-地表下沉.miningplan\地表下沉\ODI热力图.png,D:\xiangmu\miningplan\煤科投稿\最终图片\05_导出包场景图\0_地表下沉\地表下沉\ODI热力图.png
05_导出包场景图\0_地表下沉\地表下沉,ODI直方图.png,png,31625,D:\xiangmu\miningplan\data\export_package\0-地表下沉.miningplan\地表下沉\ODI直方图.png,D:\xiangmu\miningplan\煤科投稿\最终图片\05_导出包场景图\0_地表下沉\地表下沉\ODI直方图.png
05_导出包场景图\0_地表下沉\地表下沉,ODI等级饼图.png,png,57207,D:\xiangmu\miningplan\data\export_package\0-地表下沉.miningplan\地表下沉\ODI等级饼图.png,D:\xiangmu\miningplan\煤科投稿\最终图片\05_导出包场景图\0_地表下沉\地表下沉\ODI等级饼图.png
05_导出包场景图\0_地表下沉\地表下沉,参数散点矩阵.png,png,144079,D:\xiangmu\miningplan\data\export_package\0-地表下沉.miningplan\地表下沉\参数散点矩阵.png,D:\xiangmu\miningplan\煤科投稿\最终图片\05_导出包场景图\0_地表下沉\地表下沉\参数散点矩阵.png
05_导出包场景图\0_地表下沉\地表下沉,实测vs预测.png,png,76072,D:\xiangmu\miningplan\data\export_package\0-地表下沉.miningplan\地表下沉\实测vs预测.png,D:\xiangmu\miningplan\煤科投稿\最终图片\05_导出包场景图\0_地表下沉\地表下沉\实测vs预测.png
05_导出包场景图\1_含水层扰动预评价\含水层扰动,ODI热力图.png,png,143924,D:\xiangmu\miningplan\data\export_package\1-含水层扰动预评价.miningplan\含水层扰动\ODI热力图.png,D:\xiangmu\miningplan\煤科投稿\最终图片\05_导出包场景图\1_含水层扰动预评价\含水层扰动\ODI热力图.png
05_导出包场景图\1_含水层扰动预评价\含水层扰动,ODI直方图.png,png,34231,D:\xiangmu\miningplan\data\export_package\1-含水层扰动预评价.miningplan\含水层扰动\ODI直方图.png,D:\xiangmu\miningplan\煤科投稿\最终图片\05_导出包场景图\1_含水层扰动预评价\含水层扰动\ODI直方图.png
05_导出包场景图\1_含水层扰动预评价\含水层扰动,ODI等级饼图.png,png,57211,D:\xiangmu\miningplan\data\export_package\1-含水层扰动预评价.miningplan\含水层扰动\ODI等级饼图.png,D:\xiangmu\miningplan\煤科投稿\最终图片\05_导出包场景图\1_含水层扰动预评价\含水层扰动\ODI等级饼图.png
05_导出包场景图\1_含水层扰动预评价\含水层扰动,参数散点矩阵.png,png,93833,D:\xiangmu\miningplan\data\export_package\1-含水层扰动预评价.miningplan\含水层扰动\参数散点矩阵.png,D:\xiangmu\miningplan\煤科投稿\最终图片\05_导出包场景图\1_含水层扰动预评价\含水层扰动\参数散点矩阵.png
05_导出包场景图\2_含水层扰动评价\含水层扰动,ODI热力图.png,png,205620,D:\xiangmu\miningplan\data\export_package\2-含水层扰动评价.miningplan\含水层扰动\ODI热力图.png,D:\xiangmu\miningplan\煤科投稿\最终图片\05_导出包场景图\2_含水层扰动评价\含水层扰动\ODI热力图.png
05_导出包场景图\2_含水层扰动评价\含水层扰动,ODI直方图.png,png,35674,D:\xiangmu\miningplan\data\export_package\2-含水层扰动评价.miningplan\含水层扰动\ODI直方图.png,D:\xiangmu\miningplan\煤科投稿\最终图片\05_导出包场景图\2_含水层扰动评价\含水层扰动\ODI直方图.png
05_导出包场景图\2_含水层扰动评价\含水层扰动,ODI等级饼图.png,png,56150,D:\xiangmu\miningplan\data\export_package\2-含水层扰动评价.miningplan\含水层扰动\ODI等级饼图.png,D:\xiangmu\miningplan\煤科投稿\最终图片\05_导出包场景图\2_含水层扰动评价\含水层扰动\ODI等级饼图.png
05_导出包场景图\2_含水层扰动评价\含水层扰动,参数散点矩阵.png,png,201538,D:\xiangmu\miningplan\data\export_package\2-含水层扰动评价.miningplan\含水层扰动\参数散点矩阵.png,D:\xiangmu\miningplan\煤科投稿\最终图片\05_导出包场景图\2_含水层扰动评价\含水层扰动\参数散点矩阵.png
05_导出包场景图\3_采区规划案例\含水层扰动,ODI热力图.png,png,182286,D:\xiangmu\miningplan\data\export_package\3-采区规划案例.miningplan\含水层扰动\ODI热力图.png,D:\xiangmu\miningplan\煤科投稿\最终图片\05_导出包场景图\3_采区规划案例\含水层扰动\ODI热力图.png
05_导出包场景图\3_采区规划案例\含水层扰动,ODI直方图.png,png,36455,D:\xiangmu\miningplan\data\export_package\3-采区规划案例.miningplan\含水层扰动\ODI直方图.png,D:\xiangmu\miningplan\煤科投稿\最终图片\05_导出包场景图\3_采区规划案例\含水层扰动\ODI直方图.png
05_导出包场景图\3_采区规划案例\含水层扰动,ODI等级饼图.png,png,59388,D:\xiangmu\miningplan\data\export_package\3-采区规划案例.miningplan\含水层扰动\ODI等级饼图.png,D:\xiangmu\miningplan\煤科投稿\最终图片\05_导出包场景图\3_采区规划案例\含水层扰动\ODI等级饼图.png
05_导出包场景图\3_采区规划案例\含水层扰动,参数散点矩阵.png,png,96540,D:\xiangmu\miningplan\data\export_package\3-采区规划案例.miningplan\含水层扰动\参数散点矩阵.png,D:\xiangmu\miningplan\煤科投稿\最终图片\05_导出包场景图\3_采区规划案例\含水层扰动\参数散点矩阵.png
05_导出包场景图\4_协同调控_突水点\含水层扰动,参数散点矩阵.png,png,97970,D:\xiangmu\miningplan\data\export_package\4-协同调控-突水点.miningplan\含水层扰动\参数散点矩阵.png,D:\xiangmu\miningplan\煤科投稿\最终图片\05_导出包场景图\4_协同调控_突水点\含水层扰动\参数散点矩阵.png
05_导出包场景图\5_采掘接续\含水层扰动,ODI热力图.png,png,279137,D:\xiangmu\miningplan\data\export_package\5-采掘接续.miningplan\含水层扰动\ODI热力图.png,D:\xiangmu\miningplan\煤科投稿\最终图片\05_导出包场景图\5_采掘接续\含水层扰动\ODI热力图.png
05_导出包场景图\5_采掘接续\含水层扰动,ODI直方图.png,png,38844,D:\xiangmu\miningplan\data\export_package\5-采掘接续.miningplan\含水层扰动\ODI直方图.png,D:\xiangmu\miningplan\煤科投稿\最终图片\05_导出包场景图\5_采掘接续\含水层扰动\ODI直方图.png
05_导出包场景图\5_采掘接续\含水层扰动,ODI等级饼图.png,png,55625,D:\xiangmu\miningplan\data\export_package\5-采掘接续.miningplan\含水层扰动\ODI等级饼图.png,D:\xiangmu\miningplan\煤科投稿\最终图片\05_导出包场景图\5_采掘接续\含水层扰动\ODI等级饼图.png
05_导出包场景图\5_采掘接续\含水层扰动,参数散点矩阵.png,png,396678,D:\xiangmu\miningplan\data\export_package\5-采掘接续.miningplan\含水层扰动\参数散点矩阵.png,D:\xiangmu\miningplan\煤科投稿\最终图片\05_导出包场景图\5_采掘接续\含水层扰动\参数散点矩阵.png
05_导出包场景图\6_全覆岩扰动\综合评价,ODI热力图.png,png,112625,D:\xiangmu\miningplan\data\export_package\6-全覆岩扰动.miningplan\综合评价\ODI热力图.png,D:\xiangmu\miningplan\煤科投稿\最终图片\05_导出包场景图\6_全覆岩扰动\综合评价\ODI热力图.png
05_导出包场景图\6_全覆岩扰动\综合评价,ODI直方图.png,png,34292,D:\xiangmu\miningplan\data\export_package\6-全覆岩扰动.miningplan\综合评价\ODI直方图.png,D:\xiangmu\miningplan\煤科投稿\最终图片\05_导出包场景图\6_全覆岩扰动\综合评价\ODI直方图.png
05_导出包场景图\6_全覆岩扰动\综合评价,ODI等级饼图.png,png,51518,D:\xiangmu\miningplan\data\export_package\6-全覆岩扰动.miningplan\综合评价\ODI等级饼图.png,D:\xiangmu\miningplan\煤科投稿\最终图片\05_导出包场景图\6_全覆岩扰动\综合评价\ODI等级饼图.png
05_导出包场景图\6_全覆岩扰动\综合评价,参数散点矩阵.png,png,90866,D:\xiangmu\miningplan\data\export_package\6-全覆岩扰动.miningplan\综合评价\参数散点矩阵.png,D:\xiangmu\miningplan\煤科投稿\最终图片\05_导出包场景图\6_全覆岩扰动\综合评价\参数散点矩阵.png
06_论文工作区配图\主文图,候选图_采区综合空间信息与规划结果可视化界面.png,png,574926,D:\xiangmu\miningplan\论文\重构工作区\01_可视化图汇总\主文图\候选图_采区综合空间信息与规划结果可视化界面.png,D:\xiangmu\miningplan\煤科投稿\最终图片\06_论文工作区配图\主文图\候选图_采区综合空间信息与规划结果可视化界面.png
06_论文工作区配图\主文图,候选图_采区综合空间信息与规划结果可视化界面.svg,svg,619376,D:\xiangmu\miningplan\论文\重构工作区\01_可视化图汇总\主文图\候选图_采区综合空间信息与规划结果可视化界面.svg,D:\xiangmu\miningplan\煤科投稿\最终图片\06_论文工作区配图\主文图\候选图_采区综合空间信息与规划结果可视化界面.svg
06_论文工作区配图\主文图,图10_采掘接续流程与结果组织图.png,png,272745,D:\xiangmu\miningplan\论文\重构工作区\01_可视化图汇总\主文图\图10_采掘接续流程与结果组织图.png,D:\xiangmu\miningplan\煤科投稿\最终图片\06_论文工作区配图\主文图\图10_采掘接续流程与结果组织图.png
06_论文工作区配图\主文图,图10_采掘接续流程与结果组织图.svg,svg,133688,D:\xiangmu\miningplan\论文\重构工作区\01_可视化图汇总\主文图\图10_采掘接续流程与结果组织图.svg,D:\xiangmu\miningplan\煤科投稿\最终图片\06_论文工作区配图\主文图\图10_采掘接续流程与结果组织图.svg
06_论文工作区配图\主文图,图11_工程经济分析流程与结果图.png,png,290464,D:\xiangmu\miningplan\论文\重构工作区\01_可视化图汇总\主文图\图11_工程经济分析流程与结果图.png,D:\xiangmu\miningplan\煤科投稿\最终图片\06_论文工作区配图\主文图\图11_工程经济分析流程与结果图.png
06_论文工作区配图\主文图,图11_工程经济分析流程与结果图.svg,svg,144591,D:\xiangmu\miningplan\论文\重构工作区\01_可视化图汇总\主文图\图11_工程经济分析流程与结果图.svg,D:\xiangmu\miningplan\煤科投稿\最终图片\06_论文工作区配图\主文图\图11_工程经济分析流程与结果图.svg
06_论文工作区配图\主文图,图2_采区智能规划设计一体化方法总流程.png,png,514705,D:\xiangmu\miningplan\论文\重构工作区\01_可视化图汇总\主文图\图2_采区智能规划设计一体化方法总流程.png,D:\xiangmu\miningplan\煤科投稿\最终图片\06_论文工作区配图\主文图\图2_采区智能规划设计一体化方法总流程.png
06_论文工作区配图\主文图,图2_采区智能规划设计一体化方法总流程.svg,svg,233261,D:\xiangmu\miningplan\论文\重构工作区\01_可视化图汇总\主文图\图2_采区智能规划设计一体化方法总流程.svg,D:\xiangmu\miningplan\煤科投稿\最终图片\06_论文工作区配图\主文图\图2_采区智能规划设计一体化方法总流程.svg
06_论文工作区配图\主文图,图2_采区智能规划设计一体化方法总流程_SCI重构版.png,png,642565,D:\xiangmu\miningplan\论文\重构工作区\01_可视化图汇总\主文图\图2_采区智能规划设计一体化方法总流程_SCI重构版.png,D:\xiangmu\miningplan\煤科投稿\最终图片\06_论文工作区配图\主文图\图2_采区智能规划设计一体化方法总流程_SCI重构版.png
06_论文工作区配图\主文图,图2_采区智能规划设计一体化方法总流程_SCI重构版.svg,svg,35758,D:\xiangmu\miningplan\论文\重构工作区\01_可视化图汇总\主文图\图2_采区智能规划设计一体化方法总流程_SCI重构版.svg,D:\xiangmu\miningplan\煤科投稿\最终图片\06_论文工作区配图\主文图\图2_采区智能规划设计一体化方法总流程_SCI重构版.svg
06_论文工作区配图\主文图,图3_数据模型决策分层架构图.png,png,372178,D:\xiangmu\miningplan\论文\重构工作区\01_可视化图汇总\主文图\图3_数据模型决策分层架构图.png,D:\xiangmu\miningplan\煤科投稿\最终图片\06_论文工作区配图\主文图\图3_数据模型决策分层架构图.png
06_论文工作区配图\主文图,图3_数据模型决策分层架构图.svg,svg,171826,D:\xiangmu\miningplan\论文\重构工作区\01_可视化图汇总\主文图\图3_数据模型决策分层架构图.svg,D:\xiangmu\miningplan\煤科投稿\最终图片\06_论文工作区配图\主文图\图3_数据模型决策分层架构图.svg
06_论文工作区配图\主文图,图5_四模式智能规划协同关系图.png,png,442076,D:\xiangmu\miningplan\论文\重构工作区\01_可视化图汇总\主文图\图5_四模式智能规划协同关系图.png,D:\xiangmu\miningplan\煤科投稿\最终图片\06_论文工作区配图\主文图\图5_四模式智能规划协同关系图.png
06_论文工作区配图\主文图,图5_四模式智能规划协同关系图.svg,svg,182713,D:\xiangmu\miningplan\论文\重构工作区\01_可视化图汇总\主文图\图5_四模式智能规划协同关系图.svg,D:\xiangmu\miningplan\煤科投稿\最终图片\06_论文工作区配图\主文图\图5_四模式智能规划协同关系图.svg
06_论文工作区配图\主文图,图5_多场景ODI风险分布组合图.png,png,734665,D:\xiangmu\miningplan\论文\重构工作区\01_可视化图汇总\主文图\图5_多场景ODI风险分布组合图.png,D:\xiangmu\miningplan\煤科投稿\最终图片\06_论文工作区配图\主文图\图5_多场景ODI风险分布组合图.png
06_论文工作区配图\主文图,图5_采区规划参数体系构建图.png,png,342640,D:\xiangmu\miningplan\论文\重构工作区\01_可视化图汇总\主文图\图5_采区规划参数体系构建图.png,D:\xiangmu\miningplan\煤科投稿\最终图片\06_论文工作区配图\主文图\图5_采区规划参数体系构建图.png
06_论文工作区配图\主文图,图5_采区规划参数体系构建图.svg,svg,177613,D:\xiangmu\miningplan\论文\重构工作区\01_可视化图汇总\主文图\图5_采区规划参数体系构建图.svg,D:\xiangmu\miningplan\煤科投稿\最终图片\06_论文工作区配图\主文图\图5_采区规划参数体系构建图.svg
06_论文工作区配图\主文图,图7_基于ODI分布的协同调控框架图.png,png,312560,D:\xiangmu\miningplan\论文\重构工作区\01_可视化图汇总\主文图\图7_基于ODI分布的协同调控框架图.png,D:\xiangmu\miningplan\煤科投稿\最终图片\06_论文工作区配图\主文图\图7_基于ODI分布的协同调控框架图.png
06_论文工作区配图\主文图,图7_基于ODI分布的协同调控框架图.svg,svg,150622,D:\xiangmu\miningplan\论文\重构工作区\01_可视化图汇总\主文图\图7_基于ODI分布的协同调控框架图.svg,D:\xiangmu\miningplan\煤科投稿\最终图片\06_论文工作区配图\主文图\图7_基于ODI分布的协同调控框架图.svg
06_论文工作区配图\主文图,图7_规划接续经济闭环评价图.png,png,353741,D:\xiangmu\miningplan\论文\重构工作区\01_可视化图汇总\主文图\图7_规划接续经济闭环评价图.png,D:\xiangmu\miningplan\煤科投稿\最终图片\06_论文工作区配图\主文图\图7_规划接续经济闭环评价图.png
06_论文工作区配图\主文图,图7_规划接续经济闭环评价图.svg,svg,155708,D:\xiangmu\miningplan\论文\重构工作区\01_可视化图汇总\主文图\图7_规划接续经济闭环评价图.svg,D:\xiangmu\miningplan\煤科投稿\最终图片\06_论文工作区配图\主文图\图7_规划接续经济闭环评价图.svg
06_论文工作区配图\主文图,图8_规划与采掘接续空间分布结果图.png,png,404220,D:\xiangmu\miningplan\论文\重构工作区\01_可视化图汇总\主文图\图8_规划与采掘接续空间分布结果图.png,D:\xiangmu\miningplan\煤科投稿\最终图片\06_论文工作区配图\主文图\图8_规划与采掘接续空间分布结果图.png
06_论文工作区配图\主文图,图9_GNN煤层厚度预测网格图_论文版.png,png,393542,D:\xiangmu\miningplan\论文\重构工作区\01_可视化图汇总\主文图\图9_GNN煤层厚度预测网格图_论文版.png,D:\xiangmu\miningplan\煤科投稿\最终图片\06_论文工作区配图\主文图\图9_GNN煤层厚度预测网格图_论文版.png
06_论文工作区配图\仓库已有图,仓库图_01_GNN测试图一.png,png,96234,D:\xiangmu\miningplan\论文\重构工作区\01_可视化图汇总\仓库已有图\仓库图_01_GNN测试图一.png,D:\xiangmu\miningplan\煤科投稿\最终图片\06_论文工作区配图\仓库已有图\仓库图_01_GNN测试图一.png
06_论文工作区配图\仓库已有图,仓库图_02_GNN测试图二.png,png,322475,D:\xiangmu\miningplan\论文\重构工作区\01_可视化图汇总\仓库已有图\仓库图_02_GNN测试图二.png,D:\xiangmu\miningplan\煤科投稿\最终图片\06_论文工作区配图\仓库已有图\仓库图_02_GNN测试图二.png
06_论文工作区配图\仓库已有图,仓库图_03_系统原始界面图.png,png,37174,D:\xiangmu\miningplan\论文\重构工作区\01_可视化图汇总\仓库已有图\仓库图_03_系统原始界面图.png,D:\xiangmu\miningplan\煤科投稿\最终图片\06_论文工作区配图\仓库已有图\仓库图_03_系统原始界面图.png
06_论文工作区配图\仓库已有图,仓库图_04_系统界面图副本.png,png,565644,D:\xiangmu\miningplan\论文\重构工作区\01_可视化图汇总\仓库已有图\仓库图_04_系统界面图副本.png,D:\xiangmu\miningplan\煤科投稿\最终图片\06_论文工作区配图\仓库已有图\仓库图_04_系统界面图副本.png
06_论文工作区配图\系统生成图,图1_采区边界与钻孔分布图.png,png,178412,D:\xiangmu\miningplan\论文\重构工作区\01_可视化图汇总\系统生成图\图1_采区边界与钻孔分布图.png,D:\xiangmu\miningplan\煤科投稿\最终图片\06_论文工作区配图\系统生成图\图1_采区边界与钻孔分布图.png
06_论文工作区配图\系统生成图,图2_煤层厚度插值热力图.png,png,396078,D:\xiangmu\miningplan\论文\重构工作区\01_可视化图汇总\系统生成图\图2_煤层厚度插值热力图.png,D:\xiangmu\miningplan\煤科投稿\最终图片\06_论文工作区配图\系统生成图\图2_煤层厚度插值热力图.png
06_论文工作区配图\系统生成图,图3_采区工作面与巷道布局图.png,png,190517,D:\xiangmu\miningplan\论文\重构工作区\01_可视化图汇总\系统生成图\图3_采区工作面与巷道布局图.png,D:\xiangmu\miningplan\煤科投稿\最终图片\06_论文工作区配图\系统生成图\图3_采区工作面与巷道布局图.png
06_论文工作区配图\系统生成图,图4_GNN煤层厚度预测网格图.png,png,428674,D:\xiangmu\miningplan\论文\重构工作区\01_可视化图汇总\系统生成图\图4_GNN煤层厚度预测网格图.png,D:\xiangmu\miningplan\煤科投稿\最终图片\06_论文工作区配图\系统生成图\图4_GNN煤层厚度预测网格图.png
07_图件重绘与审稿图,图1_期刊版重绘_v2.png,png,553696,D:\xiangmu\miningplan\output\fig_review\fig1_journal_v2.png,D:\xiangmu\miningplan\煤科投稿\最终图片\07_图件重绘与审稿图\图1_期刊版重绘_v2.png
07_图件重绘与审稿图,图1_期刊版重绘_v2.svg,svg,34571,D:\xiangmu\miningplan\output\fig_review\fig1_journal_v2.svg,D:\xiangmu\miningplan\煤科投稿\最终图片\07_图件重绘与审稿图\图1_期刊版重绘_v2.svg
07_图件重绘与审稿图,图1_SCI重构版.png,png,642565,D:\xiangmu\miningplan\output\fig_review\fig1_sci_redesign.png,D:\xiangmu\miningplan\煤科投稿\最终图片\07_图件重绘与审稿图\图1_SCI重构版.png
07_图件重绘与审稿图,图1_SCI重构版.svg,svg,35758,D:\xiangmu\miningplan\output\fig_review\fig1_sci_redesign.svg,D:\xiangmu\miningplan\煤科投稿\最终图片\07_图件重绘与审稿图\图1_SCI重构版.svg
08_历史论文插图包\20260417_001308\论文主图,01-覆岩扰动约束机理示意图.pdf,pdf,55176,D:\xiangmu\miningplan\output\paper_insert_package\20260417_001308\paper_main_figures\01-覆岩扰动约束机理示意图.pdf,D:\xiangmu\miningplan\煤科投稿\最终图片\08_历史论文插图包\20260417_001308\论文主图\01-覆岩扰动约束机理示意图.pdf
08_历史论文插图包\20260417_001308\论文主图,01-覆岩扰动约束机理示意图.png,png,184554,D:\xiangmu\miningplan\output\paper_insert_package\20260417_001308\paper_main_figures\01-覆岩扰动约束机理示意图.png,D:\xiangmu\miningplan\煤科投稿\最终图片\08_历史论文插图包\20260417_001308\论文主图\01-覆岩扰动约束机理示意图.png
08_历史论文插图包\20260417_001308\论文主图,01-覆岩扰动约束机理示意图.svg,svg,99879,D:\xiangmu\miningplan\output\paper_insert_package\20260417_001308\paper_main_figures\01-覆岩扰动约束机理示意图.svg,D:\xiangmu\miningplan\煤科投稿\最终图片\08_历史论文插图包\20260417_001308\论文主图\01-覆岩扰动约束机理示意图.svg
08_历史论文插图包\20260417_001308\论文主图,02-研究区钻孔空间分布图.pdf,pdf,10551,D:\xiangmu\miningplan\output\paper_insert_package\20260417_001308\paper_main_figures\02-研究区钻孔空间分布图.pdf,D:\xiangmu\miningplan\煤科投稿\最终图片\08_历史论文插图包\20260417_001308\论文主图\02-研究区钻孔空间分布图.pdf
08_历史论文插图包\20260417_001308\论文主图,02-研究区钻孔空间分布图.png,png,98151,D:\xiangmu\miningplan\output\paper_insert_package\20260417_001308\paper_main_figures\02-研究区钻孔空间分布图.png,D:\xiangmu\miningplan\煤科投稿\最终图片\08_历史论文插图包\20260417_001308\论文主图\02-研究区钻孔空间分布图.png
08_历史论文插图包\20260417_001308\论文主图,02-研究区钻孔空间分布图.svg,svg,29268,D:\xiangmu\miningplan\output\paper_insert_package\20260417_001308\paper_main_figures\02-研究区钻孔空间分布图.svg,D:\xiangmu\miningplan\煤科投稿\最终图片\08_历史论文插图包\20260417_001308\论文主图\02-研究区钻孔空间分布图.svg
08_历史论文插图包\20260417_001308\论文主图,03-研究区主要地质参数场分布图.pdf,pdf,187357,D:\xiangmu\miningplan\output\paper_insert_package\20260417_001308\paper_main_figures\03-研究区主要地质参数场分布图.pdf,D:\xiangmu\miningplan\煤科投稿\最终图片\08_历史论文插图包\20260417_001308\论文主图\03-研究区主要地质参数场分布图.pdf
08_历史论文插图包\20260417_001308\论文主图,03-研究区主要地质参数场分布图.png,png,659826,D:\xiangmu\miningplan\output\paper_insert_package\20260417_001308\paper_main_figures\03-研究区主要地质参数场分布图.png,D:\xiangmu\miningplan\煤科投稿\最终图片\08_历史论文插图包\20260417_001308\论文主图\03-研究区主要地质参数场分布图.png
08_历史论文插图包\20260417_001308\论文主图,03-研究区主要地质参数场分布图.svg,svg,863583,D:\xiangmu\miningplan\output\paper_insert_package\20260417_001308\paper_main_figures\03-研究区主要地质参数场分布图.svg,D:\xiangmu\miningplan\煤科投稿\最终图片\08_历史论文插图包\20260417_001308\论文主图\03-研究区主要地质参数场分布图.svg
08_历史论文插图包\20260417_001308\论文主图,04-多场景ODI分布结果对比图.pdf,pdf,164624,D:\xiangmu\miningplan\output\paper_insert_package\20260417_001308\paper_main_figures\04-多场景ODI分布结果对比图.pdf,D:\xiangmu\miningplan\煤科投稿\最终图片\08_历史论文插图包\20260417_001308\论文主图\04-多场景ODI分布结果对比图.pdf
08_历史论文插图包\20260417_001308\论文主图,04-多场景ODI分布结果对比图.png,png,406812,D:\xiangmu\miningplan\output\paper_insert_package\20260417_001308\paper_main_figures\04-多场景ODI分布结果对比图.png,D:\xiangmu\miningplan\煤科投稿\最终图片\08_历史论文插图包\20260417_001308\论文主图\04-多场景ODI分布结果对比图.png
08_历史论文插图包\20260417_001308\论文主图,04-多场景ODI分布结果对比图.svg,svg,705714,D:\xiangmu\miningplan\output\paper_insert_package\20260417_001308\paper_main_figures\04-多场景ODI分布结果对比图.svg,D:\xiangmu\miningplan\煤科投稿\最终图片\08_历史论文插图包\20260417_001308\论文主图\04-多场景ODI分布结果对比图.svg
08_历史论文插图包\20260417_001308\论文主图,05-含水层扰动约束下最终规划布局与ODI场叠置图.pdf,pdf,58919,D:\xiangmu\miningplan\output\paper_insert_package\20260417_001308\paper_main_figures\05-含水层扰动约束下最终规划布局与ODI场叠置图.pdf,D:\xiangmu\miningplan\煤科投稿\最终图片\08_历史论文插图包\20260417_001308\论文主图\05-含水层扰动约束下最终规划布局与ODI场叠置图.pdf
08_历史论文插图包\20260417_001308\论文主图,05-含水层扰动约束下最终规划布局与ODI场叠置图.png,png,345153,D:\xiangmu\miningplan\output\paper_insert_package\20260417_001308\paper_main_figures\05-含水层扰动约束下最终规划布局与ODI场叠置图.png,D:\xiangmu\miningplan\煤科投稿\最终图片\08_历史论文插图包\20260417_001308\论文主图\05-含水层扰动约束下最终规划布局与ODI场叠置图.png
08_历史论文插图包\20260417_001308\论文主图,05-含水层扰动约束下最终规划布局与ODI场叠置图.svg,svg,254014,D:\xiangmu\miningplan\output\paper_insert_package\20260417_001308\paper_main_figures\05-含水层扰动约束下最终规划布局与ODI场叠置图.svg,D:\xiangmu\miningplan\煤科投稿\最终图片\08_历史论文插图包\20260417_001308\论文主图\05-含水层扰动约束下最终规划布局与ODI场叠置图.svg
08_历史论文插图包\20260417_001308\论文主图,06-采区规划布局结果图.pdf,pdf,10592,D:\xiangmu\miningplan\output\paper_insert_package\20260417_001308\paper_main_figures\06-采区规划布局结果图.pdf,D:\xiangmu\miningplan\煤科投稿\最终图片\08_历史论文插图包\20260417_001308\论文主图\06-采区规划布局结果图.pdf
08_历史论文插图包\20260417_001308\论文主图,06-采区规划布局结果图.png,png,114732,D:\xiangmu\miningplan\output\paper_insert_package\20260417_001308\paper_main_figures\06-采区规划布局结果图.png,D:\xiangmu\miningplan\煤科投稿\最终图片\08_历史论文插图包\20260417_001308\论文主图\06-采区规划布局结果图.png
08_历史论文插图包\20260417_001308\论文主图,06-采区规划布局结果图.svg,svg,35224,D:\xiangmu\miningplan\output\paper_insert_package\20260417_001308\paper_main_figures\06-采区规划布局结果图.svg,D:\xiangmu\miningplan\煤科投稿\最终图片\08_历史论文插图包\20260417_001308\论文主图\06-采区规划布局结果图.svg
08_历史论文插图包\20260417_001308\论文主图,07-四模式规划指标对比图.pdf,pdf,20391,D:\xiangmu\miningplan\output\paper_insert_package\20260417_001308\paper_main_figures\07-四模式规划指标对比图.pdf,D:\xiangmu\miningplan\煤科投稿\最终图片\08_历史论文插图包\20260417_001308\论文主图\07-四模式规划指标对比图.pdf
08_历史论文插图包\20260417_001308\论文主图,07-四模式规划指标对比图.png,png,103547,D:\xiangmu\miningplan\output\paper_insert_package\20260417_001308\paper_main_figures\07-四模式规划指标对比图.png,D:\xiangmu\miningplan\煤科投稿\最终图片\08_历史论文插图包\20260417_001308\论文主图\07-四模式规划指标对比图.png
08_历史论文插图包\20260417_001308\论文主图,07-四模式规划指标对比图.svg,svg,43750,D:\xiangmu\miningplan\output\paper_insert_package\20260417_001308\paper_main_figures\07-四模式规划指标对比图.svg,D:\xiangmu\miningplan\煤科投稿\最终图片\08_历史论文插图包\20260417_001308\论文主图\07-四模式规划指标对比图.svg
08_历史论文插图包\20260417_001308\论文主图,08-采掘接续时序安排图.pdf,pdf,14585,D:\xiangmu\miningplan\output\paper_insert_package\20260417_001308\paper_main_figures\08-采掘接续时序安排图.pdf,D:\xiangmu\miningplan\煤科投稿\最终图片\08_历史论文插图包\20260417_001308\论文主图\08-采掘接续时序安排图.pdf
08_历史论文插图包\20260417_001308\论文主图,08-采掘接续时序安排图.png,png,133402,D:\xiangmu\miningplan\output\paper_insert_package\20260417_001308\paper_main_figures\08-采掘接续时序安排图.png,D:\xiangmu\miningplan\煤科投稿\最终图片\08_历史论文插图包\20260417_001308\论文主图\08-采掘接续时序安排图.png
08_历史论文插图包\20260417_001308\论文主图,08-采掘接续时序安排图.svg,svg,64125,D:\xiangmu\miningplan\output\paper_insert_package\20260417_001308\paper_main_figures\08-采掘接续时序安排图.svg,D:\xiangmu\miningplan\煤科投稿\最终图片\08_历史论文插图包\20260417_001308\论文主图\08-采掘接续时序安排图.svg
08_历史论文插图包\20260417_001308\论文主图,09-月产量变化曲线图.pdf,pdf,10962,D:\xiangmu\miningplan\output\paper_insert_package\20260417_001308\paper_main_figures\09-月产量变化曲线图.pdf,D:\xiangmu\miningplan\煤科投稿\最终图片\08_历史论文插图包\20260417_001308\论文主图\09-月产量变化曲线图.pdf
08_历史论文插图包\20260417_001308\论文主图,09-月产量变化曲线图.png,png,84909,D:\xiangmu\miningplan\output\paper_insert_package\20260417_001308\paper_main_figures\09-月产量变化曲线图.png,D:\xiangmu\miningplan\煤科投稿\最终图片\08_历史论文插图包\20260417_001308\论文主图\09-月产量变化曲线图.png
08_历史论文插图包\20260417_001308\论文主图,09-月产量变化曲线图.svg,svg,39507,D:\xiangmu\miningplan\output\paper_insert_package\20260417_001308\paper_main_figures\09-月产量变化曲线图.svg,D:\xiangmu\miningplan\煤科投稿\最终图片\08_历史论文插图包\20260417_001308\论文主图\09-月产量变化曲线图.svg
08_历史论文插图包\20260417_001308\论文主图,10-采掘接续方案现金流分析图.pdf,pdf,16760,D:\xiangmu\miningplan\output\paper_insert_package\20260417_001308\paper_main_figures\10-采掘接续方案现金流分析图.pdf,D:\xiangmu\miningplan\煤科投稿\最终图片\08_历史论文插图包\20260417_001308\论文主图\10-采掘接续方案现金流分析图.pdf
08_历史论文插图包\20260417_001308\论文主图,10-采掘接续方案现金流分析图.png,png,112293,D:\xiangmu\miningplan\output\paper_insert_package\20260417_001308\paper_main_figures\10-采掘接续方案现金流分析图.png,D:\xiangmu\miningplan\煤科投稿\最终图片\08_历史论文插图包\20260417_001308\论文主图\10-采掘接续方案现金流分析图.png
08_历史论文插图包\20260417_001308\论文主图,10-采掘接续方案现金流分析图.svg,svg,76912,D:\xiangmu\miningplan\output\paper_insert_package\20260417_001308\paper_main_figures\10-采掘接续方案现金流分析图.svg,D:\xiangmu\miningplan\煤科投稿\最终图片\08_历史论文插图包\20260417_001308\论文主图\10-采掘接续方案现金流分析图.svg
08_历史论文插图包\20260417_115152\论文主图,01-覆岩扰动约束机理示意图.pdf,pdf,55176,D:\xiangmu\miningplan\output\paper_insert_package\20260417_115152\paper_main_figures\01-覆岩扰动约束机理示意图.pdf,D:\xiangmu\miningplan\煤科投稿\最终图片\08_历史论文插图包\20260417_115152\论文主图\01-覆岩扰动约束机理示意图.pdf
08_历史论文插图包\20260417_115152\论文主图,01-覆岩扰动约束机理示意图.png,png,184554,D:\xiangmu\miningplan\output\paper_insert_package\20260417_115152\paper_main_figures\01-覆岩扰动约束机理示意图.png,D:\xiangmu\miningplan\煤科投稿\最终图片\08_历史论文插图包\20260417_115152\论文主图\01-覆岩扰动约束机理示意图.png
08_历史论文插图包\20260417_115152\论文主图,01-覆岩扰动约束机理示意图.svg,svg,99879,D:\xiangmu\miningplan\output\paper_insert_package\20260417_115152\paper_main_figures\01-覆岩扰动约束机理示意图.svg,D:\xiangmu\miningplan\煤科投稿\最终图片\08_历史论文插图包\20260417_115152\论文主图\01-覆岩扰动约束机理示意图.svg
08_历史论文插图包\20260417_115152\论文主图,02-研究区钻孔空间分布图.pdf,pdf,10551,D:\xiangmu\miningplan\output\paper_insert_package\20260417_115152\paper_main_figures\02-研究区钻孔空间分布图.pdf,D:\xiangmu\miningplan\煤科投稿\最终图片\08_历史论文插图包\20260417_115152\论文主图\02-研究区钻孔空间分布图.pdf
08_历史论文插图包\20260417_115152\论文主图,02-研究区钻孔空间分布图.png,png,98151,D:\xiangmu\miningplan\output\paper_insert_package\20260417_115152\paper_main_figures\02-研究区钻孔空间分布图.png,D:\xiangmu\miningplan\煤科投稿\最终图片\08_历史论文插图包\20260417_115152\论文主图\02-研究区钻孔空间分布图.png
08_历史论文插图包\20260417_115152\论文主图,02-研究区钻孔空间分布图.svg,svg,29268,D:\xiangmu\miningplan\output\paper_insert_package\20260417_115152\paper_main_figures\02-研究区钻孔空间分布图.svg,D:\xiangmu\miningplan\煤科投稿\最终图片\08_历史论文插图包\20260417_115152\论文主图\02-研究区钻孔空间分布图.svg
08_历史论文插图包\20260417_115152\论文主图,03-研究区主要地质参数场分布图.pdf,pdf,187357,D:\xiangmu\miningplan\output\paper_insert_package\20260417_115152\paper_main_figures\03-研究区主要地质参数场分布图.pdf,D:\xiangmu\miningplan\煤科投稿\最终图片\08_历史论文插图包\20260417_115152\论文主图\03-研究区主要地质参数场分布图.pdf
08_历史论文插图包\20260417_115152\论文主图,03-研究区主要地质参数场分布图.png,png,659826,D:\xiangmu\miningplan\output\paper_insert_package\20260417_115152\paper_main_figures\03-研究区主要地质参数场分布图.png,D:\xiangmu\miningplan\煤科投稿\最终图片\08_历史论文插图包\20260417_115152\论文主图\03-研究区主要地质参数场分布图.png
08_历史论文插图包\20260417_115152\论文主图,03-研究区主要地质参数场分布图.svg,svg,863583,D:\xiangmu\miningplan\output\paper_insert_package\20260417_115152\paper_main_figures\03-研究区主要地质参数场分布图.svg,D:\xiangmu\miningplan\煤科投稿\最终图片\08_历史论文插图包\20260417_115152\论文主图\03-研究区主要地质参数场分布图.svg
08_历史论文插图包\20260417_115152\论文主图,04-多场景ODI分布结果对比图.pdf,pdf,683226,D:\xiangmu\miningplan\output\paper_insert_package\20260417_115152\paper_main_figures\04-多场景ODI分布结果对比图.pdf,D:\xiangmu\miningplan\煤科投稿\最终图片\08_历史论文插图包\20260417_115152\论文主图\04-多场景ODI分布结果对比图.pdf
08_历史论文插图包\20260417_115152\论文主图,04-多场景ODI分布结果对比图.png,png,1065710,D:\xiangmu\miningplan\output\paper_insert_package\20260417_115152\paper_main_figures\04-多场景ODI分布结果对比图.png,D:\xiangmu\miningplan\煤科投稿\最终图片\08_历史论文插图包\20260417_115152\论文主图\04-多场景ODI分布结果对比图.png
08_历史论文插图包\20260417_115152\论文主图,04-多场景ODI分布结果对比图.svg,svg,1886407,D:\xiangmu\miningplan\output\paper_insert_package\20260417_115152\paper_main_figures\04-多场景ODI分布结果对比图.svg,D:\xiangmu\miningplan\煤科投稿\最终图片\08_历史论文插图包\20260417_115152\论文主图\04-多场景ODI分布结果对比图.svg
08_历史论文插图包\20260417_115152\论文主图,05-含水层扰动约束下最终规划布局与ODI场叠置图.pdf,pdf,58919,D:\xiangmu\miningplan\output\paper_insert_package\20260417_115152\paper_main_figures\05-含水层扰动约束下最终规划布局与ODI场叠置图.pdf,D:\xiangmu\miningplan\煤科投稿\最终图片\08_历史论文插图包\20260417_115152\论文主图\05-含水层扰动约束下最终规划布局与ODI场叠置图.pdf
08_历史论文插图包\20260417_115152\论文主图,05-含水层扰动约束下最终规划布局与ODI场叠置图.png,png,345153,D:\xiangmu\miningplan\output\paper_insert_package\20260417_115152\paper_main_figures\05-含水层扰动约束下最终规划布局与ODI场叠置图.png,D:\xiangmu\miningplan\煤科投稿\最终图片\08_历史论文插图包\20260417_115152\论文主图\05-含水层扰动约束下最终规划布局与ODI场叠置图.png
08_历史论文插图包\20260417_115152\论文主图,05-含水层扰动约束下最终规划布局与ODI场叠置图.svg,svg,254014,D:\xiangmu\miningplan\output\paper_insert_package\20260417_115152\paper_main_figures\05-含水层扰动约束下最终规划布局与ODI场叠置图.svg,D:\xiangmu\miningplan\煤科投稿\最终图片\08_历史论文插图包\20260417_115152\论文主图\05-含水层扰动约束下最终规划布局与ODI场叠置图.svg
08_历史论文插图包\20260417_115152\论文主图,06-采区规划布局结果图.pdf,pdf,10592,D:\xiangmu\miningplan\output\paper_insert_package\20260417_115152\paper_main_figures\06-采区规划布局结果图.pdf,D:\xiangmu\miningplan\煤科投稿\最终图片\08_历史论文插图包\20260417_115152\论文主图\06-采区规划布局结果图.pdf
08_历史论文插图包\20260417_115152\论文主图,06-采区规划布局结果图.png,png,114732,D:\xiangmu\miningplan\output\paper_insert_package\20260417_115152\paper_main_figures\06-采区规划布局结果图.png,D:\xiangmu\miningplan\煤科投稿\最终图片\08_历史论文插图包\20260417_115152\论文主图\06-采区规划布局结果图.png
08_历史论文插图包\20260417_115152\论文主图,06-采区规划布局结果图.svg,svg,35224,D:\xiangmu\miningplan\output\paper_insert_package\20260417_115152\paper_main_figures\06-采区规划布局结果图.svg,D:\xiangmu\miningplan\煤科投稿\最终图片\08_历史论文插图包\20260417_115152\论文主图\06-采区规划布局结果图.svg
08_历史论文插图包\20260417_115152\论文主图,07-四模式规划指标对比图.pdf,pdf,20391,D:\xiangmu\miningplan\output\paper_insert_package\20260417_115152\paper_main_figures\07-四模式规划指标对比图.pdf,D:\xiangmu\miningplan\煤科投稿\最终图片\08_历史论文插图包\20260417_115152\论文主图\07-四模式规划指标对比图.pdf
08_历史论文插图包\20260417_115152\论文主图,07-四模式规划指标对比图.png,png,103547,D:\xiangmu\miningplan\output\paper_insert_package\20260417_115152\paper_main_figures\07-四模式规划指标对比图.png,D:\xiangmu\miningplan\煤科投稿\最终图片\08_历史论文插图包\20260417_115152\论文主图\07-四模式规划指标对比图.png
08_历史论文插图包\20260417_115152\论文主图,07-四模式规划指标对比图.svg,svg,43750,D:\xiangmu\miningplan\output\paper_insert_package\20260417_115152\paper_main_figures\07-四模式规划指标对比图.svg,D:\xiangmu\miningplan\煤科投稿\最终图片\08_历史论文插图包\20260417_115152\论文主图\07-四模式规划指标对比图.svg
08_历史论文插图包\20260417_115152\论文主图,08-采掘接续时序安排图.pdf,pdf,14585,D:\xiangmu\miningplan\output\paper_insert_package\20260417_115152\paper_main_figures\08-采掘接续时序安排图.pdf,D:\xiangmu\miningplan\煤科投稿\最终图片\08_历史论文插图包\20260417_115152\论文主图\08-采掘接续时序安排图.pdf
08_历史论文插图包\20260417_115152\论文主图,08-采掘接续时序安排图.png,png,133402,D:\xiangmu\miningplan\output\paper_insert_package\20260417_115152\paper_main_figures\08-采掘接续时序安排图.png,D:\xiangmu\miningplan\煤科投稿\最终图片\08_历史论文插图包\20260417_115152\论文主图\08-采掘接续时序安排图.png
08_历史论文插图包\20260417_115152\论文主图,08-采掘接续时序安排图.svg,svg,64125,D:\xiangmu\miningplan\output\paper_insert_package\20260417_115152\paper_main_figures\08-采掘接续时序安排图.svg,D:\xiangmu\miningplan\煤科投稿\最终图片\08_历史论文插图包\20260417_115152\论文主图\08-采掘接续时序安排图.svg
08_历史论文插图包\20260417_115152\论文主图,09-月产量变化曲线图.pdf,pdf,10962,D:\xiangmu\miningplan\output\paper_insert_package\20260417_115152\paper_main_figures\09-月产量变化曲线图.pdf,D:\xiangmu\miningplan\煤科投稿\最终图片\08_历史论文插图包\20260417_115152\论文主图\09-月产量变化曲线图.pdf
08_历史论文插图包\20260417_115152\论文主图,09-月产量变化曲线图.png,png,84909,D:\xiangmu\miningplan\output\paper_insert_package\20260417_115152\paper_main_figures\09-月产量变化曲线图.png,D:\xiangmu\miningplan\煤科投稿\最终图片\08_历史论文插图包\20260417_115152\论文主图\09-月产量变化曲线图.png
08_历史论文插图包\20260417_115152\论文主图,09-月产量变化曲线图.svg,svg,39507,D:\xiangmu\miningplan\output\paper_insert_package\20260417_115152\paper_main_figures\09-月产量变化曲线图.svg,D:\xiangmu\miningplan\煤科投稿\最终图片\08_历史论文插图包\20260417_115152\论文主图\09-月产量变化曲线图.svg
08_历史论文插图包\20260417_115152\论文主图,10-采掘接续方案现金流分析图.pdf,pdf,16760,D:\xiangmu\miningplan\output\paper_insert_package\20260417_115152\paper_main_figures\10-采掘接续方案现金流分析图.pdf,D:\xiangmu\miningplan\煤科投稿\最终图片\08_历史论文插图包\20260417_115152\论文主图\10-采掘接续方案现金流分析图.pdf
08_历史论文插图包\20260417_115152\论文主图,10-采掘接续方案现金流分析图.png,png,112293,D:\xiangmu\miningplan\output\paper_insert_package\20260417_115152\paper_main_figures\10-采掘接续方案现金流分析图.png,D:\xiangmu\miningplan\煤科投稿\最终图片\08_历史论文插图包\20260417_115152\论文主图\10-采掘接续方案现金流分析图.png
08_历史论文插图包\20260417_115152\论文主图,10-采掘接续方案现金流分析图.svg,svg,76912,D:\xiangmu\miningplan\output\paper_insert_package\20260417_115152\paper_main_figures\10-采掘接续方案现金流分析图.svg,D:\xiangmu\miningplan\煤科投稿\最终图片\08_历史论文插图包\20260417_115152\论文主图\10-采掘接续方案现金流分析图.svg
08_历史论文插图包\20260417_120110\论文主图,01-覆岩扰动约束机理示意图.pdf,pdf,55176,D:\xiangmu\miningplan\output\paper_insert_package\20260417_120110\paper_main_figures\01-覆岩扰动约束机理示意图.pdf,D:\xiangmu\miningplan\煤科投稿\最终图片\08_历史论文插图包\20260417_120110\论文主图\01-覆岩扰动约束机理示意图.pdf
08_历史论文插图包\20260417_120110\论文主图,01-覆岩扰动约束机理示意图.png,png,184554,D:\xiangmu\miningplan\output\paper_insert_package\20260417_120110\paper_main_figures\01-覆岩扰动约束机理示意图.png,D:\xiangmu\miningplan\煤科投稿\最终图片\08_历史论文插图包\20260417_120110\论文主图\01-覆岩扰动约束机理示意图.png
08_历史论文插图包\20260417_120110\论文主图,01-覆岩扰动约束机理示意图.svg,svg,99879,D:\xiangmu\miningplan\output\paper_insert_package\20260417_120110\paper_main_figures\01-覆岩扰动约束机理示意图.svg,D:\xiangmu\miningplan\煤科投稿\最终图片\08_历史论文插图包\20260417_120110\论文主图\01-覆岩扰动约束机理示意图.svg
08_历史论文插图包\20260417_120110\论文主图,02-研究区钻孔空间分布图.pdf,pdf,10551,D:\xiangmu\miningplan\output\paper_insert_package\20260417_120110\paper_main_figures\02-研究区钻孔空间分布图.pdf,D:\xiangmu\miningplan\煤科投稿\最终图片\08_历史论文插图包\20260417_120110\论文主图\02-研究区钻孔空间分布图.pdf
08_历史论文插图包\20260417_120110\论文主图,02-研究区钻孔空间分布图.png,png,98151,D:\xiangmu\miningplan\output\paper_insert_package\20260417_120110\paper_main_figures\02-研究区钻孔空间分布图.png,D:\xiangmu\miningplan\煤科投稿\最终图片\08_历史论文插图包\20260417_120110\论文主图\02-研究区钻孔空间分布图.png
08_历史论文插图包\20260417_120110\论文主图,02-研究区钻孔空间分布图.svg,svg,29268,D:\xiangmu\miningplan\output\paper_insert_package\20260417_120110\paper_main_figures\02-研究区钻孔空间分布图.svg,D:\xiangmu\miningplan\煤科投稿\最终图片\08_历史论文插图包\20260417_120110\论文主图\02-研究区钻孔空间分布图.svg
08_历史论文插图包\20260417_120110\论文主图,03-研究区主要地质参数场分布图.pdf,pdf,187357,D:\xiangmu\miningplan\output\paper_insert_package\20260417_120110\paper_main_figures\03-研究区主要地质参数场分布图.pdf,D:\xiangmu\miningplan\煤科投稿\最终图片\08_历史论文插图包\20260417_120110\论文主图\03-研究区主要地质参数场分布图.pdf
08_历史论文插图包\20260417_120110\论文主图,03-研究区主要地质参数场分布图.png,png,659826,D:\xiangmu\miningplan\output\paper_insert_package\20260417_120110\paper_main_figures\03-研究区主要地质参数场分布图.png,D:\xiangmu\miningplan\煤科投稿\最终图片\08_历史论文插图包\20260417_120110\论文主图\03-研究区主要地质参数场分布图.png
08_历史论文插图包\20260417_120110\论文主图,03-研究区主要地质参数场分布图.svg,svg,863583,D:\xiangmu\miningplan\output\paper_insert_package\20260417_120110\paper_main_figures\03-研究区主要地质参数场分布图.svg,D:\xiangmu\miningplan\煤科投稿\最终图片\08_历史论文插图包\20260417_120110\论文主图\03-研究区主要地质参数场分布图.svg
08_历史论文插图包\20260417_120110\论文主图,04-多场景ODI分布结果对比图.pdf,pdf,676893,D:\xiangmu\miningplan\output\paper_insert_package\20260417_120110\paper_main_figures\04-多场景ODI分布结果对比图.pdf,D:\xiangmu\miningplan\煤科投稿\最终图片\08_历史论文插图包\20260417_120110\论文主图\04-多场景ODI分布结果对比图.pdf
08_历史论文插图包\20260417_120110\论文主图,04-多场景ODI分布结果对比图.png,png,881938,D:\xiangmu\miningplan\output\paper_insert_package\20260417_120110\paper_main_figures\04-多场景ODI分布结果对比图.png,D:\xiangmu\miningplan\煤科投稿\最终图片\08_历史论文插图包\20260417_120110\论文主图\04-多场景ODI分布结果对比图.png
08_历史论文插图包\20260417_120110\论文主图,04-多场景ODI分布结果对比图.svg,svg,1875732,D:\xiangmu\miningplan\output\paper_insert_package\20260417_120110\paper_main_figures\04-多场景ODI分布结果对比图.svg,D:\xiangmu\miningplan\煤科投稿\最终图片\08_历史论文插图包\20260417_120110\论文主图\04-多场景ODI分布结果对比图.svg
08_历史论文插图包\20260417_120110\论文主图,05-含水层扰动约束下最终规划布局与ODI场叠置图.pdf,pdf,58919,D:\xiangmu\miningplan\output\paper_insert_package\20260417_120110\paper_main_figures\05-含水层扰动约束下最终规划布局与ODI场叠置图.pdf,D:\xiangmu\miningplan\煤科投稿\最终图片\08_历史论文插图包\20260417_120110\论文主图\05-含水层扰动约束下最终规划布局与ODI场叠置图.pdf
08_历史论文插图包\20260417_120110\论文主图,05-含水层扰动约束下最终规划布局与ODI场叠置图.png,png,345153,D:\xiangmu\miningplan\output\paper_insert_package\20260417_120110\paper_main_figures\05-含水层扰动约束下最终规划布局与ODI场叠置图.png,D:\xiangmu\miningplan\煤科投稿\最终图片\08_历史论文插图包\20260417_120110\论文主图\05-含水层扰动约束下最终规划布局与ODI场叠置图.png
08_历史论文插图包\20260417_120110\论文主图,05-含水层扰动约束下最终规划布局与ODI场叠置图.svg,svg,254014,D:\xiangmu\miningplan\output\paper_insert_package\20260417_120110\paper_main_figures\05-含水层扰动约束下最终规划布局与ODI场叠置图.svg,D:\xiangmu\miningplan\煤科投稿\最终图片\08_历史论文插图包\20260417_120110\论文主图\05-含水层扰动约束下最终规划布局与ODI场叠置图.svg
08_历史论文插图包\20260417_120110\论文主图,06-采区规划布局结果图.pdf,pdf,10592,D:\xiangmu\miningplan\output\paper_insert_package\20260417_120110\paper_main_figures\06-采区规划布局结果图.pdf,D:\xiangmu\miningplan\煤科投稿\最终图片\08_历史论文插图包\20260417_120110\论文主图\06-采区规划布局结果图.pdf
08_历史论文插图包\20260417_120110\论文主图,06-采区规划布局结果图.png,png,114732,D:\xiangmu\miningplan\output\paper_insert_package\20260417_120110\paper_main_figures\06-采区规划布局结果图.png,D:\xiangmu\miningplan\煤科投稿\最终图片\08_历史论文插图包\20260417_120110\论文主图\06-采区规划布局结果图.png
08_历史论文插图包\20260417_120110\论文主图,06-采区规划布局结果图.svg,svg,35224,D:\xiangmu\miningplan\output\paper_insert_package\20260417_120110\paper_main_figures\06-采区规划布局结果图.svg,D:\xiangmu\miningplan\煤科投稿\最终图片\08_历史论文插图包\20260417_120110\论文主图\06-采区规划布局结果图.svg
08_历史论文插图包\20260417_120110\论文主图,07-四模式规划指标对比图.pdf,pdf,20391,D:\xiangmu\miningplan\output\paper_insert_package\20260417_120110\paper_main_figures\07-四模式规划指标对比图.pdf,D:\xiangmu\miningplan\煤科投稿\最终图片\08_历史论文插图包\20260417_120110\论文主图\07-四模式规划指标对比图.pdf
08_历史论文插图包\20260417_120110\论文主图,07-四模式规划指标对比图.png,png,103547,D:\xiangmu\miningplan\output\paper_insert_package\20260417_120110\paper_main_figures\07-四模式规划指标对比图.png,D:\xiangmu\miningplan\煤科投稿\最终图片\08_历史论文插图包\20260417_120110\论文主图\07-四模式规划指标对比图.png
08_历史论文插图包\20260417_120110\论文主图,07-四模式规划指标对比图.svg,svg,43750,D:\xiangmu\miningplan\output\paper_insert_package\20260417_120110\paper_main_figures\07-四模式规划指标对比图.svg,D:\xiangmu\miningplan\煤科投稿\最终图片\08_历史论文插图包\20260417_120110\论文主图\07-四模式规划指标对比图.svg
08_历史论文插图包\20260417_120110\论文主图,08-采掘接续时序安排图.pdf,pdf,14585,D:\xiangmu\miningplan\output\paper_insert_package\20260417_120110\paper_main_figures\08-采掘接续时序安排图.pdf,D:\xiangmu\miningplan\煤科投稿\最终图片\08_历史论文插图包\20260417_120110\论文主图\08-采掘接续时序安排图.pdf
08_历史论文插图包\20260417_120110\论文主图,08-采掘接续时序安排图.png,png,133402,D:\xiangmu\miningplan\output\paper_insert_package\20260417_120110\paper_main_figures\08-采掘接续时序安排图.png,D:\xiangmu\miningplan\煤科投稿\最终图片\08_历史论文插图包\20260417_120110\论文主图\08-采掘接续时序安排图.png
08_历史论文插图包\20260417_120110\论文主图,08-采掘接续时序安排图.svg,svg,64125,D:\xiangmu\miningplan\output\paper_insert_package\20260417_120110\paper_main_figures\08-采掘接续时序安排图.svg,D:\xiangmu\miningplan\煤科投稿\最终图片\08_历史论文插图包\20260417_120110\论文主图\08-采掘接续时序安排图.svg
08_历史论文插图包\20260417_120110\论文主图,09-月产量变化曲线图.pdf,pdf,10962,D:\xiangmu\miningplan\output\paper_insert_package\20260417_120110\paper_main_figures\09-月产量变化曲线图.pdf,D:\xiangmu\miningplan\煤科投稿\最终图片\08_历史论文插图包\20260417_120110\论文主图\09-月产量变化曲线图.pdf
08_历史论文插图包\20260417_120110\论文主图,09-月产量变化曲线图.png,png,84909,D:\xiangmu\miningplan\output\paper_insert_package\20260417_120110\paper_main_figures\09-月产量变化曲线图.png,D:\xiangmu\miningplan\煤科投稿\最终图片\08_历史论文插图包\20260417_120110\论文主图\09-月产量变化曲线图.png
08_历史论文插图包\20260417_120110\论文主图,09-月产量变化曲线图.svg,svg,39507,D:\xiangmu\miningplan\output\paper_insert_package\20260417_120110\paper_main_figures\09-月产量变化曲线图.svg,D:\xiangmu\miningplan\煤科投稿\最终图片\08_历史论文插图包\20260417_120110\论文主图\09-月产量变化曲线图.svg
08_历史论文插图包\20260417_120110\论文主图,10-采掘接续方案现金流分析图.pdf,pdf,16760,D:\xiangmu\miningplan\output\paper_insert_package\20260417_120110\paper_main_figures\10-采掘接续方案现金流分析图.pdf,D:\xiangmu\miningplan\煤科投稿\最终图片\08_历史论文插图包\20260417_120110\论文主图\10-采掘接续方案现金流分析图.pdf
08_历史论文插图包\20260417_120110\论文主图,10-采掘接续方案现金流分析图.png,png,112293,D:\xiangmu\miningplan\output\paper_insert_package\20260417_120110\paper_main_figures\10-采掘接续方案现金流分析图.png,D:\xiangmu\miningplan\煤科投稿\最终图片\08_历史论文插图包\20260417_120110\论文主图\10-采掘接续方案现金流分析图.png
08_历史论文插图包\20260417_120110\论文主图,10-采掘接续方案现金流分析图.svg,svg,76912,D:\xiangmu\miningplan\output\paper_insert_package\20260417_120110\paper_main_figures\10-采掘接续方案现金流分析图.svg,D:\xiangmu\miningplan\煤科投稿\最终图片\08_历史论文插图包\20260417_120110\论文主图\10-采掘接续方案现金流分析图.svg
08_历史论文插图包\20260417_120209\论文主图,01-覆岩扰动约束机理示意图.pdf,pdf,55176,D:\xiangmu\miningplan\output\paper_insert_package\20260417_120209\paper_main_figures\01-覆岩扰动约束机理示意图.pdf,D:\xiangmu\miningplan\煤科投稿\最终图片\08_历史论文插图包\20260417_120209\论文主图\01-覆岩扰动约束机理示意图.pdf
08_历史论文插图包\20260417_120209\论文主图,01-覆岩扰动约束机理示意图.png,png,184554,D:\xiangmu\miningplan\output\paper_insert_package\20260417_120209\paper_main_figures\01-覆岩扰动约束机理示意图.png,D:\xiangmu\miningplan\煤科投稿\最终图片\08_历史论文插图包\20260417_120209\论文主图\01-覆岩扰动约束机理示意图.png
08_历史论文插图包\20260417_120209\论文主图,01-覆岩扰动约束机理示意图.svg,svg,99879,D:\xiangmu\miningplan\output\paper_insert_package\20260417_120209\paper_main_figures\01-覆岩扰动约束机理示意图.svg,D:\xiangmu\miningplan\煤科投稿\最终图片\08_历史论文插图包\20260417_120209\论文主图\01-覆岩扰动约束机理示意图.svg
08_历史论文插图包\20260417_120209\论文主图,02-研究区钻孔空间分布图.pdf,pdf,10551,D:\xiangmu\miningplan\output\paper_insert_package\20260417_120209\paper_main_figures\02-研究区钻孔空间分布图.pdf,D:\xiangmu\miningplan\煤科投稿\最终图片\08_历史论文插图包\20260417_120209\论文主图\02-研究区钻孔空间分布图.pdf
08_历史论文插图包\20260417_120209\论文主图,02-研究区钻孔空间分布图.png,png,98151,D:\xiangmu\miningplan\output\paper_insert_package\20260417_120209\paper_main_figures\02-研究区钻孔空间分布图.png,D:\xiangmu\miningplan\煤科投稿\最终图片\08_历史论文插图包\20260417_120209\论文主图\02-研究区钻孔空间分布图.png
08_历史论文插图包\20260417_120209\论文主图,02-研究区钻孔空间分布图.svg,svg,29268,D:\xiangmu\miningplan\output\paper_insert_package\20260417_120209\paper_main_figures\02-研究区钻孔空间分布图.svg,D:\xiangmu\miningplan\煤科投稿\最终图片\08_历史论文插图包\20260417_120209\论文主图\02-研究区钻孔空间分布图.svg
08_历史论文插图包\20260417_120209\论文主图,03-研究区主要地质参数场分布图.pdf,pdf,187357,D:\xiangmu\miningplan\output\paper_insert_package\20260417_120209\paper_main_figures\03-研究区主要地质参数场分布图.pdf,D:\xiangmu\miningplan\煤科投稿\最终图片\08_历史论文插图包\20260417_120209\论文主图\03-研究区主要地质参数场分布图.pdf
08_历史论文插图包\20260417_120209\论文主图,03-研究区主要地质参数场分布图.png,png,659826,D:\xiangmu\miningplan\output\paper_insert_package\20260417_120209\paper_main_figures\03-研究区主要地质参数场分布图.png,D:\xiangmu\miningplan\煤科投稿\最终图片\08_历史论文插图包\20260417_120209\论文主图\03-研究区主要地质参数场分布图.png
08_历史论文插图包\20260417_120209\论文主图,03-研究区主要地质参数场分布图.svg,svg,863583,D:\xiangmu\miningplan\output\paper_insert_package\20260417_120209\paper_main_figures\03-研究区主要地质参数场分布图.svg,D:\xiangmu\miningplan\煤科投稿\最终图片\08_历史论文插图包\20260417_120209\论文主图\03-研究区主要地质参数场分布图.svg
08_历史论文插图包\20260417_120209\论文主图,04-多场景ODI分布结果对比图.pdf,pdf,678850,D:\xiangmu\miningplan\output\paper_insert_package\20260417_120209\paper_main_figures\04-多场景ODI分布结果对比图.pdf,D:\xiangmu\miningplan\煤科投稿\最终图片\08_历史论文插图包\20260417_120209\论文主图\04-多场景ODI分布结果对比图.pdf
08_历史论文插图包\20260417_120209\论文主图,04-多场景ODI分布结果对比图.png,png,1006389,D:\xiangmu\miningplan\output\paper_insert_package\20260417_120209\paper_main_figures\04-多场景ODI分布结果对比图.png,D:\xiangmu\miningplan\煤科投稿\最终图片\08_历史论文插图包\20260417_120209\论文主图\04-多场景ODI分布结果对比图.png
08_历史论文插图包\20260417_120209\论文主图,04-多场景ODI分布结果对比图.svg,svg,1880126,D:\xiangmu\miningplan\output\paper_insert_package\20260417_120209\paper_main_figures\04-多场景ODI分布结果对比图.svg,D:\xiangmu\miningplan\煤科投稿\最终图片\08_历史论文插图包\20260417_120209\论文主图\04-多场景ODI分布结果对比图.svg
08_历史论文插图包\20260417_120209\论文主图,05-含水层扰动约束下最终规划布局与ODI场叠置图.pdf,pdf,58919,D:\xiangmu\miningplan\output\paper_insert_package\20260417_120209\paper_main_figures\05-含水层扰动约束下最终规划布局与ODI场叠置图.pdf,D:\xiangmu\miningplan\煤科投稿\最终图片\08_历史论文插图包\20260417_120209\论文主图\05-含水层扰动约束下最终规划布局与ODI场叠置图.pdf
08_历史论文插图包\20260417_120209\论文主图,05-含水层扰动约束下最终规划布局与ODI场叠置图.png,png,345153,D:\xiangmu\miningplan\output\paper_insert_package\20260417_120209\paper_main_figures\05-含水层扰动约束下最终规划布局与ODI场叠置图.png,D:\xiangmu\miningplan\煤科投稿\最终图片\08_历史论文插图包\20260417_120209\论文主图\05-含水层扰动约束下最终规划布局与ODI场叠置图.png
08_历史论文插图包\20260417_120209\论文主图,05-含水层扰动约束下最终规划布局与ODI场叠置图.svg,svg,254014,D:\xiangmu\miningplan\output\paper_insert_package\20260417_120209\paper_main_figures\05-含水层扰动约束下最终规划布局与ODI场叠置图.svg,D:\xiangmu\miningplan\煤科投稿\最终图片\08_历史论文插图包\20260417_120209\论文主图\05-含水层扰动约束下最终规划布局与ODI场叠置图.svg
08_历史论文插图包\20260417_120209\论文主图,06-采区规划布局结果图.pdf,pdf,10592,D:\xiangmu\miningplan\output\paper_insert_package\20260417_120209\paper_main_figures\06-采区规划布局结果图.pdf,D:\xiangmu\miningplan\煤科投稿\最终图片\08_历史论文插图包\20260417_120209\论文主图\06-采区规划布局结果图.pdf
08_历史论文插图包\20260417_120209\论文主图,06-采区规划布局结果图.png,png,114732,D:\xiangmu\miningplan\output\paper_insert_package\20260417_120209\paper_main_figures\06-采区规划布局结果图.png,D:\xiangmu\miningplan\煤科投稿\最终图片\08_历史论文插图包\20260417_120209\论文主图\06-采区规划布局结果图.png
08_历史论文插图包\20260417_120209\论文主图,06-采区规划布局结果图.svg,svg,35224,D:\xiangmu\miningplan\output\paper_insert_package\20260417_120209\paper_main_figures\06-采区规划布局结果图.svg,D:\xiangmu\miningplan\煤科投稿\最终图片\08_历史论文插图包\20260417_120209\论文主图\06-采区规划布局结果图.svg
08_历史论文插图包\20260417_120209\论文主图,07-四模式规划指标对比图.pdf,pdf,20391,D:\xiangmu\miningplan\output\paper_insert_package\20260417_120209\paper_main_figures\07-四模式规划指标对比图.pdf,D:\xiangmu\miningplan\煤科投稿\最终图片\08_历史论文插图包\20260417_120209\论文主图\07-四模式规划指标对比图.pdf
08_历史论文插图包\20260417_120209\论文主图,07-四模式规划指标对比图.png,png,103547,D:\xiangmu\miningplan\output\paper_insert_package\20260417_120209\paper_main_figures\07-四模式规划指标对比图.png,D:\xiangmu\miningplan\煤科投稿\最终图片\08_历史论文插图包\20260417_120209\论文主图\07-四模式规划指标对比图.png
08_历史论文插图包\20260417_120209\论文主图,07-四模式规划指标对比图.svg,svg,43750,D:\xiangmu\miningplan\output\paper_insert_package\20260417_120209\paper_main_figures\07-四模式规划指标对比图.svg,D:\xiangmu\miningplan\煤科投稿\最终图片\08_历史论文插图包\20260417_120209\论文主图\07-四模式规划指标对比图.svg
08_历史论文插图包\20260417_120209\论文主图,08-采掘接续时序安排图.pdf,pdf,14585,D:\xiangmu\miningplan\output\paper_insert_package\20260417_120209\paper_main_figures\08-采掘接续时序安排图.pdf,D:\xiangmu\miningplan\煤科投稿\最终图片\08_历史论文插图包\20260417_120209\论文主图\08-采掘接续时序安排图.pdf
08_历史论文插图包\20260417_120209\论文主图,08-采掘接续时序安排图.png,png,133402,D:\xiangmu\miningplan\output\paper_insert_package\20260417_120209\paper_main_figures\08-采掘接续时序安排图.png,D:\xiangmu\miningplan\煤科投稿\最终图片\08_历史论文插图包\20260417_120209\论文主图\08-采掘接续时序安排图.png
08_历史论文插图包\20260417_120209\论文主图,08-采掘接续时序安排图.svg,svg,64125,D:\xiangmu\miningplan\output\paper_insert_package\20260417_120209\paper_main_figures\08-采掘接续时序安排图.svg,D:\xiangmu\miningplan\煤科投稿\最终图片\08_历史论文插图包\20260417_120209\论文主图\08-采掘接续时序安排图.svg
08_历史论文插图包\20260417_120209\论文主图,09-月产量变化曲线图.pdf,pdf,10962,D:\xiangmu\miningplan\output\paper_insert_package\20260417_120209\paper_main_figures\09-月产量变化曲线图.pdf,D:\xiangmu\miningplan\煤科投稿\最终图片\08_历史论文插图包\20260417_120209\论文主图\09-月产量变化曲线图.pdf
08_历史论文插图包\20260417_120209\论文主图,09-月产量变化曲线图.png,png,84909,D:\xiangmu\miningplan\output\paper_insert_package\20260417_120209\paper_main_figures\09-月产量变化曲线图.png,D:\xiangmu\miningplan\煤科投稿\最终图片\08_历史论文插图包\20260417_120209\论文主图\09-月产量变化曲线图.png
08_历史论文插图包\20260417_120209\论文主图,09-月产量变化曲线图.svg,svg,39507,D:\xiangmu\miningplan\output\paper_insert_package\20260417_120209\paper_main_figures\09-月产量变化曲线图.svg,D:\xiangmu\miningplan\煤科投稿\最终图片\08_历史论文插图包\20260417_120209\论文主图\09-月产量变化曲线图.svg
08_历史论文插图包\20260417_120209\论文主图,10-采掘接续方案现金流分析图.pdf,pdf,16760,D:\xiangmu\miningplan\output\paper_insert_package\20260417_120209\paper_main_figures\10-采掘接续方案现金流分析图.pdf,D:\xiangmu\miningplan\煤科投稿\最终图片\08_历史论文插图包\20260417_120209\论文主图\10-采掘接续方案现金流分析图.pdf
08_历史论文插图包\20260417_120209\论文主图,10-采掘接续方案现金流分析图.png,png,112293,D:\xiangmu\miningplan\output\paper_insert_package\20260417_120209\paper_main_figures\10-采掘接续方案现金流分析图.png,D:\xiangmu\miningplan\煤科投稿\最终图片\08_历史论文插图包\20260417_120209\论文主图\10-采掘接续方案现金流分析图.png
08_历史论文插图包\20260417_120209\论文主图,10-采掘接续方案现金流分析图.svg,svg,76912,D:\xiangmu\miningplan\output\paper_insert_package\20260417_120209\paper_main_figures\10-采掘接续方案现金流分析图.svg,D:\xiangmu\miningplan\煤科投稿\最终图片\08_历史论文插图包\20260417_120209\论文主图\10-采掘接续方案现金流分析图.svg
08_历史论文插图包\20260417_122532\论文主图,01-覆岩扰动约束机理示意图.pdf,pdf,55176,D:\xiangmu\miningplan\output\paper_insert_package\20260417_122532\paper_main_figures\01-覆岩扰动约束机理示意图.pdf,D:\xiangmu\miningplan\煤科投稿\最终图片\08_历史论文插图包\20260417_122532\论文主图\01-覆岩扰动约束机理示意图.pdf
08_历史论文插图包\20260417_122532\论文主图,01-覆岩扰动约束机理示意图.png,png,184554,D:\xiangmu\miningplan\output\paper_insert_package\20260417_122532\paper_main_figures\01-覆岩扰动约束机理示意图.png,D:\xiangmu\miningplan\煤科投稿\最终图片\08_历史论文插图包\20260417_122532\论文主图\01-覆岩扰动约束机理示意图.png
08_历史论文插图包\20260417_122532\论文主图,01-覆岩扰动约束机理示意图.svg,svg,99879,D:\xiangmu\miningplan\output\paper_insert_package\20260417_122532\paper_main_figures\01-覆岩扰动约束机理示意图.svg,D:\xiangmu\miningplan\煤科投稿\最终图片\08_历史论文插图包\20260417_122532\论文主图\01-覆岩扰动约束机理示意图.svg
08_历史论文插图包\20260417_122532\论文主图,02-研究区钻孔空间分布图.pdf,pdf,10551,D:\xiangmu\miningplan\output\paper_insert_package\20260417_122532\paper_main_figures\02-研究区钻孔空间分布图.pdf,D:\xiangmu\miningplan\煤科投稿\最终图片\08_历史论文插图包\20260417_122532\论文主图\02-研究区钻孔空间分布图.pdf
08_历史论文插图包\20260417_122532\论文主图,02-研究区钻孔空间分布图.png,png,98151,D:\xiangmu\miningplan\output\paper_insert_package\20260417_122532\paper_main_figures\02-研究区钻孔空间分布图.png,D:\xiangmu\miningplan\煤科投稿\最终图片\08_历史论文插图包\20260417_122532\论文主图\02-研究区钻孔空间分布图.png
08_历史论文插图包\20260417_122532\论文主图,02-研究区钻孔空间分布图.svg,svg,29268,D:\xiangmu\miningplan\output\paper_insert_package\20260417_122532\paper_main_figures\02-研究区钻孔空间分布图.svg,D:\xiangmu\miningplan\煤科投稿\最终图片\08_历史论文插图包\20260417_122532\论文主图\02-研究区钻孔空间分布图.svg
08_历史论文插图包\20260417_122532\论文主图,03-研究区主要地质参数场分布图.pdf,pdf,187357,D:\xiangmu\miningplan\output\paper_insert_package\20260417_122532\paper_main_figures\03-研究区主要地质参数场分布图.pdf,D:\xiangmu\miningplan\煤科投稿\最终图片\08_历史论文插图包\20260417_122532\论文主图\03-研究区主要地质参数场分布图.pdf
08_历史论文插图包\20260417_122532\论文主图,03-研究区主要地质参数场分布图.png,png,659826,D:\xiangmu\miningplan\output\paper_insert_package\20260417_122532\paper_main_figures\03-研究区主要地质参数场分布图.png,D:\xiangmu\miningplan\煤科投稿\最终图片\08_历史论文插图包\20260417_122532\论文主图\03-研究区主要地质参数场分布图.png
08_历史论文插图包\20260417_122532\论文主图,03-研究区主要地质参数场分布图.svg,svg,863583,D:\xiangmu\miningplan\output\paper_insert_package\20260417_122532\paper_main_figures\03-研究区主要地质参数场分布图.svg,D:\xiangmu\miningplan\煤科投稿\最终图片\08_历史论文插图包\20260417_122532\论文主图\03-研究区主要地质参数场分布图.svg
08_历史论文插图包\20260417_122532\论文主图,04-多场景ODI分布结果对比图.pdf,pdf,685359,D:\xiangmu\miningplan\output\paper_insert_package\20260417_122532\paper_main_figures\04-多场景ODI分布结果对比图.pdf,D:\xiangmu\miningplan\煤科投稿\最终图片\08_历史论文插图包\20260417_122532\论文主图\04-多场景ODI分布结果对比图.pdf
08_历史论文插图包\20260417_122532\论文主图,04-多场景ODI分布结果对比图.png,png,1011894,D:\xiangmu\miningplan\output\paper_insert_package\20260417_122532\paper_main_figures\04-多场景ODI分布结果对比图.png,D:\xiangmu\miningplan\煤科投稿\最终图片\08_历史论文插图包\20260417_122532\论文主图\04-多场景ODI分布结果对比图.png
08_历史论文插图包\20260417_122532\论文主图,04-多场景ODI分布结果对比图.svg,svg,1901730,D:\xiangmu\miningplan\output\paper_insert_package\20260417_122532\paper_main_figures\04-多场景ODI分布结果对比图.svg,D:\xiangmu\miningplan\煤科投稿\最终图片\08_历史论文插图包\20260417_122532\论文主图\04-多场景ODI分布结果对比图.svg
08_历史论文插图包\20260417_122532\论文主图,05-含水层扰动约束下最终规划布局与ODI场叠置图.pdf,pdf,58919,D:\xiangmu\miningplan\output\paper_insert_package\20260417_122532\paper_main_figures\05-含水层扰动约束下最终规划布局与ODI场叠置图.pdf,D:\xiangmu\miningplan\煤科投稿\最终图片\08_历史论文插图包\20260417_122532\论文主图\05-含水层扰动约束下最终规划布局与ODI场叠置图.pdf
08_历史论文插图包\20260417_122532\论文主图,05-含水层扰动约束下最终规划布局与ODI场叠置图.png,png,345153,D:\xiangmu\miningplan\output\paper_insert_package\20260417_122532\paper_main_figures\05-含水层扰动约束下最终规划布局与ODI场叠置图.png,D:\xiangmu\miningplan\煤科投稿\最终图片\08_历史论文插图包\20260417_122532\论文主图\05-含水层扰动约束下最终规划布局与ODI场叠置图.png
08_历史论文插图包\20260417_122532\论文主图,05-含水层扰动约束下最终规划布局与ODI场叠置图.svg,svg,254014,D:\xiangmu\miningplan\output\paper_insert_package\20260417_122532\paper_main_figures\05-含水层扰动约束下最终规划布局与ODI场叠置图.svg,D:\xiangmu\miningplan\煤科投稿\最终图片\08_历史论文插图包\20260417_122532\论文主图\05-含水层扰动约束下最终规划布局与ODI场叠置图.svg
08_历史论文插图包\20260417_122532\论文主图,06-采区规划布局结果图.pdf,pdf,10592,D:\xiangmu\miningplan\output\paper_insert_package\20260417_122532\paper_main_figures\06-采区规划布局结果图.pdf,D:\xiangmu\miningplan\煤科投稿\最终图片\08_历史论文插图包\20260417_122532\论文主图\06-采区规划布局结果图.pdf
08_历史论文插图包\20260417_122532\论文主图,06-采区规划布局结果图.png,png,114732,D:\xiangmu\miningplan\output\paper_insert_package\20260417_122532\paper_main_figures\06-采区规划布局结果图.png,D:\xiangmu\miningplan\煤科投稿\最终图片\08_历史论文插图包\20260417_122532\论文主图\06-采区规划布局结果图.png
08_历史论文插图包\20260417_122532\论文主图,06-采区规划布局结果图.svg,svg,35224,D:\xiangmu\miningplan\output\paper_insert_package\20260417_122532\paper_main_figures\06-采区规划布局结果图.svg,D:\xiangmu\miningplan\煤科投稿\最终图片\08_历史论文插图包\20260417_122532\论文主图\06-采区规划布局结果图.svg
08_历史论文插图包\20260417_122532\论文主图,07-四模式规划指标对比图.pdf,pdf,20391,D:\xiangmu\miningplan\output\paper_insert_package\20260417_122532\paper_main_figures\07-四模式规划指标对比图.pdf,D:\xiangmu\miningplan\煤科投稿\最终图片\08_历史论文插图包\20260417_122532\论文主图\07-四模式规划指标对比图.pdf
08_历史论文插图包\20260417_122532\论文主图,07-四模式规划指标对比图.png,png,103547,D:\xiangmu\miningplan\output\paper_insert_package\20260417_122532\paper_main_figures\07-四模式规划指标对比图.png,D:\xiangmu\miningplan\煤科投稿\最终图片\08_历史论文插图包\20260417_122532\论文主图\07-四模式规划指标对比图.png
08_历史论文插图包\20260417_122532\论文主图,07-四模式规划指标对比图.svg,svg,43750,D:\xiangmu\miningplan\output\paper_insert_package\20260417_122532\paper_main_figures\07-四模式规划指标对比图.svg,D:\xiangmu\miningplan\煤科投稿\最终图片\08_历史论文插图包\20260417_122532\论文主图\07-四模式规划指标对比图.svg
08_历史论文插图包\20260417_122532\论文主图,08-采掘接续时序安排图.pdf,pdf,14585,D:\xiangmu\miningplan\output\paper_insert_package\20260417_122532\paper_main_figures\08-采掘接续时序安排图.pdf,D:\xiangmu\miningplan\煤科投稿\最终图片\08_历史论文插图包\20260417_122532\论文主图\08-采掘接续时序安排图.pdf
08_历史论文插图包\20260417_122532\论文主图,08-采掘接续时序安排图.png,png,133402,D:\xiangmu\miningplan\output\paper_insert_package\20260417_122532\paper_main_figures\08-采掘接续时序安排图.png,D:\xiangmu\miningplan\煤科投稿\最终图片\08_历史论文插图包\20260417_122532\论文主图\08-采掘接续时序安排图.png
08_历史论文插图包\20260417_122532\论文主图,08-采掘接续时序安排图.svg,svg,64125,D:\xiangmu\miningplan\output\paper_insert_package\20260417_122532\paper_main_figures\08-采掘接续时序安排图.svg,D:\xiangmu\miningplan\煤科投稿\最终图片\08_历史论文插图包\20260417_122532\论文主图\08-采掘接续时序安排图.svg
08_历史论文插图包\20260417_122532\论文主图,09-月产量变化曲线图.pdf,pdf,10962,D:\xiangmu\miningplan\output\paper_insert_package\20260417_122532\paper_main_figures\09-月产量变化曲线图.pdf,D:\xiangmu\miningplan\煤科投稿\最终图片\08_历史论文插图包\20260417_122532\论文主图\09-月产量变化曲线图.pdf
08_历史论文插图包\20260417_122532\论文主图,09-月产量变化曲线图.png,png,84909,D:\xiangmu\miningplan\output\paper_insert_package\20260417_122532\paper_main_figures\09-月产量变化曲线图.png,D:\xiangmu\miningplan\煤科投稿\最终图片\08_历史论文插图包\20260417_122532\论文主图\09-月产量变化曲线图.png
08_历史论文插图包\20260417_122532\论文主图,09-月产量变化曲线图.svg,svg,39507,D:\xiangmu\miningplan\output\paper_insert_package\20260417_122532\paper_main_figures\09-月产量变化曲线图.svg,D:\xiangmu\miningplan\煤科投稿\最终图片\08_历史论文插图包\20260417_122532\论文主图\09-月产量变化曲线图.svg
08_历史论文插图包\20260417_122532\论文主图,10-采掘接续方案现金流分析图.pdf,pdf,16760,D:\xiangmu\miningplan\output\paper_insert_package\20260417_122532\paper_main_figures\10-采掘接续方案现金流分析图.pdf,D:\xiangmu\miningplan\煤科投稿\最终图片\08_历史论文插图包\20260417_122532\论文主图\10-采掘接续方案现金流分析图.pdf
08_历史论文插图包\20260417_122532\论文主图,10-采掘接续方案现金流分析图.png,png,112293,D:\xiangmu\miningplan\output\paper_insert_package\20260417_122532\paper_main_figures\10-采掘接续方案现金流分析图.png,D:\xiangmu\miningplan\煤科投稿\最终图片\08_历史论文插图包\20260417_122532\论文主图\10-采掘接续方案现金流分析图.png
08_历史论文插图包\20260417_122532\论文主图,10-采掘接续方案现金流分析图.svg,svg,76912,D:\xiangmu\miningplan\output\paper_insert_package\20260417_122532\paper_main_figures\10-采掘接续方案现金流分析图.svg,D:\xiangmu\miningplan\煤科投稿\最终图片\08_历史论文插图包\20260417_122532\论文主图\10-采掘接续方案现金流分析图.svg
08_历史论文插图包\20260417_122706\论文主图,01-覆岩扰动约束机理示意图.pdf,pdf,55176,D:\xiangmu\miningplan\output\paper_insert_package\20260417_122706\paper_main_figures\01-覆岩扰动约束机理示意图.pdf,D:\xiangmu\miningplan\煤科投稿\最终图片\08_历史论文插图包\20260417_122706\论文主图\01-覆岩扰动约束机理示意图.pdf
08_历史论文插图包\20260417_122706\论文主图,01-覆岩扰动约束机理示意图.png,png,184554,D:\xiangmu\miningplan\output\paper_insert_package\20260417_122706\paper_main_figures\01-覆岩扰动约束机理示意图.png,D:\xiangmu\miningplan\煤科投稿\最终图片\08_历史论文插图包\20260417_122706\论文主图\01-覆岩扰动约束机理示意图.png
08_历史论文插图包\20260417_122706\论文主图,01-覆岩扰动约束机理示意图.svg,svg,99879,D:\xiangmu\miningplan\output\paper_insert_package\20260417_122706\paper_main_figures\01-覆岩扰动约束机理示意图.svg,D:\xiangmu\miningplan\煤科投稿\最终图片\08_历史论文插图包\20260417_122706\论文主图\01-覆岩扰动约束机理示意图.svg
08_历史论文插图包\20260417_122706\论文主图,02-研究区钻孔空间分布图.pdf,pdf,10551,D:\xiangmu\miningplan\output\paper_insert_package\20260417_122706\paper_main_figures\02-研究区钻孔空间分布图.pdf,D:\xiangmu\miningplan\煤科投稿\最终图片\08_历史论文插图包\20260417_122706\论文主图\02-研究区钻孔空间分布图.pdf
08_历史论文插图包\20260417_122706\论文主图,02-研究区钻孔空间分布图.png,png,98151,D:\xiangmu\miningplan\output\paper_insert_package\20260417_122706\paper_main_figures\02-研究区钻孔空间分布图.png,D:\xiangmu\miningplan\煤科投稿\最终图片\08_历史论文插图包\20260417_122706\论文主图\02-研究区钻孔空间分布图.png
08_历史论文插图包\20260417_122706\论文主图,02-研究区钻孔空间分布图.svg,svg,29268,D:\xiangmu\miningplan\output\paper_insert_package\20260417_122706\paper_main_figures\02-研究区钻孔空间分布图.svg,D:\xiangmu\miningplan\煤科投稿\最终图片\08_历史论文插图包\20260417_122706\论文主图\02-研究区钻孔空间分布图.svg
08_历史论文插图包\20260417_122706\论文主图,03-研究区主要地质参数场分布图.pdf,pdf,187357,D:\xiangmu\miningplan\output\paper_insert_package\20260417_122706\paper_main_figures\03-研究区主要地质参数场分布图.pdf,D:\xiangmu\miningplan\煤科投稿\最终图片\08_历史论文插图包\20260417_122706\论文主图\03-研究区主要地质参数场分布图.pdf
08_历史论文插图包\20260417_122706\论文主图,03-研究区主要地质参数场分布图.png,png,659826,D:\xiangmu\miningplan\output\paper_insert_package\20260417_122706\paper_main_figures\03-研究区主要地质参数场分布图.png,D:\xiangmu\miningplan\煤科投稿\最终图片\08_历史论文插图包\20260417_122706\论文主图\03-研究区主要地质参数场分布图.png
08_历史论文插图包\20260417_122706\论文主图,03-研究区主要地质参数场分布图.svg,svg,863583,D:\xiangmu\miningplan\output\paper_insert_package\20260417_122706\paper_main_figures\03-研究区主要地质参数场分布图.svg,D:\xiangmu\miningplan\煤科投稿\最终图片\08_历史论文插图包\20260417_122706\论文主图\03-研究区主要地质参数场分布图.svg
08_历史论文插图包\20260417_122706\论文主图,04-多场景ODI分布结果对比图.pdf,pdf,606523,D:\xiangmu\miningplan\output\paper_insert_package\20260417_122706\paper_main_figures\04-多场景ODI分布结果对比图.pdf,D:\xiangmu\miningplan\煤科投稿\最终图片\08_历史论文插图包\20260417_122706\论文主图\04-多场景ODI分布结果对比图.pdf
08_历史论文插图包\20260417_122706\论文主图,04-多场景ODI分布结果对比图.png,png,763160,D:\xiangmu\miningplan\output\paper_insert_package\20260417_122706\paper_main_figures\04-多场景ODI分布结果对比图.png,D:\xiangmu\miningplan\煤科投稿\最终图片\08_历史论文插图包\20260417_122706\论文主图\04-多场景ODI分布结果对比图.png
08_历史论文插图包\20260417_122706\论文主图,04-多场景ODI分布结果对比图.svg,svg,1631057,D:\xiangmu\miningplan\output\paper_insert_package\20260417_122706\paper_main_figures\04-多场景ODI分布结果对比图.svg,D:\xiangmu\miningplan\煤科投稿\最终图片\08_历史论文插图包\20260417_122706\论文主图\04-多场景ODI分布结果对比图.svg
08_历史论文插图包\20260417_122706\论文主图,05-含水层扰动约束下最终规划布局与ODI场叠置图.pdf,pdf,58919,D:\xiangmu\miningplan\output\paper_insert_package\20260417_122706\paper_main_figures\05-含水层扰动约束下最终规划布局与ODI场叠置图.pdf,D:\xiangmu\miningplan\煤科投稿\最终图片\08_历史论文插图包\20260417_122706\论文主图\05-含水层扰动约束下最终规划布局与ODI场叠置图.pdf
08_历史论文插图包\20260417_122706\论文主图,05-含水层扰动约束下最终规划布局与ODI场叠置图.png,png,345153,D:\xiangmu\miningplan\output\paper_insert_package\20260417_122706\paper_main_figures\05-含水层扰动约束下最终规划布局与ODI场叠置图.png,D:\xiangmu\miningplan\煤科投稿\最终图片\08_历史论文插图包\20260417_122706\论文主图\05-含水层扰动约束下最终规划布局与ODI场叠置图.png
08_历史论文插图包\20260417_122706\论文主图,05-含水层扰动约束下最终规划布局与ODI场叠置图.svg,svg,254014,D:\xiangmu\miningplan\output\paper_insert_package\20260417_122706\paper_main_figures\05-含水层扰动约束下最终规划布局与ODI场叠置图.svg,D:\xiangmu\miningplan\煤科投稿\最终图片\08_历史论文插图包\20260417_122706\论文主图\05-含水层扰动约束下最终规划布局与ODI场叠置图.svg
08_历史论文插图包\20260417_122706\论文主图,06-采区规划布局结果图.pdf,pdf,10592,D:\xiangmu\miningplan\output\paper_insert_package\20260417_122706\paper_main_figures\06-采区规划布局结果图.pdf,D:\xiangmu\miningplan\煤科投稿\最终图片\08_历史论文插图包\20260417_122706\论文主图\06-采区规划布局结果图.pdf
08_历史论文插图包\20260417_122706\论文主图,06-采区规划布局结果图.png,png,114732,D:\xiangmu\miningplan\output\paper_insert_package\20260417_122706\paper_main_figures\06-采区规划布局结果图.png,D:\xiangmu\miningplan\煤科投稿\最终图片\08_历史论文插图包\20260417_122706\论文主图\06-采区规划布局结果图.png
08_历史论文插图包\20260417_122706\论文主图,06-采区规划布局结果图.svg,svg,35224,D:\xiangmu\miningplan\output\paper_insert_package\20260417_122706\paper_main_figures\06-采区规划布局结果图.svg,D:\xiangmu\miningplan\煤科投稿\最终图片\08_历史论文插图包\20260417_122706\论文主图\06-采区规划布局结果图.svg
08_历史论文插图包\20260417_122706\论文主图,07-四模式规划指标对比图.pdf,pdf,20391,D:\xiangmu\miningplan\output\paper_insert_package\20260417_122706\paper_main_figures\07-四模式规划指标对比图.pdf,D:\xiangmu\miningplan\煤科投稿\最终图片\08_历史论文插图包\20260417_122706\论文主图\07-四模式规划指标对比图.pdf
08_历史论文插图包\20260417_122706\论文主图,07-四模式规划指标对比图.png,png,103547,D:\xiangmu\miningplan\output\paper_insert_package\20260417_122706\paper_main_figures\07-四模式规划指标对比图.png,D:\xiangmu\miningplan\煤科投稿\最终图片\08_历史论文插图包\20260417_122706\论文主图\07-四模式规划指标对比图.png
08_历史论文插图包\20260417_122706\论文主图,07-四模式规划指标对比图.svg,svg,43750,D:\xiangmu\miningplan\output\paper_insert_package\20260417_122706\paper_main_figures\07-四模式规划指标对比图.svg,D:\xiangmu\miningplan\煤科投稿\最终图片\08_历史论文插图包\20260417_122706\论文主图\07-四模式规划指标对比图.svg
08_历史论文插图包\20260417_122706\论文主图,08-采掘接续时序安排图.pdf,pdf,14585,D:\xiangmu\miningplan\output\paper_insert_package\20260417_122706\paper_main_figures\08-采掘接续时序安排图.pdf,D:\xiangmu\miningplan\煤科投稿\最终图片\08_历史论文插图包\20260417_122706\论文主图\08-采掘接续时序安排图.pdf
08_历史论文插图包\20260417_122706\论文主图,08-采掘接续时序安排图.png,png,133402,D:\xiangmu\miningplan\output\paper_insert_package\20260417_122706\paper_main_figures\08-采掘接续时序安排图.png,D:\xiangmu\miningplan\煤科投稿\最终图片\08_历史论文插图包\20260417_122706\论文主图\08-采掘接续时序安排图.png
08_历史论文插图包\20260417_122706\论文主图,08-采掘接续时序安排图.svg,svg,64125,D:\xiangmu\miningplan\output\paper_insert_package\20260417_122706\paper_main_figures\08-采掘接续时序安排图.svg,D:\xiangmu\miningplan\煤科投稿\最终图片\08_历史论文插图包\20260417_122706\论文主图\08-采掘接续时序安排图.svg
08_历史论文插图包\20260417_122706\论文主图,09-月产量变化曲线图.pdf,pdf,10962,D:\xiangmu\miningplan\output\paper_insert_package\20260417_122706\paper_main_figures\09-月产量变化曲线图.pdf,D:\xiangmu\miningplan\煤科投稿\最终图片\08_历史论文插图包\20260417_122706\论文主图\09-月产量变化曲线图.pdf
08_历史论文插图包\20260417_122706\论文主图,09-月产量变化曲线图.png,png,84909,D:\xiangmu\miningplan\output\paper_insert_package\20260417_122706\paper_main_figures\09-月产量变化曲线图.png,D:\xiangmu\miningplan\煤科投稿\最终图片\08_历史论文插图包\20260417_122706\论文主图\09-月产量变化曲线图.png
08_历史论文插图包\20260417_122706\论文主图,09-月产量变化曲线图.svg,svg,39507,D:\xiangmu\miningplan\output\paper_insert_package\20260417_122706\paper_main_figures\09-月产量变化曲线图.svg,D:\xiangmu\miningplan\煤科投稿\最终图片\08_历史论文插图包\20260417_122706\论文主图\09-月产量变化曲线图.svg
08_历史论文插图包\20260417_122706\论文主图,10-采掘接续方案现金流分析图.pdf,pdf,16760,D:\xiangmu\miningplan\output\paper_insert_package\20260417_122706\paper_main_figures\10-采掘接续方案现金流分析图.pdf,D:\xiangmu\miningplan\煤科投稿\最终图片\08_历史论文插图包\20260417_122706\论文主图\10-采掘接续方案现金流分析图.pdf
08_历史论文插图包\20260417_122706\论文主图,10-采掘接续方案现金流分析图.png,png,112293,D:\xiangmu\miningplan\output\paper_insert_package\20260417_122706\paper_main_figures\10-采掘接续方案现金流分析图.png,D:\xiangmu\miningplan\煤科投稿\最终图片\08_历史论文插图包\20260417_122706\论文主图\10-采掘接续方案现金流分析图.png
08_历史论文插图包\20260417_122706\论文主图,10-采掘接续方案现金流分析图.svg,svg,76912,D:\xiangmu\miningplan\output\paper_insert_package\20260417_122706\paper_main_figures\10-采掘接续方案现金流分析图.svg,D:\xiangmu\miningplan\煤科投稿\最终图片\08_历史论文插图包\20260417_122706\论文主图\10-采掘接续方案现金流分析图.svg
08_历史论文插图包\20260417_124903\论文主图,01-覆岩扰动约束机理示意图.pdf,pdf,55176,D:\xiangmu\miningplan\output\paper_insert_package\20260417_124903\paper_main_figures\01-覆岩扰动约束机理示意图.pdf,D:\xiangmu\miningplan\煤科投稿\最终图片\08_历史论文插图包\20260417_124903\论文主图\01-覆岩扰动约束机理示意图.pdf
08_历史论文插图包\20260417_124903\论文主图,01-覆岩扰动约束机理示意图.png,png,184554,D:\xiangmu\miningplan\output\paper_insert_package\20260417_124903\paper_main_figures\01-覆岩扰动约束机理示意图.png,D:\xiangmu\miningplan\煤科投稿\最终图片\08_历史论文插图包\20260417_124903\论文主图\01-覆岩扰动约束机理示意图.png
08_历史论文插图包\20260417_124903\论文主图,01-覆岩扰动约束机理示意图.svg,svg,99879,D:\xiangmu\miningplan\output\paper_insert_package\20260417_124903\paper_main_figures\01-覆岩扰动约束机理示意图.svg,D:\xiangmu\miningplan\煤科投稿\最终图片\08_历史论文插图包\20260417_124903\论文主图\01-覆岩扰动约束机理示意图.svg
08_历史论文插图包\20260417_124903\论文主图,02-研究区钻孔空间分布图.pdf,pdf,10551,D:\xiangmu\miningplan\output\paper_insert_package\20260417_124903\paper_main_figures\02-研究区钻孔空间分布图.pdf,D:\xiangmu\miningplan\煤科投稿\最终图片\08_历史论文插图包\20260417_124903\论文主图\02-研究区钻孔空间分布图.pdf
08_历史论文插图包\20260417_124903\论文主图,02-研究区钻孔空间分布图.png,png,98151,D:\xiangmu\miningplan\output\paper_insert_package\20260417_124903\paper_main_figures\02-研究区钻孔空间分布图.png,D:\xiangmu\miningplan\煤科投稿\最终图片\08_历史论文插图包\20260417_124903\论文主图\02-研究区钻孔空间分布图.png
08_历史论文插图包\20260417_124903\论文主图,02-研究区钻孔空间分布图.svg,svg,29268,D:\xiangmu\miningplan\output\paper_insert_package\20260417_124903\paper_main_figures\02-研究区钻孔空间分布图.svg,D:\xiangmu\miningplan\煤科投稿\最终图片\08_历史论文插图包\20260417_124903\论文主图\02-研究区钻孔空间分布图.svg
08_历史论文插图包\20260417_124903\论文主图,03-研究区主要地质参数场分布图.pdf,pdf,187357,D:\xiangmu\miningplan\output\paper_insert_package\20260417_124903\paper_main_figures\03-研究区主要地质参数场分布图.pdf,D:\xiangmu\miningplan\煤科投稿\最终图片\08_历史论文插图包\20260417_124903\论文主图\03-研究区主要地质参数场分布图.pdf
08_历史论文插图包\20260417_124903\论文主图,03-研究区主要地质参数场分布图.png,png,659826,D:\xiangmu\miningplan\output\paper_insert_package\20260417_124903\paper_main_figures\03-研究区主要地质参数场分布图.png,D:\xiangmu\miningplan\煤科投稿\最终图片\08_历史论文插图包\20260417_124903\论文主图\03-研究区主要地质参数场分布图.png
08_历史论文插图包\20260417_124903\论文主图,03-研究区主要地质参数场分布图.svg,svg,863583,D:\xiangmu\miningplan\output\paper_insert_package\20260417_124903\paper_main_figures\03-研究区主要地质参数场分布图.svg,D:\xiangmu\miningplan\煤科投稿\最终图片\08_历史论文插图包\20260417_124903\论文主图\03-研究区主要地质参数场分布图.svg
08_历史论文插图包\20260417_124903\论文主图,04-多场景ODI分布结果对比图.pdf,pdf,606637,D:\xiangmu\miningplan\output\paper_insert_package\20260417_124903\paper_main_figures\04-多场景ODI分布结果对比图.pdf,D:\xiangmu\miningplan\煤科投稿\最终图片\08_历史论文插图包\20260417_124903\论文主图\04-多场景ODI分布结果对比图.pdf
08_历史论文插图包\20260417_124903\论文主图,04-多场景ODI分布结果对比图.png,png,792746,D:\xiangmu\miningplan\output\paper_insert_package\20260417_124903\paper_main_figures\04-多场景ODI分布结果对比图.png,D:\xiangmu\miningplan\煤科投稿\最终图片\08_历史论文插图包\20260417_124903\论文主图\04-多场景ODI分布结果对比图.png
08_历史论文插图包\20260417_124903\论文主图,04-多场景ODI分布结果对比图.svg,svg,1631057,D:\xiangmu\miningplan\output\paper_insert_package\20260417_124903\paper_main_figures\04-多场景ODI分布结果对比图.svg,D:\xiangmu\miningplan\煤科投稿\最终图片\08_历史论文插图包\20260417_124903\论文主图\04-多场景ODI分布结果对比图.svg
08_历史论文插图包\20260417_124903\论文主图,05-含水层扰动约束下最终规划布局与ODI场叠置图.pdf,pdf,58942,D:\xiangmu\miningplan\output\paper_insert_package\20260417_124903\paper_main_figures\05-含水层扰动约束下最终规划布局与ODI场叠置图.pdf,D:\xiangmu\miningplan\煤科投稿\最终图片\08_历史论文插图包\20260417_124903\论文主图\05-含水层扰动约束下最终规划布局与ODI场叠置图.pdf
08_历史论文插图包\20260417_124903\论文主图,05-含水层扰动约束下最终规划布局与ODI场叠置图.png,png,348366,D:\xiangmu\miningplan\output\paper_insert_package\20260417_124903\paper_main_figures\05-含水层扰动约束下最终规划布局与ODI场叠置图.png,D:\xiangmu\miningplan\煤科投稿\最终图片\08_历史论文插图包\20260417_124903\论文主图\05-含水层扰动约束下最终规划布局与ODI场叠置图.png
08_历史论文插图包\20260417_124903\论文主图,05-含水层扰动约束下最终规划布局与ODI场叠置图.svg,svg,254014,D:\xiangmu\miningplan\output\paper_insert_package\20260417_124903\paper_main_figures\05-含水层扰动约束下最终规划布局与ODI场叠置图.svg,D:\xiangmu\miningplan\煤科投稿\最终图片\08_历史论文插图包\20260417_124903\论文主图\05-含水层扰动约束下最终规划布局与ODI场叠置图.svg
08_历史论文插图包\20260417_124903\论文主图,06-采区规划布局结果图.pdf,pdf,10592,D:\xiangmu\miningplan\output\paper_insert_package\20260417_124903\paper_main_figures\06-采区规划布局结果图.pdf,D:\xiangmu\miningplan\煤科投稿\最终图片\08_历史论文插图包\20260417_124903\论文主图\06-采区规划布局结果图.pdf
08_历史论文插图包\20260417_124903\论文主图,06-采区规划布局结果图.png,png,114732,D:\xiangmu\miningplan\output\paper_insert_package\20260417_124903\paper_main_figures\06-采区规划布局结果图.png,D:\xiangmu\miningplan\煤科投稿\最终图片\08_历史论文插图包\20260417_124903\论文主图\06-采区规划布局结果图.png
08_历史论文插图包\20260417_124903\论文主图,06-采区规划布局结果图.svg,svg,35224,D:\xiangmu\miningplan\output\paper_insert_package\20260417_124903\paper_main_figures\06-采区规划布局结果图.svg,D:\xiangmu\miningplan\煤科投稿\最终图片\08_历史论文插图包\20260417_124903\论文主图\06-采区规划布局结果图.svg
08_历史论文插图包\20260417_124903\论文主图,07-四模式规划指标对比图.pdf,pdf,20391,D:\xiangmu\miningplan\output\paper_insert_package\20260417_124903\paper_main_figures\07-四模式规划指标对比图.pdf,D:\xiangmu\miningplan\煤科投稿\最终图片\08_历史论文插图包\20260417_124903\论文主图\07-四模式规划指标对比图.pdf
08_历史论文插图包\20260417_124903\论文主图,07-四模式规划指标对比图.png,png,103547,D:\xiangmu\miningplan\output\paper_insert_package\20260417_124903\paper_main_figures\07-四模式规划指标对比图.png,D:\xiangmu\miningplan\煤科投稿\最终图片\08_历史论文插图包\20260417_124903\论文主图\07-四模式规划指标对比图.png
08_历史论文插图包\20260417_124903\论文主图,07-四模式规划指标对比图.svg,svg,43750,D:\xiangmu\miningplan\output\paper_insert_package\20260417_124903\paper_main_figures\07-四模式规划指标对比图.svg,D:\xiangmu\miningplan\煤科投稿\最终图片\08_历史论文插图包\20260417_124903\论文主图\07-四模式规划指标对比图.svg
08_历史论文插图包\20260417_124903\论文主图,08-采掘接续时序安排图.pdf,pdf,14585,D:\xiangmu\miningplan\output\paper_insert_package\20260417_124903\paper_main_figures\08-采掘接续时序安排图.pdf,D:\xiangmu\miningplan\煤科投稿\最终图片\08_历史论文插图包\20260417_124903\论文主图\08-采掘接续时序安排图.pdf
08_历史论文插图包\20260417_124903\论文主图,08-采掘接续时序安排图.png,png,133402,D:\xiangmu\miningplan\output\paper_insert_package\20260417_124903\paper_main_figures\08-采掘接续时序安排图.png,D:\xiangmu\miningplan\煤科投稿\最终图片\08_历史论文插图包\20260417_124903\论文主图\08-采掘接续时序安排图.png
08_历史论文插图包\20260417_124903\论文主图,08-采掘接续时序安排图.svg,svg,64125,D:\xiangmu\miningplan\output\paper_insert_package\20260417_124903\paper_main_figures\08-采掘接续时序安排图.svg,D:\xiangmu\miningplan\煤科投稿\最终图片\08_历史论文插图包\20260417_124903\论文主图\08-采掘接续时序安排图.svg
08_历史论文插图包\20260417_124903\论文主图,09-月产量变化曲线图.pdf,pdf,10962,D:\xiangmu\miningplan\output\paper_insert_package\20260417_124903\paper_main_figures\09-月产量变化曲线图.pdf,D:\xiangmu\miningplan\煤科投稿\最终图片\08_历史论文插图包\20260417_124903\论文主图\09-月产量变化曲线图.pdf
08_历史论文插图包\20260417_124903\论文主图,09-月产量变化曲线图.png,png,84909,D:\xiangmu\miningplan\output\paper_insert_package\20260417_124903\paper_main_figures\09-月产量变化曲线图.png,D:\xiangmu\miningplan\煤科投稿\最终图片\08_历史论文插图包\20260417_124903\论文主图\09-月产量变化曲线图.png
08_历史论文插图包\20260417_124903\论文主图,09-月产量变化曲线图.svg,svg,39507,D:\xiangmu\miningplan\output\paper_insert_package\20260417_124903\paper_main_figures\09-月产量变化曲线图.svg,D:\xiangmu\miningplan\煤科投稿\最终图片\08_历史论文插图包\20260417_124903\论文主图\09-月产量变化曲线图.svg
08_历史论文插图包\20260417_124903\论文主图,10-采掘接续方案现金流分析图.pdf,pdf,16760,D:\xiangmu\miningplan\output\paper_insert_package\20260417_124903\paper_main_figures\10-采掘接续方案现金流分析图.pdf,D:\xiangmu\miningplan\煤科投稿\最终图片\08_历史论文插图包\20260417_124903\论文主图\10-采掘接续方案现金流分析图.pdf
08_历史论文插图包\20260417_124903\论文主图,10-采掘接续方案现金流分析图.png,png,112293,D:\xiangmu\miningplan\output\paper_insert_package\20260417_124903\paper_main_figures\10-采掘接续方案现金流分析图.png,D:\xiangmu\miningplan\煤科投稿\最终图片\08_历史论文插图包\20260417_124903\论文主图\10-采掘接续方案现金流分析图.png
08_历史论文插图包\20260417_124903\论文主图,10-采掘接续方案现金流分析图.svg,svg,76912,D:\xiangmu\miningplan\output\paper_insert_package\20260417_124903\paper_main_figures\10-采掘接续方案现金流分析图.svg,D:\xiangmu\miningplan\煤科投稿\最终图片\08_历史论文插图包\20260417_124903\论文主图\10-采掘接续方案现金流分析图.svg
