ID,Cat,X,Y,ODI,ODI_norm,Ti,Hi,Di,Mi
50-14,geo,495394.96,5404813.13,139.47377437282182,0.21027157662145168,6.996516365089617,100.13195557583644,299.79483426831183,0
50-15,geo,495558.87,5404339.03,120.85297020143159,0.1214283094063762,10.696360676642431,94.96552460358399,203.8480567905465,0
50-16,geo,495724.71,5403865.27,127.47364705273498,0.15301677128111896,67.87786737238224,62.1096652499601,178.55824439614832,0
52-17,geo,495869.64,5404980.28,122.97175772319954,0.13153743274153365,13.787253202218185,76.59884942068692,290.77660401637337,0
52-18,geo,496022.31,5404502.09,243.32266559622028,0.7057536572034129,10.802438843099559,118.00361709832347,229.71224033079937,4
52-19,geo,496166.57,5404015.05,117.06939249067261,0.10337616716310881,12.199581667065164,91.445568185978,192.80155455820483,0
54-16,geo,496497.74,5404659.17,140.0199284728152,0.2128773778639604,7.299661205137876,115.48496899530309,231.909098093961,0
54-17,geo,496655.46,5404184.68,232.22101506199175,0.6527856491698902,31.632076585747054,88.85049918662209,244.4626534248036,15.835807313952996
54-18,geo,496814.18,5403710.73,122.59828469268668,0.12975552450910302,23.183162331400297,95.82689997510062,163.46037774927933,0
56-18,geo,496675.16,5405766.01,145.68381434404137,0.23990081473067593,31.35688348996579,73.00938163099495,367.97156700493304,0
56-20,geo,497136.01,5404331.36,177.0823977063814,0.38970920679363436,42.302542426066445,153.68644247985495,96.34014280397436,4
56-22,geo,497291.62,5403856.01,196.73456989604114,0.48347331972518987,23.986753969365452,194.58296740663815,131.99082698946356,0
60-18,geo,497934.73,5405121.27,234.28047987090875,0.6626117329767206,7.779613353427024,85.03859004071307,393.3243889503244,4
60-20,geo,498232.97,5404152.17,255.09654894108468,0.7619290111000012,21.953776901034665,90.74516898742826,248.8583234878655,19.481153011911772
64-24,geo,498879.63,5405400.98,181.65456839860866,0.41152387058708073,19.677945541612143,126.4920940458836,372.1935098688027,0
BK12-2,geo,497464.39,5404959.31,168.91176624461454,0.35072562758877013,14.60483496032637,101.83285177536301,356.83871846581263,4
BK12-3,geo,497621.5,5404458.17,237.06760025131643,0.6759095947896702,47.71126722422848,62.24286425580121,311.53493637598046,4
BK12-4,geo,497754,5403998.03,136.4085042446922,0.1956466114173052,12.194059716264915,62.65869693390099,284.31600565322884,20.744470752296728
BK12-7,geo,498083.15,5404638.49,119.90158843919355,0.11688909276739076,19.176510551953626,46.220981428689576,388.73251817333505,0
BK12-8,geo,498378.44,5403689.89,97.42799346662605,0.00966345497786439,12.271841550530773,49.22906775544344,273.11533575653414,0
BK14-9,geo,499027.9391,5404918.19,184.6976797689253,0.42604311229919045,47.183947454547656,119.96733261235146,317.0020155563583,0
BK17-6,geo,498782.26,5404074.31,191.17436615627196,0.4569445692976677,33.90684523957599,41.61461319480937,284.1627637214279,23.14
BK20-1,geo,498695.79,5404381,130.82067866035834,0.1689860721102563,7.951356513242335,28.60157438033999,326.3661707269399,4
BK23-3,geo,498046.92,5404790.11,254.7527687913263,0.7602887730400818,11.424368794551016,111.04053318145104,349.5779966989163,4
BK23-4,geo,498616.54,5404670.77,187.40712766283718,0.43897038445288095,23.32672756065915,134.90001531923156,305.10055826176267,4
BK23-5,geo,496173.39,5405602.25,212.28966962108075,0.5576895495243385,9.64811541889802,164.53803905874395,200.28909911698577,4
BK23-6,geo,496830.86,5405285.47,187.56870830585896,0.439741315295214,8.206169740141071,123.57734865078113,338.9048514908885,4
BK23-8,geo,497760.29,5405592.22,184.41327944563454,0.42468618626712384,9.273012685153304,73.24756997062292,417.5623351650098,4
BND-1,gray,495394.96,5403689.89,131.40262374747778,0.17176263870768013,38.97680814077955,83.40445225720815,211.37999341531156,0
BND-2,gray,499027.9391,5403689.89,122.95753236745554,0.1314695609638187,22.85316748544127,69.4792632033663,286.61893567941274,0
BND-3,gray,499027.9391,5405766.01,161.9689674935508,0.31760026313168843,21.245083040793368,107.82706450594564,339.57174223484174,0
BND-4,gray,495394.96,5405766.01,146.24475559487072,0.24257716817817962,16.478237061038186,108.06646106349348,267.2489380055088,0
BJ1,blue,495601.8241,5404270.607,123.14790944910406,0.1323778848890825,13.200146275778724,94.84693039488405,208.14380219984338,0
BJ2,blue,495603.0531,5405808.912,149.6437870047605,0.2587945695880096,16.13711708294668,113.23441761252559,264.2560668227804,0
BJ3,blue,496085.1344,5404207.591,130.2344111911531,0.16618888263623058,18.33256978994372,97.70666377175841,216.34034548582486,0
BJ4,blue,496085.1344,5404272.579,134.17746892943066,0.18500193330052472,17.565436718006495,101.7249939099088,223.30586171428237,0
BJ5,blue,496170.8574,5403926.975,120.52102264104184,0.11984452679754501,15.591730792946965,91.88699946313521,197.80285364523482,0
BJ6,blue,496177.6283,5404207.591,129.97765289906357,0.16496384179783088,18.024407900500726,97.67849475227635,216.1490501233559,0
BJ7,blue,498958.8109,5405677.692,166.2785283519937,0.3381619673095639,21.034339681631938,111.76101008974648,346.9132081643023,0
BJ8,blue,498958.8109,5403926.114,116.71515003428084,0.10168601152200636,26.876602680145464,57.96856609545037,288.6052537343561,0
WF-1-LOC1,pink,496227.86411087646,5403988.216488899,140.55538097916155,0.21543211984311736,13.821031472300946,92.00281974725524,196.0740350581178,23.14
WF-1-LOC2,pink,498908.1849,5403988.216488899,134.36070896065058,0.18587620505099955,29.40688774935989,51.45006515930595,287.53076899324424,23.14
WF-1-LOC3,pink,498908.1849,5404296.216488899,134.1080446038954,0.18467069712790912,19.76869905055231,55.75885743270614,306.7198683416294,22.295931902255102
WF-1-LOC4,pink,496227.86411087646,5404296.216488899,156.73722970195672,0.292638683903443,18.22440720659409,101.96750004958542,226.32034619068986,23.14
WF-2-LOC1,pink,495652.72694435687,5404326.216488899,127.50250938681802,0.15315447876334093,12.850357472330987,95.5849868020762,209.8109388852635,4
WF-2-LOC2,pink,498908.1849,5404326.216488899,117.3036134235869,0.10449367813302919,18.742092280807306,56.24288957406324,309.0029499432027,4
WF-2-LOC3,pink,498908.1849,5404634.216488899,153.26860754234275,0.2760892522807104,24.693733595094322,95.42511079508823,312.78551295012903,4
WF-2-LOC4,pink,495652.72694435687,5404634.216488899,138.22319162554214,0.20430481728235506,13.64180591931023,99.10980427337157,252.0222689058826,4
WF-3-LOC1,pink,495652.9969831333,5404664.216488899,138.59995552648968,0.2061024268603724,13.410549166262346,98.75901592295227,256.6714208286426,4
WF-3-LOC2,pink,498908.1849,5404664.216488899,157.08026874297232,0.2942753859978121,26.138522378857342,98.9229969079597,313.1419807235094,4
WF-3-LOC3,pink,498908.1849,5404972.216488899,179.94278298142802,0.4033566288378167,39.90259666095707,114.8941503894783,319.1358719200176,4
WF-3-LOC4,pink,495652.9969831333,5404972.216488899,135.7809363368272,0.19265236998600757,13.272478099585761,90.50694370340163,279.70629203229424,4
WF-4-LOC1,pink,495653.26702190976,5405002.216488899,135.6930504766332,0.19223305045019293,13.438103265800128,90.27734835317139,279.68501568487244,4
WF-4-LOC2,pink,498908.1849,5405002.216488899,178.68451726295933,0.3973532126359945,38.52754470533409,114.17786334601232,320.35972273926853,4
WF-4-LOC3,pink,498908.1849,5405310.216488899,181.41333622707464,0.41037290771355467,20.978020280647094,122.39864421587012,363.62115184381116,4
WF-4-LOC4,pink,495653.26702190976,5405310.216488899,144.4411335795897,0.23397175719894786,14.82642484416715,102.29915721834007,268.86926114979417,4
WF-5-LOC1,pink,495653.5370606862,5405340.216488899,145.55676571241582,0.239294642439462,14.917289814753467,103.87012726202526,267.64978278922706,4
WF-5-LOC2,pink,498869.6696709239,5405340.216488899,183.74122813473718,0.4214797063725534,20.079882018492583,124.85245340591017,369.00490036327074,4
WF-5-LOC3,pink,498869.6696709239,5405648.216488899,171.66425877252226,0.36385827357514094,20.729443311199798,113.31814718435541,350.52876697561703,4
WF-5-LOC4,pink,495653.5370606862,5405648.216488899,153.6163803691132,0.2777485401339375,15.451232065110453,114.98130952048754,260.46537898038235,4
WF-1-BJ1,green,496252.9138378776,5403988.216488899,142.0165287657196,0.22240352355087686,14.80202335978527,92.50994156789466,198.4228696698766,23.14
WF-1-BJ2,green,496277.96356487874,5403988.216488899,143.67162206594625,0.2303002768266479,15.905622150240838,93.09078860396752,201.08245731504235,23.14
WF-1-BJ3,green,496303.0132918799,5403988.216488899,145.3339501879675,0.23823154876230254,17.00907323679986,93.67930836028991,203.7486126312661,23.14
WF-1-BJ4,green,496328.0630188811,5403988.216488899,147.06011669442756,0.24646740532250258,18.11122101851368,94.33553041517075,206.47271954900918,23.14
WF-1-BJ5,green,496353.11274588224,5403988.216488899,148.7862832008876,0.2547032618827025,19.213368800227506,94.99175247005157,209.19682646675224,23.14
WF-1-BJ6,green,496378.16247288336,5403988.216488899,150.26449665821096,0.2617560890313645,20.23320667923622,95.58217165354839,211.64750218321853,23.03903057341715
WF-1-BJ7,green,496403.2121998845,5403988.216488899,151.26992774463628,0.2665531848955094,21.133581847490643,96.07708605411258,213.7013261062038,22.669446935020478
WF-1-BJ8,green,496428.2619268857,5403988.216488899,152.27535883106162,0.27135028075965445,22.033957015745067,96.57200045467678,215.7551500291891,22.299863296623794
WF-1-BJ9,green,496453.31165388686,5403988.216488899,152.98364646125765,0.27472965077050077,22.786412402941025,96.91645076005761,217.26762268437454,21.946846318847513
WF-1-BJ10,green,496478.361380888,5403988.216488899,153.57295336579614,0.27754134194719243,23.479638476750623,97.20065297026758,218.56333011950113,21.600462882080564
WF-1-BJ11,green,496503.41110788914,5403988.216488899,154.1566478734343,0.2803262553503282,24.168839453834675,97.48266188326133,219.84480205812642,21.255466891148917
WF-1-BJ12,green,496528.4608348903,5403988.216488899,154.46830603962326,0.28181323354330157,24.662941508513754,97.65836032658628,220.43627069592185,20.977721256138995
WF-1-BJ13,green,496553.5105618915,5403988.216488899,154.77996420581218,0.2833002117362748,25.157043563192843,97.83405876991125,221.02773933371728,20.699975621129067
WF-1-BJ14,green,496578.5602888926,5403988.216488899,155.06616074109513,0.2846657078247434,25.581351079782976,98.04354818450653,221.36836382603852,20.462573066857544
WF-1-BJ15,green,496603.61001589376,5403988.216488899,155.2998004751699,0.2857804457885503,25.861591718750002,98.32278746572845,221.19120664376754,20.308444961200806
WF-1-BJ16,green,496628.65974289493,5403988.216488899,155.5334402092447,0.28689518375235745,26.141832357717036,98.60202674695037,221.0140494614965,20.154316855544067
WF-1-BJ17,green,496653.7094698961,5403988.216488899,155.8423497982028,0.28836904797994384,26.293997144327825,99.08925872634104,220.29305808609888,20.095581952546638
WF-1-BJ18,green,496678.7591968972,5403988.216488899,156.19499437097167,0.2900515798256193,26.371744418932792,99.69734330072231,219.25607593764582,20.09227455343506
WF-1-BJ19,green,496703.8089238984,5403988.216488899,156.54763894374133,0.2917341116712986,26.449491693537936,100.30542787510498,218.2190937891904,20.088967154323473
WF-1-BJ20,green,496728.85865089955,5403988.216488899,157.14275868479766,0.2945735369556732,26.41384151843047,101.32276791238893,216.5523295945726,20.193422259655335
WF-1-BJ21,green,496753.9083779007,5403988.216488899,157.75373093723812,0.29748859747534523,26.37077765896428,102.36686420240804,214.84439158769646,20.304922648595195
WF-1-BJ22,green,496778.95810490183,5403988.216488899,158.44865930664565,0.3008042280061399,26.324200619984133,103.51895690898667,213.07818403848992,20.4271966417908
WF-1-BJ23,green,496804.007831903,5403988.216488899,159.40262581044982,0.30535577692054844,26.266784019814367,105.00426167059979,211.13219169118025,20.582711504716677
WF-1-BJ24,green,496829.05755890417,5403988.216488899,160.35659231425402,0.3099073258349571,26.20936741964459,106.48956643221292,209.18619934387056,20.73822636764256
WF-1-BJ25,green,496854.10728590534,5403988.216488899,161.52578707742856,0.31548576819518453,26.17439789454555,108.23256371608251,207.2493039877257,20.885504693775598
WF-1-BJ26,green,496879.15701290645,5403988.216488899,162.87042835318368,0.3219012980010282,26.157726436114856,110.1856228871786,205.3198241790583,21.026068884597752
WF-1-BJ27,green,496904.2067399076,5403988.216488899,164.21506962894193,0.3283168278068868,26.141054977684128,112.1386820582792,203.3903443703864,21.166633075420226
WF-1-BJ28,green,496929.2564669088,5403988.216488899,165.88862215318852,0.33630165342137597,26.149746594570132,114.55338277787531,201.4098641320039,21.254481844064
WF-1-BJ29,green,496954.30619390996,5403988.216488899,167.6170329248264,0.3445482177817901,26.162668452491435,117.04507948465596,199.4208776652604,21.333538345235915
WF-1-BJ30,green,496979.35592091107,5403988.216488899,169.39944365318908,0.3530524258261585,26.172307331639985,119.63705985689384,197.38689120114378,21.394954907409577
WF-1-BJ31,green,497004.40564791224,5403988.216488899,171.45874827153307,0.36287774533442513,26.165112183167803,122.74326164547435,195.12215965725412,21.36591970584113
WF-1-BJ32,green,497029.4553749134,5403988.216488899,173.51805288987703,0.37270306484269167,26.157917034695625,125.84946343405481,192.8574281133645,21.336884504272675
WF-1-BJ33,green,497054.5051019146,5403988.216488899,175.6981066543491,0.38310450064307483,26.117851703204405,129.2565614731942,190.3814760594318,21.241094369576306
WF-1-BJ34,green,497079.5548289157,5403988.216488899,178.01468879340305,0.3941573383245892,26.040620786664732,133.00387621219804,187.66670167143215,21.069825916334164
WF-1-BJ35,green,497104.60455591686,5403988.216488899,180.33127093246233,0.40521017600612896,25.963389870124878,136.7511909512105,184.95192728342624,20.898557463091635
WF-1-BJ36,green,497129.654282918,5403988.216488899,182.68780259388666,0.41645362017587,25.826665725035674,140.7609945404687,181.9806608390882,20.633916417755266
WF-1-BJ37,green,497154.7040099192,5403988.216488899,185.05590097897473,0.4277522513027265,25.67271629929826,144.84679743624892,178.93513136075302,20.34224088222757
WF-1-BJ38,green,497179.7537369203,5403988.216488899,187.3742786367967,0.43881365573314324,25.51713503327217,148.85738616325455,175.95088197407546,20.051474139205553
WF-1-BJ39,green,497204.8034639215,5403988.216488899,189.13316098244087,0.44720560555419525,25.343191063354478,152.02160804987255,173.65620262985848,19.770933818327205
WF-1-BJ40,green,497229.85319092264,5403988.216488899,190.89204332808498,0.45559755537524704,25.169247093436788,155.18582993649056,171.3615232856415,19.490393497448853
WF-1-BJ41,green,497254.9029179238,5403988.216488899,191.9916452804752,0.46084395768887654,25.007717230294062,157.17063381186313,170.23092383959477,19.288679951673092
WF-1-BJ42,green,497279.9526449249,5403988.216488899,192.05027469154663,0.46112368934743103,24.865788654267092,157.29319246197792,170.93835146411539,19.211430153404834
WF-1-BJ43,green,497305.0023719261,5403988.216488899,192.1089041026182,0.4614034210059862,24.723860078239795,157.41575111209298,171.64577908863762,19.1341803551364
WF-1-BJ44,green,497330.05209892726,5403988.216488899,190.64735436412525,0.45443009951192537,24.55893168078005,154.80051834160267,175.36713530816888,19.228194472123107
WF-1-BJ45,green,497355.10182592843,5403988.216488899,188.51519033002222,0.4442571543864278,24.3838571047903,150.97753182341577,180.41806087637872,19.39776023045759
WF-1-BJ46,green,497380.15155292954,5403988.216488899,186.3829726379077,0.4340839532487296,24.208776269457175,147.15445636684692,185.46909287739737,19.56732920357367
WF-1-BJ47,green,497405.2012799307,5403988.216488899,182.68897516669915,0.4164592147355223,23.85150985943998,140.7427242705277,193.6179775051517,19.83046819392648
WF-1-BJ48,green,497430.2510069319,5403988.216488899,178.9949776954907,0.39883447622231527,23.49424344942279,134.33099217420866,201.76686213290586,20.093607184279286
WF-1-BJ49,green,497455.30073393305,5403988.216488899,175.0690416661601,0.3801031163673521,23.04343916173606,127.6649156024053,210.20163188099792,20.338065365485917
WF-1-BJ50,green,497480.35046093416,5403988.216488899,170.61750675226614,0.35886402796750927,22.380667512666175,120.42246581482239,219.28424949698024,20.540190730063134
WF-1-BJ51,green,497505.40018793533,5403988.216488899,166.16597183836163,0.33762493956761613,21.717895863594737,113.18001602722242,228.3668671129839,20.742316094640824
WF-1-BJ52,green,497530.4499149365,5403988.216488899,161.5008408759145,0.31536674529871256,20.832274749294378,106.01757185919192,237.0920243938381,20.86978299251683
WF-1-BJ53,green,497555.49964193767,5403988.216488899,156.7004720200079,0.2924633062704725,19.80555696002362,98.90578308263252,245.59085640767094,20.949980037628396
WF-1-BJ54,green,497580.5493689388,5403988.216488899,151.9001031641124,0.2695598672422853,18.77883917075524,91.79399430608957,254.08968842148408,21.030177082739783
WF-1-BJ55,green,497605.59909593995,5403988.216488899,147.20285931783135,0.24714845652294046,17.51527699775143,85.46511279804805,261.02938258041644,21.007782212348623
WF-1-BJ56,green,497630.6488229411,5403988.216488899,142.51477149173547,0.22478073085287975,16.230686444085627,79.20574221446252,267.83064768394667,20.976278652876328
WF-1-BJ57,green,497655.6985499423,5403988.216488899,138.15085189720676,0.20395967118900638,15.003095001892772,73.46246450653295,273.95783365096867,20.936101646471194
WF-1-BJ58,green,497680.7482769434,5403988.216488899,134.90611326351745,0.18847842887408783,13.972291258597085,69.5009817563194,277.75778189938507,20.865979828308813
WF-1-BJ59,green,497705.79800394457,5403988.216488899,131.6613746298206,0.17299718655913338,12.941487515299007,65.53949900609668,281.55773014781016,20.79585801014627
WF-1-BJ60,green,497730.84773094574,5403988.216488899,130.02830158786008,0.165205495968694,12.426477137794945,63.536332383646226,283.49564489599703,20.761154515914214
WF-1-BJ61,green,497755.8974579469,5403988.216488899,129.8202331469518,0.164212763328122,12.367521616346288,63.264672288790074,283.7871844167431,20.757767241883975
WF-1-BJ62,green,497780.947184948,5403988.216488899,129.6121647060441,0.16322003068755273,12.308566094897769,62.99301219393456,284.0787239374886,20.75437996785375
WF-1-BJ63,green,497805.9969119492,5403988.216488899,131.3516103938138,0.1715192446539437,12.982530053071267,64.80427898969488,282.8931921949628,20.81470049579312
WF-1-BJ64,green,497831.04663895036,5403988.216488899,133.47066997827196,0.1816296660500261,13.799356348170209,67.0215546466083,281.4197463522616,20.88743909382452
WF-1-BJ65,green,497856.0963659515,5403988.216488899,135.60984981509176,0.19183608485527226,14.633180901765524,69.24818103570783,279.96190933518585,20.958832855064255
WF-1-BJ66,green,497881.14609295264,5403988.216488899,137.86959616309065,0.20261774856784256,15.568864054658729,71.53083978147588,278.597605024141,21.022167955946674
WF-1-BJ67,green,497906.1958199538,5403988.216488899,140.1293425110948,0.21339941228043796,16.50454720755412,73.81349852724925,277.23330071309306,21.08550305682924
WF-1-BJ68,green,497931.245546955,5403988.216488899,142.00288205329696,0.2223384125864301,17.31571242768011,75.70843590973186,276.0477991647685,21.121235017474795
WF-1-BJ69,green,497956.29527395614,5403988.216488899,143.4027756075483,0.22901756113276966,17.97416822270501,77.12786984326789,275.08158223268094,21.123114346753713
WF-1-BJ70,green,497981.34500095726,5403988.216488899,144.80266916179644,0.23569670967909387,18.632624017728393,78.54730377680065,274.1153653005956,21.124993676032627
WF-1-BJ71,green,498006.3947279584,5403988.216488899,145.60897809905333,0.23954375729912525,19.081600717370897,79.43964357274193,273.1910205662715,21.081973934248968
WF-1-BJ72,green,498031.4444549596,5403988.216488899,146.22297350741798,0.24247324184942096,19.462708973477703,80.16121187165129,272.28024186766305,21.024407490019158
WF-1-BJ73,green,498056.49418196076,5403988.216488899,146.80834302477209,0.2452661470306996,19.832832846251186,80.85899947427254,271.365536186455,20.96501240244912
WF-1-BJ74,green,498081.5439089619,5403988.216488899,146.95638139709604,0.24597246521918414,20.03514314987295,81.1934782410747,270.39083615271977,20.87768027405348
WF-1-BJ75,green,498106.59363596304,5403988.216488899,147.10441976942033,0.24667878340767033,20.23745345349517,81.5279570078776,269.41613611898237,20.79034814565763
WF-1-BJ76,green,498131.6433629642,5403988.216488899,147.16026403750035,0.24694522663889695,20.399827456612265,81.75180546744997,268.5415595185171,20.708384473398603
WF-1-BJ77,green,498156.6930899654,5403988.216488899,147.05748504093404,0.24645484922168165,20.493489621635714,81.78531051357325,267.83924887782666,20.6356574225647
WF-1-BJ78,green,498181.7428169665,5403988.216488899,146.954706044368,0.2459644718044677,20.587151786658936,81.81881555969647,267.13693823713794,20.562930371730964
WF-1-BJ79,green,498206.79254396766,5403988.216488899,146.7048906336153,0.2447725567245568,20.62947669475752,81.54353356558391,266.9966091587173,20.528127371723315
WF-1-BJ80,green,498231.84227096883,5403988.216488899,146.38386432630688,0.2432408814144705,20.646938563910552,81.11870356935465,267.12845218894364,20.51169128902187
WF-1-BJ81,green,498256.89199797,5403988.216488899,146.06283801899843,0.24170920610438407,20.664400433063587,80.6938735731254,267.26029521917,20.495255206320422
WF-1-BJ82,green,498281.9417249711,5403988.216488899,145.51274119423053,0.23908459339984206,20.653265314037213,79.71593515619173,268.3558147116598,20.547198548170986
WF-1-BJ83,green,498306.9914519723,5403988.216488899,144.95793479766894,0.23643751046568573,20.641542255670693,78.72662511515867,269.4711468956062,20.600547735752592
WF-1-BJ84,green,498332.04117897345,5403988.216488899,144.36706385195447,0.23361835696207978,20.64906336387412,77.62380107058596,270.7367156774872,20.67105099323739
WF-1-BJ85,green,498357.0909059746,5403988.216488899,143.68615530442054,0.23036961756925958,20.70462884384065,76.2375815894504,272.37736035248935,20.78438055388706
WF-1-BJ86,green,498382.14063297573,5403988.216488899,143.0052467568881,0.22712087817644658,20.76019432380705,74.851362108318,274.0180050274877,20.897710114536476
WF-1-BJ87,green,498407.1903599769,5403988.216488899,142.33065766014028,0.22390229004077264,20.921740792043757,73.3480375695057,275.6600559904759,21.04410786597063
WF-1-BJ88,green,498432.24008697807,5403988.216488899,141.6604214314449,0.22070447023583115,21.15628747400276,71.76405050453758,277.3030756113831,21.2132831460359
WF-1-BJ89,green,498457.28981397924,5403988.216488899,140.9901852027494,0.21750665043088913,21.390834155961755,70.18006343956942,278.9460952322903,21.382458426101163
WF-1-BJ90,green,498482.33954098035,5403988.216488899,140.33964172375434,0.21440278834161466,21.871255208835045,68.41244984162728,280.3244016621574,21.608513812669976
WF-1-BJ91,green,498507.3892679815,5403988.216488899,139.69132835246612,0.21130956650466723,22.379520333170056,66.62404143579894,281.6727306162121,21.841010593453312
WF-1-BJ92,green,498532.4389949827,5403988.216488899,139.03096120817543,0.2081588339090033,22.956517232934658,64.77014869377477,282.92222995175007,22.087416941579384
WF-1-BJ93,green,498557.48872198386,5403988.216488899,138.3236806132097,0.2047842686476853,23.801019150070935,62.66139001263941,283.7870830497519,22.387959517533
WF-1-BJ94,green,498582.53844898497,5403988.216488899,137.6164000182456,0.20140970338637518,24.64552106720527,60.55263133150888,284.65193614775177,22.68850209348593
WF-1-BJ95,green,498607.58817598614,5403988.216488899,136.8661612046075,0.19783017659571267,25.628767205248714,58.31996680971379,285.2118250154271,23.00989017417058
WF-1-BJ96,green,498632.6379029873,5403988.216488899,135.87933228103293,0.19312183505762784,26.74502097926512,55.96851951742472,285.47935884974066,23.14
WF-1-BJ97,green,498657.6876299885,5403988.216488899,134.7721574152904,0.1878393009873694,27.861274753281563,53.61707222513555,285.7468926840543,23.14
WF-1-BJ98,green,498682.7373569896,5403988.216488899,133.8021574341265,0.18321125341584893,28.887152302268312,51.586463036480396,285.66898293020296,23.14
WF-1-BJ99,green,498707.78708399076,5403988.216488899,132.86294601879104,0.1787301037310086,29.89274512958722,49.627865171942005,285.51353921167697,23.14
WF-1-BJ100,green,498732.8368109919,5403988.216488899,132.00528323759977,0.17463803751579787,30.815999726253764,47.835151530304856,285.37211160803156,23.14
WF-1-BJ101,green,498757.8865379931,5403988.216488899,131.72996011105698,0.1733244204519595,31.151276151297356,47.22701887018488,285.33077322825466,23.14
WF-1-BJ102,green,498782.9362649942,5403988.216488899,131.45463698451485,0.17201080338812427,31.48655257634016,46.61888621006632,285.289434848478,23.14
WF-1-BJ103,green,498807.9859919954,5403988.216488899,131.51880696294972,0.17231697010835834,31.507194937110686,46.64907227660834,285.43976745874454,23.14
WF-1-BJ104,green,498833.03571899654,5403988.216488899,132.03488935978112,0.17477929374726617,31.109015711195653,47.52894911814435,285.8452407460293,23.14
WF-1-BJ105,green,498858.0854459977,5403988.216488899,132.55097175661246,0.17724161738617375,30.710836485280645,48.40882595968029,286.25071403331395,23.14
WF-1-BJ106,green,498883.1351729988,5403988.216488899,133.39648771207843,0.18127572887108417,30.097606839128154,49.83162887269706,286.8549341417469,23.14
WF-1-BJ107,green,498908.1849,5404013.883155566,133.61055095657002,0.18229706381753688,29.954395144390745,50.07707933030747,287.48528540330534,23.14
WF-1-BJ108,green,498908.1849,5404039.549822232,133.0881324935048,0.17980450964613834,30.29137511599079,49.14274684328599,287.5188593186563,23.14
WF-1-BJ109,green,498908.1849,5404065.216488899,132.69066626065506,0.17790812545085785,30.493650129563868,48.44461170848226,287.687448808358,23.14
WF-1-BJ110,green,498908.1849,5404090.883155566,132.8785041958422,0.1788043346432943,30.064937018734188,48.852877751895036,288.48848141866955,23.14
WF-1-BJ111,green,498908.1849,5404116.549822232,133.0663421310225,0.17970054383569817,29.636223907920062,49.26114379529299,289.28951402895206,23.14
WF-1-BJ112,green,498908.1849,5404142.216488899,133.63093256940056,0.1823943082253675,28.457436236830798,50.51103643528873,291.1859461322414,23.14
WF-1-BJ113,green,498908.1849,5404167.883155566,134.23036807526196,0.1852543248140857,27.209275705711516,51.8387693956682,293.1836894914105,23.14
WF-1-BJ114,green,498908.1849,5404193.549822232,134.64709648497174,0.18724261238315018,25.719149416764605,53.01818938088075,295.7176454457933,23.14
WF-1-BJ115,green,498908.1849,5404219.216488899,134.96748688030655,0.1887712536407393,24.101439135911903,54.119406724674015,298.5343362136118,23.14
WF-1-BJ116,green,498908.1849,5404244.883155566,134.86382847968156,0.18827668042569182,22.55724519791902,54.94644510122605,301.32501131229463,22.872066849058534
WF-1-BJ117,green,498908.1849,5404270.549822232,134.46431290749572,0.1863705184570898,21.126041943889142,55.352085080923985,304.0757017199408,22.57709135778613
WF-1-BJ118,green,498883.1351729988,5404296.216488899,131.90614232080407,0.17416501804350457,19.018042437903713,53.514646618598995,307.83087445818455,22.17933404976657
WF-1-BJ119,green,498858.0854459977,5404296.216488899,129.56554345574602,0.16299759216341547,18.167394657561548,51.1609623182492,309.1174600840229,22.04493661706302
WF-1-BJ120,green,498833.03571899654,5404296.216488899,126.840030764391,0.14999367191875854,17.03924917391587,48.503464774120694,310.8913178529611,21.86114139510116
WF-1-BJ121,green,498807.9859919954,5404296.216488899,124.11451807303584,0.13698975167410093,15.911103690270128,45.84596722999204,312.6651756218994,21.677346173139288
WF-1-BJ122,green,498782.9362649942,5404296.216488899,121.5751093612632,0.12487376760210567,14.808255674617074,43.402456026272844,314.4173777626465,21.495571623422016
WF-1-BJ123,green,498757.8865379931,5404296.216488899,119.17550875236122,0.11342483359560945,13.724412040362816,41.11969917267441,316.15331140499137,21.315315076456436
WF-1-BJ124,green,498732.8368109919,5404296.216488899,116.77590814345359,0.10197589958908626,12.64056840610601,38.836942319070594,317.88924504734035,21.135058529490433
WF-1-BJ125,green,498707.78708399076,5404296.216488899,116.61635858112172,0.10121465940472955,12.42046429260843,38.829203241197845,318.0960398156046,21.085565801107812
WF-1-BJ126,green,498682.7373569896,5404296.216488899,116.77049726207451,0.10195008328299089,12.321314982054618,39.14004901459507,318.0886997819487,21.054384741380833
WF-1-BJ127,green,498657.6876299885,5404296.216488899,117.44809675642185,0.10518303457698464,12.39776932080087,40.0141421916063,317.71841796634436,21.045990478727774
WF-1-BJ128,green,498632.6379029873,5404296.216488899,120.45791520026509,0.11954342963908811,13.256605354637964,43.39771885687587,315.7310911308199,21.139120147902993
WF-1-BJ129,green,498607.58817598614,5404296.216488899,123.46773364410822,0.13390382470119103,14.115441388475023,46.781295522145314,313.74376429529553,21.232249817078213
WF-1-BJ130,green,498582.53844898497,5404296.216488899,126.78124646051057,0.14971320123824275,15.02363098180368,50.590184249203716,311.4141874102541,21.3154458062293
WF-1-BJ131,green,498557.48872198386,5404296.216488899,130.4115519091949,0.1670340534464064,15.983302740876189,54.84272863724983,308.7275993195966,21.38827967830622
WF-1-BJ132,green,498532.4389949827,5404296.216488899,134.0418573578876,0.1843549056546099,16.942974499950907,59.095273025305694,306.0410112289329,21.461113550383306
WF-1-BJ133,green,498507.3892679815,5404296.216488899,137.02588741118373,0.1985922595821127,17.68134141067824,62.80840452166246,303.2840774712184,21.472558481530534
WF-1-BJ134,green,498482.33954098035,5404296.216488899,139.8438657927075,0.21203735057021747,18.362847050960855,66.38294121295588,300.5090693512446,21.468230359359705
WF-1-BJ135,green,498457.28981397924,5404296.216488899,142.55638708282382,0.22497928646011048,19.018297086573735,69.85657903321676,297.7273676414122,21.457020388008445
WF-1-BJ136,green,498432.24008697807,5404296.216488899,144.3376797613727,0.2334781600840395,19.443665633721928,72.4392391645973,294.8865588358479,21.385040915315606
WF-1-BJ137,green,498407.1903599769,5404296.216488899,146.1189724399216,0.24197703370796864,19.869034180870123,75.02189929597786,292.0457500302835,21.31306144262277
WF-1-BJ138,green,498382.14063297573,5404296.216488899,147.56581513037767,0.24888018518216032,20.22577917834636,77.24373774714701,289.26943520852626,21.22840068300028
WF-1-BJ139,green,498357.0909059746,5404296.216488899,148.5271066360107,0.2534666830219129,20.482897185132504,78.94173885170414,286.58675211458564,21.125329356438375
WF-1-BJ140,green,498332.04117897345,5404296.216488899,149.48839814164597,0.2580531808616762,20.740015191919245,80.63973995626517,283.90406902063893,21.02225802987624
WF-1-BJ141,green,498306.9914519723,5404296.216488899,150.08847578516725,0.260916261206781,20.916509565432623,81.76776889985123,281.9492724405524,20.940971390349315
WF-1-BJ142,green,498281.9417249711,5404296.216488899,150.5438692653869,0.26308902690899055,21.060710153612785,82.66749557194294,280.2860307045133,20.868410604249032
WF-1-BJ143,green,498256.89199797,5404296.216488899,150.99517770657195,0.2652423021417664,21.20348682685128,83.55272225258697,278.6617102787718,20.797593872463988
WF-1-BJ144,green,498231.84227096883,5404296.216488899,151.24779249863224,0.2664475735826194,21.277005200862206,83.73267875368532,278.9304971422442,20.81160681141039
WF-1-BJ145,green,498206.79254396766,5404296.216488899,151.5004072906926,0.26765284502347275,21.350523574873144,83.91263525478368,279.19928400571655,20.825619750356797
WF-1-BJ146,green,498181.7428169665,5404296.216488899,151.7470551301682,0.2688296470406606,21.422701889837274,83.94721577792608,279.96543305828385,20.865400431458347
WF-1-BJ147,green,498156.6930899654,5404296.216488899,151.98138239296014,0.2699476653299022,21.49211324796501,83.68162366539994,281.7585366413126,20.958386402640677
WF-1-BJ148,green,498131.6433629642,5404296.216488899,152.21570965575268,0.27106568361914674,21.561524606092902,83.41603155287319,283.5516402243456,21.051372373823227
WF-1-BJ149,green,498106.59363596304,5404296.216488899,152.4635859523507,0.2722483468302651,21.67548417158018,83.09729219146202,285.4138597128129,21.16040025719291
WF-1-BJ150,green,498081.5439089619,5404296.216488899,152.7193371406796,0.27346858259216567,21.815335790684834,82.74766289082996,287.31625035148784,21.2787519287708
WF-1-BJ151,green,498056.49418196076,5404296.216488899,152.97508832900792,0.2746888183540634,21.955187409789165,82.3980335901987,289.2186409901585,21.397103600348423
WF-1-BJ152,green,498031.4444549596,5404296.216488899,153.23686212140782,0.2759377890630632,22.21382175009979,82.14035441353877,290.3653814901276,21.502170116243494
WF-1-BJ153,green,498006.3947279584,5404296.216488899,153.49903012860284,0.2771886406430534,22.48023111688593,81.88869391233138,291.46266025210133,21.60636704070206
WF-1-BJ154,green,497981.34500095726,5404296.216488899,153.7613011029729,0.27843998349829474,22.7891438898359,81.65817684096564,292.3450682476291,21.703204789664674
WF-1-BJ155,green,497956.29527395614,5404296.216488899,154.023889890299,0.27969284269735867,23.229245395132743,81.49291994540168,292.5642676673545,21.777328102501258
WF-1-BJ156,green,497931.245546955,5404296.216488899,154.28647867762564,0.28094570189642526,23.669346900430597,81.32766304983735,292.7834670870803,21.851451415338012
WF-1-BJ157,green,497906.1958199538,5404296.216488899,154.5603981772108,0.282252621998966,24.232027587443966,81.16448437818516,292.70499961723056,21.90599166496282
WF-1-BJ158,green,497881.14609295264,5404296.216488899,154.84355664070608,0.2836036228904943,24.89465826966996,81.00300027217756,292.3838171628977,21.944564055715592
WF-1-BJ159,green,497856.0963659515,5404296.216488899,155.12671510420063,0.284954623782019,25.557288951894417,80.84151616617031,292.06263470856544,21.983136446468272
WF-1-BJ160,green,497831.04663895036,5404296.216488899,155.45751463617756,0.2865329289370243,26.428589563866872,80.63437567729656,291.60011168575403,21.992069042919827
WF-1-BJ161,green,497805.9969119492,5404296.216488899,155.79626455430412,0.2881491668405109,27.334713209246605,80.41961600846845,291.1140016164337,21.99605532272484
WF-1-BJ162,green,497780.947184948,5404296.216488899,156.14638751429217,0.2898196676097604,28.262125645776592,80.20628351839116,290.62454734295665,21.996675932226008
WF-1-BJ163,green,497755.8974579469,5404296.216488899,156.55485702034764,0.2917685504368218,29.298754899468154,80.00027281185709,290.1179364666765,21.98002981222551
WF-1-BJ164,green,497730.84773094574,5404296.216488899,156.9633265264041,0.293717433263888,30.33538415316212,79.79426210532256,289.61132559039527,21.96338369222497
WF-1-BJ165,green,497705.79800394457,5404296.216488899,157.41018478983057,0.29584947588350047,31.268257382196897,79.75234390422634,288.91027098473324,21.956479285189374
WF-1-BJ166,green,497680.7482769434,5404296.216488899,157.90046034420274,0.29818867035035546,32.08378361126046,79.89601264416977,287.9893025149753,21.960592655625224
WF-1-BJ167,green,497655.6985499423,5404296.216488899,158.39073589857375,0.3005278648172049,32.899309840322125,80.0396813841129,287.0683340452195,21.964706026061062
WF-1-BJ168,green,497630.6488229411,5404296.216488899,159.03792646817172,0.3036157295616402,33.26025961055777,80.91579634683349,285.05460950336567,22.033484842979576
WF-1-BJ169,green,497605.59909593995,5404296.216488899,159.7305671166866,0.30692044495704596,33.489542338619216,82.00406269978082,282.7243706391432,22.1209938600743
WF-1-BJ170,green,497580.5493689388,5404296.216488899,160.45602573875192,0.31038174091507215,33.678358882007586,83.19693312390841,280.20365744702355,22.218246032940247
WF-1-BJ171,green,497555.49964193767,5404296.216488899,161.5511159004874,0.315606616649126,33.41140145378332,85.5679678191097,275.53761620836536,22.425236171906704
WF-1-BJ172,green,497530.4499149365,5404296.216488899,162.64620606222536,0.3208314923831917,33.14444402555844,87.93900251431644,270.87157496969644,22.632226310873644
WF-1-BJ173,green,497505.40018793533,5404296.216488899,163.93776711244038,0.3269937667110179,32.86492613279297,90.74222309643393,265.16120603747805,22.88490550534202
WF-1-BJ174,green,497480.35046093416,5404296.216488899,165.475123771097,0.3343287769056774,32.56557011977071,94.22804228548303,257.80141575582024,23.14
WF-1-BJ175,green,497455.30073393305,5404296.216488899,166.77652909321026,0.34053802005776823,32.266214106749146,97.71386147452391,250.4416254741798,23.14
WF-1-BJ176,green,497430.2510069319,5404296.216488899,168.36596561667983,0.34812151282619386,32.23210925745038,101.78760337089211,241.05642865557817,23.14
WF-1-BJ177,green,497405.2012799307,5404296.216488899,170.08250579941648,0.35631144043278984,32.31505559349445,106.12078635251562,230.77745164531822,23.14
WF-1-BJ178,green,497380.15155292954,5404296.216488899,171.7990459821532,0.36450136803938615,32.39800192953852,110.45396933413927,220.49847463505807,23.14
WF-1-BJ179,green,497355.10182592843,5404296.216488899,173.9489484358264,0.3747589464135523,33.10135376249828,115.5479352678307,206.91284271036426,23.14
WF-1-BJ180,green,497330.05209892726,5404296.216488899,176.09886577851785,0.3850165958259515,33.804726910710905,120.64192733972887,193.32709717900474,23.14
WF-1-BJ181,green,497305.0023719261,5404296.216488899,178.3535159663436,0.39577394482494305,34.6994151757866,125.88835986406941,178.93133552794168,23.14
WF-1-BJ182,green,497279.9526449249,5404296.216488899,180.84557935649673,0.4076640356959085,36.02778529577564,131.48035137644464,162.6993922982221,23.14
WF-1-BJ183,green,497254.9029179238,5404296.216488899,183.33764274664412,0.4195541265668465,37.35615541576161,137.07234288880693,146.4674490685401,23.14
WF-1-BJ184,green,497229.85319092264,5404296.216488899,185.59276522401507,0.4303137289457609,38.70477470284313,142.00929395159878,131.79533888543784,23.14
WF-1-BJ185,green,497204.8034639215,5404296.216488899,187.69782562774162,0.4403573576865378,40.06621841930572,146.53138745757968,118.11111964428294,23.14
WF-1-BJ186,green,497179.7537369203,5404296.216488899,189.80288603146812,0.4504009864273144,41.4276621357683,151.0534809635605,104.42690040312819,23.14
WF-1-BJ187,green,497154.7040099192,5404296.216488899,190.2274591665386,0.4524267026178839,41.70867301662435,151.98071519147237,101.57408233663593,23.14
WF-1-BJ188,green,497129.654282918,5404296.216488899,190.50269226724248,0.45373989015195604,41.89366896192584,152.58848469141915,99.6838195086347,23.14
WF-1-BJ189,green,497104.60455591686,5404296.216488899,190.30460365459018,0.4527947730998595,41.75302583051003,152.26028646849426,100.57539478464506,23.14
WF-1-BJ190,green,497079.5548289157,5404296.216488899,188.47174127858608,0.44404985100406835,40.48767997805321,148.6994128082959,111.0749720136692,23.14
WF-1-BJ191,green,497054.5051019146,5404296.216488899,186.63887890258627,0.43530492890829764,39.222334125599296,145.13853914810582,121.57454924266925,23.14
WF-1-BJ192,green,497029.4553749134,5404296.216488899,184.39396278103632,0.42459402292236126,37.743081522078725,140.8629360143241,133.7820312914744,23.14
WF-1-BJ193,green,497004.40564791224,5404296.216488899,181.78461590958568,0.41214435108094355,36.07464438003225,135.9552080646666,147.50002754130253,23.14
WF-1-BJ194,green,496979.35592091107,5404296.216488899,179.17526903813507,0.399694679239526,34.40620723798574,131.0474801150091,161.2180237911308,23.14
WF-1-BJ195,green,496954.30619390996,5404296.216488899,176.748848952801,0.38811778459882235,33.06363728938698,126.5806876842551,172.75701972408868,23.14
WF-1-BJ196,green,496929.2564669088,5404296.216488899,174.35810332216084,0.37671109931545627,31.78461809066568,122.19988667403977,183.87106614723874,23.14
WF-1-BJ197,green,496904.2067399076,5404296.216488899,172.03557065893605,0.3656298705932482,30.588803501948792,117.94306746215389,194.49891252517355,23.14
WF-1-BJ198,green,496879.15701290645,5404296.216488899,170.12201956808383,0.3564999678602885,29.891855236126524,114.42960061782524,202.21167007888496,23.14
WF-1-BJ199,green,496854.10728590534,5404296.216488899,167.8511358721504,0.34566516582084955,29.19490697030586,110.9161337735047,209.9244276325786,22.75367635523609
WF-1-BJ200,green,496829.05755890417,5404296.216488899,165.47193767496546,0.3343135754574809,28.72916568354367,107.7645565381809,216.4122607208865,22.006232010404307
WF-1-BJ201,green,496804.007831903,5404296.216488899,163.40387718322611,0.32444648007355364,28.54705657005505,105.05692583381582,221.3974229571694,21.29581994739326
WF-1-BJ202,green,496778.95810490183,5404296.216488899,161.3358166914868,0.31457938468962643,28.364947456566437,102.34929512945077,226.38258519345226,20.585407884382217
WF-1-BJ203,green,496753.9083779007,5404296.216488899,159.80175266155976,0.30726008422970075,28.38387871081563,100.34847325660094,229.71181273837698,20.012907345996208
WF-1-BJ204,green,496728.85865089955,5404296.216488899,158.44076071429046,0.3007665423753381,28.467968589947027,98.57673319469824,232.50433997482338,19.485104921728915
WF-1-BJ205,green,496703.8089238984,5404296.216488899,157.1330921928936,0.2945274163523222,28.541668569131794,96.87797320634442,235.18245707819688,18.980873283540003
WF-1-BJ206,green,496678.7591968972,5404296.216488899,156.64104249356737,0.292179757114946,28.456447814750227,96.2954941142154,236.11059175933707,18.83717318401383
WF-1-BJ207,green,496653.7094698961,5404296.216488899,156.14899279424225,0.2898320978775751,28.371227060368852,95.71301502208773,237.03872644047516,18.69347308448799
WF-1-BJ208,green,496628.65974289493,5404296.216488899,155.89857299816236,0.2886372991645714,28.120092691149086,95.4953099122957,237.50122675484846,18.701194847880416
WF-1-BJ209,green,496603.61001589376,5404296.216488899,156.06400902659152,0.2894266247568203,27.583413601806296,95.9053970713669,237.16234958692303,18.969520380949962
WF-1-BJ210,green,496578.5602888926,5404296.216488899,156.22944505502073,0.2902159503490694,27.046734512463512,96.31548423043813,236.82347241899754,19.23784591401951
WF-1-BJ211,green,496553.5105618915,5404296.216488899,156.49683044606783,0.29149169502301336,26.31833443445527,96.94162674159122,236.1513731719092,19.628507743370754
WF-1-BJ212,green,496528.4608348903,5404296.216488899,156.8136061535414,0.29300308994276447,25.497053341277457,97.67243927647907,235.31784139098812,20.07843652867594
WF-1-BJ213,green,496503.41110788914,5404296.216488899,157.1303818610149,0.29451448486251525,24.67577224809965,98.40325181136689,234.4843096100671,20.52836531398112
WF-1-BJ214,green,496478.361380888,5404296.216488899,157.29321029279808,0.2952913691335689,23.86588936841944,98.98205917189468,233.59465319188905,20.946183152080888
WF-1-BJ215,green,496453.31165388686,5404296.216488899,157.45286262976754,0.29605309967454535,23.056241645918185,99.55773050520848,232.70383886319803,21.363338507440634
WF-1-BJ216,green,496428.2619268857,5404296.216488899,157.5598021666603,0.2965633277916863,22.288276561348326,100.06496365214886,231.8292710048647,21.750164470323853
WF-1-BJ217,green,496403.2121998845,5404296.216488899,157.53509631715906,0.2964454516586896,21.624410044272835,100.40127870184865,230.99527721705937,22.061245555569116
WF-1-BJ218,green,496378.16247288336,5404296.216488899,157.51039046765786,0.29632757552569294,20.960543527197338,100.73759375154845,230.16128342925404,22.372326640814386
WF-1-BJ219,green,496353.11274588224,5404296.216488899,157.43210433012973,0.2959540580249647,20.38745817584023,100.99213815599435,229.3879358801333,22.620403730474425
WF-1-BJ220,green,496328.0630188811,5404296.216488899,157.3169013315461,0.2954044034185933,19.87692111984594,101.19034252084096,228.6563736376863,22.825071017079274
WF-1-BJ221,green,496303.0132918799,5404296.216488899,157.20169833296248,0.29485474881222207,19.36638406385165,101.38854688568757,227.92481139523937,23.029738303684116
WF-1-BJ222,green,496277.96356487874,5404296.216488899,157.09628637890899,0.29435180907259323,18.96980623561941,101.57802200245915,227.3597606840285,23.14
WF-1-BJ223,green,496252.9138378776,5404296.216488899,156.8998928843598,0.29341477973943775,18.586143438235357,101.76650783112807,226.8135807707751,23.14
WF-1-BJ224,green,496227.86411087646,5404270.549822232,155.50523309777287,0.28676060245722157,18.440337860568356,100.75270985475458,224.04560894033324,23.14
WF-1-BJ225,green,496227.86411087646,5404244.883155566,154.23172136294914,0.280684444718969,18.618942246606363,99.53769382997288,221.6745703691036,23.14
WF-1-BJ226,green,496227.86411087646,5404219.216488899,152.7136657174285,0.273441523193079,18.524313102207536,98.35098144672456,218.80009683344363,23.14
WF-1-BJ227,green,496227.86411087646,5404193.549822232,151.03649983947636,0.265439457606253,18.25190708975579,97.18268456594393,215.5980679970698,23.14
WF-1-BJ228,green,496227.86411087646,5404167.883155566,149.23630225290157,0.2568503852035836,17.79920042701921,96.05413164461017,212.18600437329468,23.14
WF-1-BJ229,green,496227.86411087646,5404142.216488899,147.20277241035578,0.24714804187145684,17.00454974085429,95.00095398873148,208.37560530144918,23.14
WF-1-BJ230,green,496227.86411087646,5404116.549822232,145.1883034805432,0.23753664164510216,16.193931246151795,93.97437684436473,204.61181919169454,23.14
WF-1-BJ231,green,496227.86411087646,5404090.883155566,143.37992531496894,0.22890853820170365,15.21066530748495,93.23541025790485,201.3520226397545,23.14
WF-1-BJ232,green,496227.86411087646,5404065.216488899,141.57154714932904,0.2202804347579919,14.227399368782436,92.49644367141815,198.0922260876962,23.14
WF-1-BJ233,green,496227.86411087646,5404039.549822232,140.80977703648549,0.21664589002679274,13.802631589982028,92.19450467174474,196.7158130769913,23.14
WF-1-BJ234,green,496227.86411087646,5404013.883155566,140.2714394866258,0.2140773829766205,13.497093426275848,91.98586343865631,195.74146959995974,23.14
WF-2-BJ1,green,495677.76892863103,5404326.216488899,128.7872839145641,0.15928437334947507,13.723510101837675,95.93724681836136,212.27365310936045,4
WF-2-BJ2,green,495702.8109129052,5404326.216488899,130.118298839598,0.1656348893402788,14.536799908802724,96.41058179855268,214.66931404968997,4
WF-2-BJ3,green,495727.8528971794,5404326.216488899,131.52279978825936,0.17233602060922082,15.254954702884508,97.07633116486889,216.95841277420277,4
WF-2-BJ4,green,495752.8948814536,5404326.216488899,132.92730073692394,0.17903715187817812,15.973109496967963,97.74208053118667,219.24751149872088,4
WF-2-BJ5,green,495777.93686572777,5404326.216488899,134.1664204848897,0.1849492191480301,16.385099889493624,98.57173925589417,220.9838773145176,4
WF-2-BJ6,green,495802.97885000193,5404326.216488899,135.3317668450684,0.19050930007270592,16.660516203299416,99.4745148077118,222.4736795605382,4
WF-2-BJ7,green,495828.0208342761,5404326.216488899,136.49711320524708,0.19606938099738172,16.935932517105204,100.37729035952943,223.9634818065588,4
WF-2-BJ8,green,495853.0628185503,5404326.216488899,137.36375715696542,0.20020429802213305,16.856767241108763,101.34899583488675,224.7545788287444,4
WF-2-BJ9,green,495878.10480282444,5404326.216488899,138.22945162432885,0.20433468488312323,16.77647485778898,102.32092041756339,225.54345487895267,4
WF-2-BJ10,green,495903.14678709867,5404326.216488899,139.0016978858481,0.20801921323842443,16.6591391115278,103.23589085666197,226.19780806060146,4
WF-2-BJ11,green,495928.18877137284,5404326.216488899,139.5581030378577,0.21067392412764502,16.456242808113956,104.01931200136437,226.54144831906774,4
WF-2-BJ12,green,495953.230755647,5404326.216488899,140.1145081898673,0.2133286350168656,16.253346504700108,104.8027331460668,226.88508857753402,4
WF-2-BJ13,green,495978.2727399212,5404326.216488899,140.46503957237138,0.2150010844447441,16.113282899047025,105.30973152654018,227.0852300294955,4
WF-2-BJ14,green,496003.31472419534,5404326.216488899,140.6825275112935,0.21603875923557841,16.013824167437456,105.63809502542667,227.19263710634374,4
WF-2-BJ15,green,496028.3567084695,5404326.216488899,140.9000154502156,0.21707643402641258,15.91436543582789,105.96645852431314,227.30004418319197,4
WF-2-BJ16,green,496053.39869274374,5404326.216488899,140.85666386803612,0.21686959568772876,15.998539770247561,105.83639416814643,227.33305710140257,4
WF-2-BJ17,green,496078.4406770179,5404326.216488899,140.78837941972807,0.21654379807813967,16.100267037722418,105.66251007066398,227.35895890550648,4
WF-2-BJ18,green,496103.4826612921,5404326.216488899,140.7000555847255,0.2161223888842956,16.235224897242112,105.43367066504848,227.39798255301753,4
WF-2-BJ19,green,496128.52464556624,5404326.216488899,140.5398725626123,0.21535812634730012,16.489344254463187,105.00776715612298,227.4840597862993,4
WF-2-BJ20,green,496153.5666298404,5404326.216488899,140.3796895404991,0.21459386381030476,16.743463611684255,104.58186364719745,227.57013701958107,4
WF-2-BJ21,green,496178.6086141146,5404326.216488899,140.27297453173736,0.21408470695800055,17.037861799486887,104.17013133664878,227.7452390324582,4
WF-2-BJ22,green,496203.6505983888,5404326.216488899,140.21495312864624,0.21380787621688047,17.368942133685508,103.77130481223918,228.0014163881591,4
WF-2-BJ23,green,496228.692582663,5404326.216488899,140.1569317255553,0.2135310454757612,17.700022467883365,103.37247828783049,228.2575937438594,4
WF-2-BJ24,green,496253.73456693714,5404326.216488899,140.236560012932,0.21391096661923983,18.076998064088098,103.07331748970424,228.66986567834113,4
WF-2-BJ25,green,496278.7765512113,5404326.216488899,140.3446469743033,0.21442666930872573,18.46346237250794,102.79476229122058,229.1144097139425,4
WF-2-BJ26,green,496303.8185354855,5404326.216488899,140.4685304229938,0.2150177399324342,18.860319568326837,102.52369334204505,229.5757369525551,4
WF-2-BJ27,green,496328.86051975965,5404326.216488899,140.69451819647264,0.2160959689907349,19.32435364524805,102.30101353251528,230.14554638576055,4
WF-2-BJ28,green,496353.9025040339,5404326.216488899,140.9205059699521,0.21717419804903862,19.78838772217035,102.07833372298501,230.71535581896728,4
WF-2-BJ29,green,496378.94448830804,5404326.216488899,141.1596780273253,0.218315331740581,20.302467419311878,101.82626739816116,231.30723823646252,4
WF-2-BJ30,green,496403.9864725822,5404326.216488899,141.4156786302044,0.21953675750498242,20.880425822646085,101.53669184539223,231.92729482128814,4
WF-2-BJ31,green,496429.0284568564,5404326.216488899,141.67167923308347,0.22075818326938354,21.458384225980307,101.24711629262328,232.54735140611376,4
WF-2-BJ32,green,496454.07044113055,5404326.216488899,141.8937604363384,0.22181777336563396,22.12562481096488,100.84298066907921,233.16388582930813,4
WF-2-BJ33,green,496479.1124254047,5404326.216488899,142.10420690274216,0.22282185200139473,22.82349019180397,100.39954964845012,233.77921211131545,4
WF-2-BJ34,green,496504.1544096789,5404326.216488899,142.31120977959776,0.22380950064070687,23.52232312319709,99.95232592181551,234.38866081213058,4
WF-2-BJ35,green,496529.1963939531,5404326.216488899,142.4526498832453,0.22448433728082326,24.239577325958233,99.43289256618468,234.8862057807143,4
WF-2-BJ36,green,496554.2383782273,5404326.216488899,142.59408998689253,0.22515917392093815,24.956831528717693,98.91345921055506,235.3837507492968,4
WF-2-BJ37,green,496579.28036250145,5404326.216488899,142.7435063972374,0.2258720669812166,25.602255561765134,98.49869537045575,235.7177094664616,4
WF-2-BJ38,green,496604.3223467756,5404326.216488899,142.90740171207798,0.22665404154674326,26.117290655848656,98.27393173676802,235.75472000938487,4
WF-2-BJ39,green,496629.3643310498,5404326.216488899,143.07129702691856,0.22743601611226993,26.632325749932175,98.04916810308032,235.79173055230808,4
WF-2-BJ40,green,496654.40631532395,5404326.216488899,143.3951083043804,0.22898097902504236,26.93655973289826,98.34923481988126,235.13321109560508,4
WF-2-BJ41,green,496679.4482995982,5404326.216488899,143.8011109854162,0.23091809217812095,27.132449064627444,98.91904661051666,234.11721271084681,4
WF-2-BJ42,green,496704.49028387235,5404326.216488899,144.20711366645102,0.23285520533119494,27.328338396356166,99.48885840115074,233.10121432609088,4
WF-2-BJ43,green,496729.5322681465,5404326.216488899,145.03218811165652,0.23679178662666592,27.42182619776957,101.0086375336344,230.5235691139053,4
WF-2-BJ44,green,496754.5742524207,5404326.216488899,145.87209162614414,0.24079912012771593,27.51169046851956,102.5620317476684,227.89066422789278,4
WF-2-BJ45,green,496779.61623669486,5404326.216488899,146.84554457701995,0.2454436424501644,27.66600005348611,104.35542480469104,224.68439221812235,4
WF-2-BJ46,green,496804.658220969,5404326.216488899,148.17801244522295,0.25180109069894335,27.993555065624058,106.79399591041552,219.9367632689212,4
WF-2-BJ47,green,496829.70020524325,5404326.216488899,149.51048031342907,0.2581585389477372,28.321110077762782,109.23256701614574,215.1891343197089,4
WF-2-BJ48,green,496854.7421895174,5404326.216488899,151.13623596451714,0.26591531692609954,28.918166003202913,112.1759863575747,208.807457378118,4
WF-2-BJ49,green,496879.7841737916,5404326.216488899,152.97749707046603,0.27470031090073566,29.713248987033587,115.49036403760536,201.22509538786784,4
WF-2-BJ50,green,496904.82615806576,5404326.216488899,154.81875817641497,0.28348530487537205,30.50833197086427,118.80474171763606,193.64273339761766,4
WF-2-BJ51,green,496929.8681423399,5404326.216488899,157.11605744281022,0.29444614043965645,31.79347338278184,122.99297250081193,182.85146642093446,4
WF-2-BJ52,green,496954.9101266141,5404326.216488899,159.4745180516674,0.30569878797089806,33.144338749285225,127.29839968011964,171.62983866783964,4
WF-2-BJ53,green,496979.9521108883,5404326.216488899,161.88445934671458,0.3171970592849525,34.56638019293811,131.72913046714672,159.8657912723716,4
WF-2-BJ54,green,497004.9940951625,5404326.216488899,164.51814080495797,0.3297628358969858,36.297759920457906,136.70444314917125,145.7443343647973,4
WF-2-BJ55,green,497030.03607943666,5404326.216488899,167.15182226320135,0.3423286125090191,38.02913964797775,141.67975583119585,131.62287745722276,4
WF-2-BJ56,green,497055.0780637108,5404326.216488899,169.41653466578077,0.35313397017755616,39.55231243591407,146.02424926765386,119.05097350800418,4
WF-2-BJ57,green,497080.120047985,5404326.216488899,171.3008264199097,0.3621242712559838,40.86081622179614,149.7183448922364,108.07671557320705,4
WF-2-BJ58,green,497105.16203225916,5404326.216488899,173.18511817403848,0.37111457233441075,42.169320007678195,153.4124405168189,97.10245763840996,4
WF-2-BJ59,green,497130.2040165334,5404326.216488899,173.33340858406604,0.37182209304094144,42.280475974647956,153.6510699684548,96.44531414667817,4
WF-2-BJ60,green,497155.24600080756,5404326.216488899,173.0413505155234,0.3704286305037155,42.08791657171385,153.0131970618537,98.40517649061204,4
WF-2-BJ61,green,497180.2879850817,5404326.216488899,172.55113972712132,0.36808974504716613,41.77148229471955,151.94643518469226,101.65190206526833,4
WF-2-BJ62,green,497205.3299693559,5404326.216488899,170.33477582954376,0.35751506695131524,40.37594600408966,147.14352459077855,116.10878396970219,4
WF-2-BJ63,green,497230.37195363006,5404326.216488899,168.1184119319661,0.3469403888554639,38.98040971345976,142.3406139968648,130.56566587413616,4
WF-2-BJ64,green,497255.41393790423,5404326.216488899,165.7398107447676,0.3355916469360865,37.61581567162246,137.06546304421286,146.13507613307914,4
WF-2-BJ65,green,497280.45592217846,5404326.216488899,163.1260798382243,0.3231210580602792,36.29606608133395,131.10589642317666,163.31686835654892,4
WF-2-BJ66,green,497305.4979064526,5404326.216488899,160.51234893168714,0.31065046918450095,34.976316491048514,125.14632980215433,180.49866057997872,4
WF-2-BJ67,green,497330.5398907268,5404326.216488899,158.17316822390634,0.29948980959252575,34.165837763960035,119.55114182471355,195.68858148551806,4
WF-2-BJ68,green,497355.58187500096,5404326.216488899,155.94418350482556,0.28885491524570284,33.559764666662744,114.10220420539494,210.07902662949414,4
WF-2-BJ69,green,497380.62385927513,5404326.216488899,153.72421930828716,0.2782630594640932,32.967709391266006,108.66743610032407,224.40412399960076,4
WF-2-BJ70,green,497405.6658435493,5404326.216488899,151.9726385674171,0.2699059469367517,33.10351836451471,103.96840874833342,235.33609020669968,4
WF-2-BJ71,green,497430.70782782347,5404326.216488899,150.221057826547,0.2615488344094099,33.23932733776343,99.26938139634277,246.26805641379855,4
WF-2-BJ72,green,497455.7498120977,5404326.216488899,148.61820445234937,0.25390132738878307,33.54108100217986,94.83892190468266,256.20584115159807,4
WF-2-BJ73,green,497480.79179637186,5404326.216488899,147.32537270137487,0.24773299031489684,34.18874573642738,90.96829108389716,264.07125844428174,4
WF-2-BJ74,green,497505.83378064603,5404326.216488899,146.0325409504004,0.24156465324101076,34.8364104706749,87.09766026311164,271.93667573696547,4
WF-2-BJ75,green,497530.8757649202,5404326.216488899,145.03328372596545,0.2367970140032022,35.46918718557295,84.02522448576447,277.8922854496977,4
WF-2-BJ76,green,497555.91774919437,5404326.216488899,144.2068066217318,0.23285374036460244,36.0932017173106,81.42255778945784,282.72389851628,4
WF-2-BJ77,green,497580.95973346854,5404326.216488899,143.38032951749818,0.2289104667260028,36.71721624904825,78.81989109315123,287.5555115828623,4
WF-2-BJ78,green,497606.00171774277,5404326.216488899,142.89299410149528,0.22658530019781178,36.62654791512185,77.81230998107691,289.7098014550614,4
WF-2-BJ79,green,497631.04370201693,5404326.216488899,142.42930666501368,0.22437296251118802,36.48604552552774,76.9159524446898,291.6774045050014,4
WF-2-BJ80,green,497656.0856862911,5404326.216488899,141.99420690639738,0.2222970218716664,36.12206238409109,76.32332293182537,293.2555049269596,4
WF-2-BJ81,green,497681.12767056527,5404326.216488899,141.64957358395267,0.22065271316859664,35.050868700145514,76.6918485006388,293.6010143424322,4
WF-2-BJ82,green,497706.16965483944,5404326.216488899,141.30494026150797,0.21900840446552688,33.979675016199906,77.06037406945225,293.94652375790486,4
WF-2-BJ83,green,497731.2116391136,5404326.216488899,140.95353600205476,0.21733179038185138,32.733599534467416,77.58300710087028,294.2019681398432,4
WF-2-BJ84,green,497756.25362338783,5404326.216488899,140.59648874796483,0.21562825253721526,31.341775089835505,78.23407547052062,294.382351049422,4
WF-2-BJ85,green,497781.295607662,5404326.216488899,140.23944149387572,0.21392471469258312,29.949950645206812,78.88514384016949,294.5627339590005,4
WF-2-BJ86,green,497806.3375919362,5404326.216488899,139.89419347839288,0.2122774731764437,28.73736676749185,79.34743312940792,295.0031312929495,4
WF-2-BJ87,green,497831.37957621034,5404326.216488899,139.55101564581582,0.21064010888211432,27.556230745865783,79.77660102511608,295.48914830072243,4
WF-2-BJ88,green,497856.4215604845,5404326.216488899,139.21489918738234,0.2090364356971575,26.429058233752976,80.16881006165117,295.98295081348624,4
WF-2-BJ89,green,497881.4635447587,5404326.216488899,138.91697359881982,0.20761497814724478,25.593742990167186,80.36113010313358,296.5188605991316,4
WF-2-BJ90,green,497906.5055290329,5404326.216488899,138.61904801025662,0.20619352059732882,24.758427746579457,80.55345014461645,297.05477038477807,4
WF-2-BJ91,green,497931.5475133071,5404326.216488899,138.34230721305556,0.20487313956712486,24.059568348385223,80.70221351590926,297.40223681333737,4
WF-2-BJ92,green,497956.58949758124,5404326.216488899,138.09030057289502,0.20367076973037226,23.520027031328127,80.80012259733697,297.52968750004396,4
WF-2-BJ93,green,497981.6314818554,5404326.216488899,137.83829393273453,0.20246839989361992,22.980485714271044,80.89803167876467,297.6571381867506,4
WF-2-BJ94,green,498006.6734661296,5404326.216488899,137.6202715860712,0.20142817534557228,22.606689969641216,81.03430511454542,297.18728903355975,4
WF-2-BJ95,green,498031.71545040375,5404326.216488899,137.4125927312889,0.20043730149176237,22.28334070502599,81.18225516169383,296.53564513318594,4
WF-2-BJ96,green,498056.757434678,5404326.216488899,137.20781670123785,0.19946027754641527,21.970493545990223,81.33716280470028,295.82981648610337,4
WF-2-BJ97,green,498081.79941895214,5404326.216488899,137.04047386826815,0.19866185424046068,21.793075640968226,81.5817916954633,294.4252517837243,4
WF-2-BJ98,green,498106.8414032263,5404326.216488899,136.87313103529843,0.19786343093450595,21.61565773594623,81.82642058622628,293.02068708134533,4
WF-2-BJ99,green,498131.8833875005,5404326.216488899,136.7087898914484,0.19707932923711885,21.467803481124317,82.05358746884427,291.6028506757199,4
WF-2-BJ100,green,498156.92537177465,5404326.216488899,136.5494033334315,0.19631886677620422,21.368746965380772,82.25193157377828,290.16310800656595,4
WF-2-BJ101,green,498181.9673560488,5404326.216488899,136.3900167754146,0.19555840431528948,21.26969044963722,82.4502756787123,288.723365337412,4
WF-2-BJ102,green,498207.009340323,5404326.216488899,136.17301035158812,0.19452302692116885,21.17431588360565,82.4160357287508,288.00125029334106,4
WF-2-BJ103,green,498232.0513245972,5404326.216488899,135.92920901211443,0.19335980607684386,21.080653531418186,82.27363741979073,287.612852994175,4
WF-2-BJ104,green,498257.0933088714,5404326.216488899,135.68540767264133,0.19219658523252175,20.986991179230944,82.13123911083099,287.2244556950098,4
WF-2-BJ105,green,498282.13529314555,5404326.216488899,135.1819740899534,0.18979461140259948,20.83338640266534,81.40166842232688,288.2566079638842,4
WF-2-BJ106,green,498307.1772774197,5404326.216488899,134.6753571265939,0.18737744908043763,20.679046665168798,80.66489834602419,289.3061777537179,4
WF-2-BJ107,green,498332.2192616939,5404326.216488899,134.01400473097138,0.1842220156702148,20.490056998718018,79.7050513558238,290.621027823526,4
WF-2-BJ108,green,498357.26124596805,5404326.216488899,132.97963084741096,0.17928682841988924,20.21753657356237,78.20743172279866,292.5753904038779,4
WF-2-BJ109,green,498382.3032302423,5404326.216488899,131.94525696384818,0.17435164116955246,19.945016148406097,76.7098120897701,294.5297529842344,4
WF-2-BJ110,green,498407.34521451645,5404326.216488899,130.38810717657216,0.16692219433301808,19.551338768481198,74.61149890154859,296.699428402669,4
WF-2-BJ111,green,498432.3871987906,5404326.216488899,128.4802587966649,0.15781950027846298,19.07638454847423,72.11021690219269,299.0135441228739,4
WF-2-BJ112,green,498457.4291830648,5404326.216488899,126.5724104167575,0.14871680622390715,18.601430328467217,69.60893490283661,301.3276598430791,4
WF-2-BJ113,green,498482.47116733895,5404326.216488899,123.5368425888108,0.13423355613408997,17.82273952272119,65.89708485937436,303.8758386189013,4
WF-2-BJ114,green,498507.5131516131,5404326.216488899,120.38125295055772,0.11917766000457763,17.011722401294378,62.0563955302145,306.4489284412696,4
WF-2-BJ115,green,498532.55513588735,5404326.216488899,116.96912018217934,0.10289774961380511,16.114682289803454,57.95282723522929,309.0812128890608,4
WF-2-BJ116,green,498557.5971201615,5404326.216488899,112.5867314546312,0.08198857033356222,14.89229993003153,52.85504060741958,311.9373736808966,4
WF-2-BJ117,green,498582.6391044357,5404326.216488899,108.20434272708323,0.06107939105332005,13.669917570259653,47.75725397961007,314.7935344727323,4
WF-2-BJ118,green,498607.68108870985,5404326.216488899,104.08026944527734,0.04140268207675608,12.473097240149764,43.018763525070014,317.38641078510017,4
WF-2-BJ119,green,498632.723072984,5404326.216488899,100.2000267467021,0.022889333471837678,11.300405566315675,38.619421955836245,319.7307661156902,4
WF-2-BJ120,green,498657.7650572582,5404326.216488899,96.31978404812676,0.004375984866918875,10.127713892481566,34.22008038660239,322.07512144628026,4
WF-2-BJ121,green,498682.8070415324,5404326.216488899,95.52223570440233,0.0005707356431867637,9.955349542957096,33.27002542955413,322.51037773445483,4
WF-2-BJ122,green,498707.8490258066,5404326.216488899,95.4026142971922,0,10.002970946289675,33.07851609428629,322.52579685541554,4
WF-2-BJ123,green,498732.89101008076,5404326.216488899,95.69446670264708,0.0013924812809657607,10.20521932622674,33.331329852043424,322.28119141576735,4
WF-2-BJ124,green,498757.9329943549,5404326.216488899,98.86565692782625,0.016522810668044754,11.48948869506545,36.693348245783866,320.21703263305335,4
WF-2-BJ125,green,498782.9749786291,5404326.216488899,102.03684715300548,0.03165314005512402,12.773758063904161,40.05536663952431,318.15287385033946,4
WF-2-BJ126,green,498808.01696290326,5404326.216488899,105.29031630285206,0.047176037261675956,14.085123727529954,43.50056136839983,316.0767557660872,4
WF-2-BJ127,green,498833.0589471775,5404326.216488899,108.65269977929582,0.06321858466874339,15.432357321029485,47.05585834480355,313.98480690525173,4
WF-2-BJ128,green,498858.10093145166,5404326.216488899,112.01508325573178,0.07926113207577366,16.779590914525897,50.61115532119903,311.8928580444212,4
WF-2-BJ129,green,498883.1429157258,5404326.216488899,114.76872144717447,0.09239924423270501,17.816582668527086,53.53964139921855,310.3493633719893,4
WF-2-BJ130,green,498908.1849,5404351.883155566,117.45574572980476,0.10521952922995045,17.893081063226823,56.70596052473851,310.91269925899525,4
WF-2-BJ131,green,498908.1849,5404377.549822232,118.76986886561218,0.11148945140052097,17.715261582517464,58.29015887196441,311.82500540503224,4
WF-2-BJ132,green,498908.1849,5404403.216488899,120.08399200146731,0.1177593735713191,17.537442101801645,59.87435721924784,312.7373115511024,4
WF-2-BJ133,green,498908.1849,5404428.883155566,122.67561935899508,0.1301245023663742,17.843566018110526,62.79124037491427,313.04077792535395,4
WF-2-BJ134,green,498908.1849,5404454.549822232,125.62493753295658,0.14419623955988,18.285190158907227,66.08126446355179,313.17377410354993,4
WF-2-BJ135,green,498908.1849,5404480.216488899,129.15755514243668,0.1610510051950792,18.923234471248435,69.97343615283249,313.14876576439576,4
WF-2-BJ136,green,498908.1849,5404505.883155566,133.22715669550286,0.18046781957699806,19.742102682780978,74.41994335749398,312.97829887739675,4
WF-2-BJ137,green,498908.1849,5404531.549822232,137.34048023992668,0.20009323958763248,20.601559247831965,78.88483747859472,312.82159655125974,4
WF-2-BJ138,green,498908.1849,5404557.216488899,141.57818659253888,0.22031211275760043,21.576483869473275,83.40203974592347,312.70405243067296,4
WF-2-BJ139,green,498908.1849,5404582.883155566,145.81589294515112,0.2405309859275685,22.5514084911146,87.91924201325229,312.58650831008623,4
WF-2-BJ140,green,498908.1849,5404608.549822232,149.54237706890962,0.2583107242102194,23.62254717407111,91.67236595847541,312.68595679806174,4
WF-2-BJ141,green,498883.1429157258,5404634.216488899,153.42730136313693,0.27684640956545653,24.088113373759512,96.15283726942785,312.6240998009219,4
WF-2-BJ142,green,498858.10093145166,5404634.216488899,153.9366828002114,0.2792767616980426,23.532276951388976,97.29340706095857,312.39008270815265,4
WF-2-BJ143,green,498833.0589471775,5404634.216488899,155.42198710245057,0.28636342056652925,23.114983053671438,99.58287180706665,311.95401728138467,4
WF-2-BJ144,green,498808.01696290326,5404634.216488899,156.90729140469318,0.2934500794350323,22.69768915595293,101.87233655318003,311.5179518546157,4
WF-2-BJ145,green,498782.9749786291,5404634.216488899,159.51264404900058,0.30588069408718266,22.480698555101085,105.45066011090181,310.8317916152315,4
WF-2-BJ146,green,498757.9329943549,5404634.216488899,162.96413306532162,0.3223483803452254,22.415026338060606,110.00264728468042,309.9566981758609,4
WF-2-BJ147,green,498732.89101008076,5404634.216488899,166.41562208164265,0.33881606660326813,22.349354121020127,114.55463445845902,309.08160473649025,4
WF-2-BJ148,green,498707.8490258066,5404634.216488899,170.62897868103195,0.3589187626408044,22.53467243483245,119.896562028717,308.0050182246647,4
WF-2-BJ149,green,498682.8070415324,5404634.216488899,174.95121050756646,0.3795409223282095,22.755858728416136,125.35137659142508,306.89963720245544,4
WF-2-BJ150,green,498657.7650572582,5404634.216488899,178.67491570944642,0.39730740186560154,22.949389825263825,130.04750448154934,305.95140947705283,4
WF-2-BJ151,green,498632.723072984,5404634.216488899,179.67697858128935,0.40208842736106487,23.017166192109645,131.29370436800212,305.71779501574787,4
WF-2-BJ152,green,498607.68108870985,5404634.216488899,180.67904145313224,0.4068694528565281,23.08494255895547,132.53990425445485,305.4841805544429,4
WF-2-BJ153,green,498582.6391044357,5404634.216488899,179.46040816618495,0.40105513024441497,22.96961232484971,130.99671736938635,306.0164068341745,4
WF-2-BJ154,green,498557.5971201615,5404634.216488899,175.88915729322684,0.3840160382332454,22.66029796202459,126.49843897083416,307.359968959341,4
WF-2-BJ155,green,498532.55513588735,5404634.216488899,172.31790642026857,0.36697694622207505,22.350983599199463,122.0001605722818,308.7035310845076,4
WF-2-BJ156,green,498507.5131516131,5404634.216488899,168.11947834729457,0.34694547691831645,21.963904365068505,116.60865383848146,310.8399215586374,4
WF-2-BJ157,green,498482.47116733895,5404634.216488899,163.755219804024,0.3261228000679151,21.55626350149515,110.98097067015229,313.18594193955505,4
WF-2-BJ158,green,498457.4291830648,5404634.216488899,159.50453409752788,0.30584200002331957,21.15495610627596,105.47537673704063,315.597622662735,4
WF-2-BJ159,green,498432.3871987906,5404634.216488899,156.32097357830094,0.29065264969764415,20.813157690452268,101.11692768201016,318.6262449629919,4
WF-2-BJ160,green,498407.34521451645,5404634.216488899,153.13741305907416,0.27546329937196956,20.471359274628597,96.75847862698001,321.65486726324855,4
WF-2-BJ161,green,498382.3032302423,5404634.216488899,150.348492831145,0.262156850156842,20.156184508875405,92.79250823487276,325.0388821755008,4
WF-2-BJ162,green,498357.26124596805,5404634.216488899,148.14785108296698,0.25165718531538345,19.88069682204991,89.4115940477436,328.9526702257602,4
WF-2-BJ163,green,498332.2192616939,5404634.216488899,145.94720933479397,0.2411575204739488,19.605209135225042,86.03067986062216,332.8664582760105,4
WF-2-BJ164,green,498307.1772774197,5404634.216488899,143.93722713225947,0.2315675272452092,19.377046920194115,82.65351754184596,337.66932260749036,4
WF-2-BJ165,green,498282.13529314555,5404634.216488899,142.00633363684608,0.22235488072372145,19.16851608719312,79.27791155960506,342.8409903648839,4
WF-2-BJ166,green,498257.0933088714,5404634.216488899,140.06880378066057,0.21311057090950017,18.96160012608058,75.888367013829,348.032401605874,4
WF-2-BJ167,green,498232.0513245972,5404634.216488899,137.59002127145266,0.20128384555399836,18.88639094281195,71.3620119853604,354.83406479720327,4
WF-2-BJ168,green,498207.009340323,5404634.216488899,135.11123876223886,0.18945712019846853,18.811181759543153,66.83565695688121,361.6357279885483,4
WF-2-BJ169,green,498181.9673560488,5404634.216488899,132.36925255739922,0.17637460180375245,18.804427322359057,61.87391228438532,368.66997380561827,4
WF-2-BJ170,green,498156.92537177465,5404634.216488899,129.06127234746856,0.16059162234550764,18.94487817350079,55.97590443440347,376.204365988573,4
WF-2-BJ171,green,498131.8833875005,5404634.216488899,125.75329213753787,0.1448086428872627,19.085329024642515,50.077896584421715,383.73875817152754,4
WF-2-BJ172,green,498106.8414032263,5404634.216488899,124.25998200673232,0.1376837867443697,19.15624500297634,47.415586362365055,387.11114692229427,4
WF-2-BJ173,green,498081.79941895214,5404634.216488899,123.86607263631147,0.13580437299119838,19.185033934130807,46.71359304498291,387.9620251292395,4
WF-2-BJ174,green,498056.757434678,5404634.216488899,123.4721632658906,0.13392495923802689,19.21382286528528,46.011599727600746,388.8129033361847,4
WF-2-BJ175,green,498031.71545040375,5404634.216488899,126.94246542955813,0.15048240646780192,19.07290312819803,52.000090965228694,381.78999352105984,4
WF-2-BJ176,green,498006.6734661296,5404634.216488899,130.7124248409138,0.1684695733103419,18.91882302657442,58.50740788560417,374.156496623225,4
WF-2-BJ177,green,497981.6314818554,5404634.216488899,134.19656061770667,0.1850930232420482,18.879264943200113,64.52827083028698,366.6885153631029,4
WF-2-BJ178,green,497956.58949758124,5404634.216488899,136.74160209277386,0.19723588225939662,19.215977264911754,68.95085392199842,359.7643477468745,4
WF-2-BJ179,green,497931.5475133071,5404634.216488899,139.2866435678411,0.20937874127674527,19.5526895866234,73.37343701370993,352.84018013064576,4
WF-2-BJ180,green,497906.5055290329,5404634.216488899,141.05298775879498,0.21780629292845222,20.158172095100245,76.39915708937707,346.8529314892187,4
WF-2-BJ181,green,497881.4635447587,5404634.216488899,142.15237817118867,0.2230516859460134,20.993856114853347,78.22846479057077,341.6681534139412,4
WF-2-BJ182,green,497856.4215604845,5404634.216488899,143.25176858357975,0.2282970789635621,21.8295401346045,80.05777249176019,336.4833753386758,4
WF-2-BJ183,green,497831.37957621034,5404634.216488899,143.81728649319464,0.23099526848837446,22.924065223479776,80.78385178984928,332.32596226203157,4
WF-2-BJ184,green,497806.3375919362,5404634.216488899,144.2840930223191,0.23322248793727807,24.066449228347093,81.30594755610254,328.3585058075289,4
WF-2-BJ185,green,497781.295607662,5404634.216488899,144.7128564523029,0.23526819679235697,25.21543021482505,81.73974201771037,324.5522961259493,4
WF-2-BJ186,green,497756.25362338783,5404634.216488899,144.92478899124416,0.23627936575237735,26.402011434541976,81.67025333470144,321.6651304297544,4
WF-2-BJ187,green,497731.2116391136,5404634.216488899,145.13672153018598,0.2372905347124004,27.588592654261653,81.60076465169234,318.777964733553,4
WF-2-BJ188,green,497706.16965483944,5404634.216488899,145.32397847894458,0.2381839719121751,28.62044990752036,81.54339802551289,316.2701438761348,4
WF-2-BJ189,green,497681.12767056527,5404634.216488899,145.48162759045442,0.2389361446975808,29.466656402946874,81.5005764571444,314.2174926890056,4
WF-2-BJ190,green,497656.0856862911,5404634.216488899,145.63927670196426,0.23968831748298644,30.312862898373364,81.45775488877595,312.1648415018764,4
WF-2-BJ191,green,497631.04370201693,5404634.216488899,145.87584428640827,0.2408170247571586,30.666289481722252,81.87355301986076,310.3038764956474,4
WF-2-BJ192,green,497606.00171774277,5404634.216488899,146.13735035607763,0.242064718111976,30.863996065686905,82.43427641588863,308.50348492441475,4
WF-2-BJ193,green,497580.95973346854,5404634.216488899,146.40957860103236,0.2433635689289114,31.025474497466416,83.04374399700949,306.6767587115596,4
WF-2-BJ194,green,497555.91774919437,5404634.216488899,146.83557628850832,0.24539608191992285,30.667395785548642,84.3522643326915,304.4723607060836,4
WF-2-BJ195,green,497530.8757649202,5404634.216488899,147.2615739759843,0.2474285949109344,30.30931707363088,85.66078466837354,302.26796270060754,4
WF-2-BJ196,green,497505.83378064603,5404634.216488899,147.72489541291134,0.2496391863466483,29.88530862470646,87.13125841346515,299.7835603214676,4
WF-2-BJ197,green,497480.79179637186,5404634.216488899,148.25163445865232,0.2521523548093338,29.349277500348965,88.87691078115209,296.8233963134345,4
WF-2-BJ198,green,497455.7498120977,5404634.216488899,148.77837350439336,0.2546655232720195,28.813246375991476,90.62256314883909,293.8632323054014,4
WF-2-BJ199,green,497430.70782782347,5404634.216488899,149.31120006798858,0.25720773639735345,28.349882344147655,92.43144728828301,290.38016904345164,4
WF-2-BJ200,green,497405.6658435493,5404634.216488899,149.84694701013694,0.25976388318364946,27.921379059118337,94.2706657470046,286.64625415295865,4
WF-2-BJ201,green,497380.62385927513,5404634.216488899,150.38269395228536,0.26232002996994574,27.492875774089025,96.1098842057262,282.91233926246565,4
WF-2-BJ202,green,497355.58187500096,5404634.216488899,150.86989643562333,0.2646445622520449,27.246046049458556,97.85251271857982,278.6676849955499,4
WF-2-BJ203,green,497330.5398907268,5404634.216488899,151.3561640089432,0.2669646339072133,27.002715147058254,99.59328102101493,274.4131944801446,4
WF-2-BJ204,green,497305.4979064526,5404634.216488899,151.81560598938836,0.26915671574550615,26.79718059028235,101.26982597330246,270.15827898375744,4
WF-2-BJ205,green,497280.45592217846,5404634.216488899,152.2082127615613,0.27102991456385794,26.685814562922598,102.786360259541,265.9023046592363,4
WF-2-BJ206,green,497255.41393790423,5404634.216488899,152.6008195337352,0.2729031133822144,26.574448535562595,104.30289454578308,261.6463303347052,4
WF-2-BJ207,green,497230.37195363006,5404634.216488899,152.9061627640237,0.2743599618593878,26.479957850756918,105.61060785926966,257.7825073083525,4
WF-2-BJ208,green,497205.3299693559,5404634.216488899,153.15129497310278,0.275529532526357,26.39711099321858,106.77423667025022,254.18926498066742,4
WF-2-BJ209,green,497180.2879850817,5404634.216488899,153.39642718218187,0.27669910319332613,26.31426413568024,107.93786548123076,250.5960226529824,4
WF-2-BJ210,green,497155.24600080756,5404634.216488899,153.4641513648144,0.2770222276727613,26.168178749079633,108.69936599865315,248.06042793634762,4
WF-2-BJ211,green,497130.2040165334,5404634.216488899,153.51151009853152,0.2772481848653654,26.01483393313467,109.41470443770748,245.6462452483843,4
WF-2-BJ212,green,497105.16203225916,5404634.216488899,153.51588852820146,0.2772690751552567,25.835559425588855,110.04075118932039,243.4907137844653,4
WF-2-BJ213,green,497080.120047985,5404634.216488899,153.35082418873088,0.2764815229591063,25.554061379956764,110.31478017100245,242.35487216724178,4
WF-2-BJ214,green,497055.0780637108,5404634.216488899,153.18575984926028,0.2756939707629558,25.27256333432467,110.58880915268449,241.21903055001823,4
WF-2-BJ215,green,497030.03607943666,5404634.216488899,152.9290862280157,0.2744693339046654,24.920950115699817,110.69889085151684,240.56962387497185,4
WF-2-BJ216,green,497004.9940951625,5404634.216488899,152.58356098863766,0.27282076970254665,24.501332362430972,110.64996048205563,240.392009259552,4
WF-2-BJ217,green,496979.9521108883,5404634.216488899,152.2380357492596,0.2711722055004279,24.081714609162134,110.60103011259442,240.2143946441322,4
WF-2-BJ218,green,496954.9101266141,5404634.216488899,151.79290867156936,0.26904842268504015,23.5595807937054,110.43015789119971,240.40688548410387,4
WF-2-BJ219,green,496929.8681423399,5404634.216488899,151.32486406799606,0.2668152961561802,23.013858914530015,110.23122789903113,240.68453440446385,4
WF-2-BJ220,green,496904.82615806576,5404634.216488899,150.84897476399954,0.26454474112479653,22.45327339591674,110.03457050311687,240.9624422088287,4
WF-2-BJ221,green,496879.7841737916,5404634.216488899,150.31459291215708,0.2619951074343746,21.781859917779535,109.85485829796407,241.2422803335656,4
WF-2-BJ222,green,496854.7421895174,5404634.216488899,149.78021106031468,0.25944547374395294,21.110446439642335,109.6751460928113,241.52211845830254,4
WF-2-BJ223,green,496829.70020524325,5404634.216488899,149.2351249302185,0.2568447679814288,20.372997410794827,109.56492554503772,241.66963162106575,4
WF-2-BJ224,green,496804.658220969,5404634.216488899,148.6754710294886,0.25417455671703565,19.545678637015154,109.54927826054842,241.63705980759164,4
WF-2-BJ225,green,496779.61623669486,5404634.216488899,148.1158171287601,0.25150434545264927,18.718359863237424,109.53363097605916,241.60448799411762,4
WF-2-BJ226,green,496754.5742524207,5404634.216488899,147.56005487210035,0.24885270193489292,17.73915381862205,109.72643690132057,241.20757715209174,4
WF-2-BJ227,green,496729.5322681465,5404634.216488899,147.00574026245172,0.2462079654061721,16.703447449268293,109.99678503257938,240.67513636529483,4
WF-2-BJ228,green,496704.49028387235,5404634.216488899,146.45304391296918,0.2435709498930978,15.660386547010724,110.27919637713858,240.12415717598725,4
WF-2-BJ229,green,496679.4482995982,5404634.216488899,145.9460798430904,0.24115213146215778,14.409485420932626,110.90251597313092,239.04927989859004,4
WF-2-BJ230,green,496654.40631532395,5404634.216488899,145.4391157732104,0.23873331303121204,13.158584294851634,111.52583556912468,237.9744026211903,4
WF-2-BJ231,green,496629.3643310498,5404634.216488899,144.97700878852805,0.23652851596959182,11.911799162783115,112.2198782742014,236.81574930599373,4
WF-2-BJ232,green,496604.3223467756,5404634.216488899,144.60217813260684,0.23474013025768065,10.673022327392486,113.05152361869227,235.49409687961415,4
WF-2-BJ233,green,496579.28036250145,5404634.216488899,144.22734747668562,0.23295174454576945,9.434245492001871,113.88316896318312,234.1724444532346,4
WF-2-BJ234,green,496554.2383782273,5404634.216488899,144.00169604283644,0.23187512022544446,8.596335310226543,114.48951125805885,233.23626816738218,4
WF-2-BJ235,green,496529.1963939531,5404634.216488899,143.85822618760952,0.2311905992687815,7.979259196048355,114.97173599803241,232.51244744492365,4
WF-2-BJ236,green,496504.1544096789,5404634.216488899,143.71475633238225,0.2305060783121169,7.362183081868718,115.45396073800711,231.78862672246336,4
WF-2-BJ237,green,496479.1124254047,5404634.216488899,143.749024992389,0.23066958036552226,7.721995330850545,115.09978992620782,232.26539668904098,4
WF-2-BJ238,green,496454.07044113055,5404634.216488899,143.79262911005577,0.23087762359726943,8.13311722389523,114.7016886514451,232.80522593981397,4
WF-2-BJ239,green,496429.0284568564,5404634.216488899,143.83786685244425,0.23109346115177212,8.674393284300294,114.16137263460821,233.52165005556006,4
WF-2-BJ240,green,496403.9864725822,5404634.216488899,143.88786719242978,0.23133202193170901,9.595115074499569,113.20645001939478,234.75291106647884,4
WF-2-BJ241,green,496378.94448830804,5404634.216488899,143.93786753241523,0.23157058271164552,10.515836864698834,112.25152740418133,235.9841720773976,4
WF-2-BJ242,green,496353.9025040339,5404634.216488899,143.953123143918,0.2316433700282831,11.33041822781299,111.37025944742129,237.07896719893162,4
WF-2-BJ243,green,496328.86051975965,5404634.216488899,143.94115808064595,0.23158628251993818,12.061844126134352,110.54669605739393,238.06684844446391,4
WF-2-BJ244,green,496303.8185354855,5404634.216488899,143.92919301737396,0.23152919501159352,12.793270024454003,109.7231326673685,239.0547296899939,4
WF-2-BJ245,green,496278.7765512113,5404634.216488899,143.91991985910255,0.23148495107504535,13.168794490290015,109.30755534165614,239.5179549603778,4
WF-2-BJ246,green,496253.73456693714,5404634.216488899,143.9110631635353,0.23144269415833638,13.489257699153846,108.95509724918611,239.9000110787639,4
WF-2-BJ247,green,496228.692582663,5404634.216488899,143.91531826335722,0.2314629960189342,13.752118409073068,108.68651834065223,240.18694365221108,4
WF-2-BJ248,green,496203.6505983888,5404634.216488899,143.98299285268664,0.23178588387963686,13.736365781230468,108.82364855643344,240.01378006940212,4
WF-2-BJ249,green,496178.6086141146,5404634.216488899,144.05066744201622,0.23210877174034036,13.72061315338783,108.96077877221502,239.8406164865928,4
WF-2-BJ250,green,496153.5666298404,5404634.216488899,144.14687277701518,0.23256778501421177,13.629308451489758,109.22222922525823,239.54012843859323,4
WF-2-BJ251,green,496128.52464556624,5404634.216488899,144.27440629708832,0.23317627079701947,13.455043795226466,109.62018951391966,239.09983176252027,4
WF-2-BJ252,green,496103.4826612921,5404634.216488899,144.40193981716152,0.23378475657982745,13.280779138963172,110.0181498025811,238.65953508644725,4
WF-2-BJ253,green,496078.4406770179,5404634.216488899,144.44888009486937,0.23400871724216854,13.150152257393973,110.23764376445543,238.41363654824139,4
WF-2-BJ254,green,496053.39869274374,5404634.216488899,144.47334531804808,0.23412544530290835,13.03169465127512,110.40736878406561,238.2219498598222,4
WF-2-BJ255,green,496028.3567084695,5404634.216488899,144.47222650161223,0.2341201072247749,12.929283531506567,110.51936399832516,238.08943410906733,4
WF-2-BJ256,green,496003.31472419534,5404634.216488899,144.2034557992493,0.23283775297681492,12.994745523214592,110.02740880017171,238.57594542740128,4
WF-2-BJ257,green,495978.2727399212,5404634.216488899,143.93468509688637,0.23155539872885494,13.06020751492262,109.53545360201825,239.0624567457352,4
WF-2-BJ258,green,495953.230755647,5404634.216488899,143.5609706507694,0.22977233865836044,13.172070957123116,108.82897241036106,239.7615075215144,4
WF-2-BJ259,green,495928.18877137284,5404634.216488899,143.02486440592116,0.22721447757307484,13.355736821646865,107.79052991530949,240.78944559977822,4
WF-2-BJ260,green,495903.14678709867,5404634.216488899,142.48875816107295,0.22465661648778937,13.539402686170613,106.75208742025792,241.817383678042,4
WF-2-BJ261,green,495878.10480282444,5404634.216488899,141.9076788328955,0.22188418058484674,13.704284838444579,105.66122231096489,242.89457258494323,4
WF-2-BJ262,green,495853.0628185503,5404634.216488899,141.30712845048913,0.21901884471593613,13.861034600123505,104.5476608800258,243.99308459188916,4
WF-2-BJ263,green,495828.0208342761,5404634.216488899,140.70688685371113,0.2161549821198144,14.017438351166419,103.43486881939198,245.09108105751437,4
WF-2-BJ264,green,495802.97885000193,5404634.216488899,140.20378746934097,0.21375460281127667,14.064989112912114,102.56411630577401,246.02689113917071,4
WF-2-BJ265,green,495777.93686572777,5404634.216488899,139.70068808497084,0.2113542235027391,14.112539874657813,101.69336379215603,246.96270122082709,4
WF-2-BJ266,green,495752.8948814536,5404634.216488899,139.24915709866926,0.20919988646645188,14.121823289429967,100.91885029016653,247.8903342656601,4
WF-2-BJ267,green,495727.8528971794,5404634.216488899,138.91322936506214,0.2075971137222077,14.045321030265043,100.3600802123874,248.79963647049252,4
WF-2-BJ268,green,495702.8109129052,5404634.216488899,138.57730163145578,0.2059943409779672,13.968818771100297,99.80131013460958,249.70893867532283,4
WF-2-BJ269,green,495677.76892863103,5404634.216488899,138.36222455284633,0.20496816884324834,13.826134540405077,99.40457706377731,250.80640388098755,4
WF-2-BJ270,green,495652.72694435687,5404608.549822232,137.67071875633545,0.20166886803460862,13.799495761274619,99.22527270610287,247.73289049680824,4
WF-2-BJ271,green,495652.72694435687,5404582.883155566,137.11806683384913,0.1990320644908704,13.957122111675847,99.34059007508121,243.4434211196772,4
WF-2-BJ272,green,495652.72694435687,5404557.216488899,136.20454023874967,0.19467346178770695,13.986783799932049,99.15144457758056,238.97060899535862,4
WF-2-BJ273,green,495652.72694435687,5404531.549822232,135.29101364365022,0.1903148590845435,14.016445488188246,98.96229908007992,234.49779687104007,4
WF-2-BJ274,green,495652.72694435687,5404505.883155566,134.11311178999355,0.18469487360086934,13.90527071479343,98.5607606079562,230.01700409104342,4
WF-2-BJ275,green,495652.72694435687,5404480.216488899,132.84227898391143,0.178631497522305,13.744590300885216,98.08456355574879,225.53340601831695,4
WF-2-BJ276,green,495652.72694435687,5404454.549822232,131.53469075030915,0.17239275456706227,13.502305125862241,97.56569721049996,221.3417909961769,4
WF-2-BJ277,green,495652.72694435687,5404428.883155566,130.18717689071636,0.16596351913759788,13.171376683852912,97.00048129590792,217.46734290363796,4
WF-2-BJ278,green,495652.72694435687,5404403.216488899,128.96122147604473,0.1601142613130198,12.866979366428854,96.4799030560403,213.98407790373582,4
WF-2-BJ279,green,495652.72694435687,5404377.549822232,128.16941594570918,0.15633641210379717,12.657338811301724,96.11874970296122,211.89793586411298,4
WF-2-BJ280,green,495652.72694435687,5404351.883155566,127.37761041540239,0.15255856289471179,12.447698256182203,95.7575963498953,209.81179382456585,4
WF-3-BJ1,green,495678.03689018614,5404664.216488899,138.61827657684358,0.2061898399472225,13.64482350031162,98.92496785199101,255.1808566557147,4
WF-3-BJ2,green,495703.07679723896,5404664.216488899,138.71024007046358,0.2066286146189559,13.830794007029521,99.18185317872684,253.86926246674503,4
WF-3-BJ3,green,495728.1167042918,5404664.216488899,138.91412033651886,0.2076013647102146,13.943355645010252,99.57693289344718,252.82965467691002,4
WF-3-BJ4,green,495753.1566113446,5404664.216488899,139.11800060257417,0.2085741148014734,14.055917282990983,99.97201260816753,251.79004688707505,4
WF-3-BJ5,green,495778.1965183974,5404664.216488899,139.43828290164794,0.21010224031200259,14.087169489644538,100.56298232294483,250.80874063581348,4
WF-3-BJ6,green,495803.23642545025,5404664.216488899,139.80798956084766,0.2118661784970644,14.083897672006232,101.23712702751254,249.8521892463325,4
WF-3-BJ7,green,495828.27633250307,5404664.216488899,140.17848552264059,0.21363388258936397,14.079996984109618,101.91289940966553,248.89491214173958,4
WF-3-BJ8,green,495853.3162395559,5404664.216488899,140.66039264000824,0.21593314971054034,13.9873303871858,102.81842074011504,247.83519934272414,4
WF-3-BJ9,green,495878.3561466087,5404664.216488899,141.1422997573759,0.2182324168317167,13.894663790261976,103.72394207056456,246.77548654370872,4
WF-3-BJ10,green,495903.39605366153,5404664.216488899,141.61893164358082,0.22050651485882505,13.794811266995673,104.62436575427915,245.73288230407013,4
WF-3-BJ11,green,495928.43596071436,5404664.216488899,142.0839373784696,0.22272514238860391,13.679121586185381,105.51355466733276,244.7279838433789,4
WF-3-BJ12,green,495953.4758677672,5404664.216488899,142.5489431133584,0.2249437699183828,13.56343190537509,106.40274358038636,243.72308538268766,4
WF-3-BJ13,green,495978.51577482,5404664.216488899,142.90529680810195,0.22664399866434767,13.494732720248225,107.06172375559517,242.97817710791773,4
WF-3-BJ14,green,496003.5556818728,5404664.216488899,143.19426283643352,0.22802270851140063,13.45517776327772,107.57792493088584,242.39451874521419,4
WF-3-BJ15,green,496028.59558892564,5404664.216488899,143.48322886476512,0.22940141835845376,13.415622806307216,108.09412610617653,241.8108603825106,4
WF-3-BJ16,green,496053.63549597847,5404664.216488899,143.58201357383228,0.2298727382984326,13.482909850605415,108.18046877416725,241.7165961320013,4
WF-3-BJ17,green,496078.6754030313,5404664.216488899,143.66477303495182,0.23026759884533182,13.559199722143337,108.23059027601738,241.66356969613327,4
WF-3-BJ18,green,496103.7153100841,5404664.216488899,143.72849670047054,0.230571636124898,13.640288518769962,108.24292752839045,241.6570337531533,4
WF-3-BJ19,green,496128.75521713693,5404664.216488899,143.72753413754083,0.23056704356086108,13.737684717046893,108.12686875021754,241.80847884268198,4
WF-3-BJ20,green,496153.79512418975,5404664.216488899,143.72657157461114,0.2305624509968243,13.835080915323823,108.01080997204463,241.9599239322106,4
WF-3-BJ21,green,496178.8350312426,5404664.216488899,143.73928204684904,0.2306230949878715,13.853306052632957,108.00171712637544,241.9927956696252,4
WF-3-BJ22,green,496203.87493829534,5404664.216488899,143.76399883098935,0.23074102329203405,13.802010967110952,108.08655122032398,241.92154797551973,4
WF-3-BJ23,green,496228.91484534816,5404664.216488899,143.78871561512975,0.230858951596197,13.750715881588828,108.17138531427273,241.85030028141415,4
WF-3-BJ24,green,496253.954752401,5404664.216488899,143.83998631507356,0.231103573496169,13.441348088979648,108.59164197963096,241.3551476183955,4
WF-3-BJ25,green,496278.9946594538,5404664.216488899,143.89640789800194,0.2313727712022759,13.081919795857047,109.07696333934527,240.7777665975105,4
WF-3-BJ26,green,496304.0345665066,5404664.216488899,143.94816239948284,0.2316197014079925,12.668216529843356,109.61885967245422,240.11743438894896,4
WF-3-BJ27,green,496329.07447355945,5404664.216488899,143.9718600312909,0.23173276714971397,11.928231012697907,110.50086505939831,238.95842850433684,4
WF-3-BJ28,green,496354.1143806123,5404664.216488899,143.99555766309896,0.23184583289143543,11.18824549555243,111.38287044634244,237.79942261972457,4
WF-3-BJ29,green,496379.1542876651,5404664.216488899,143.98277903501392,0.23178486371635834,10.374150178827126,112.30129152121819,236.54499536369823,4
WF-3-BJ30,green,496404.1941947179,5404664.216488899,143.9250024874082,0.23150920122560584,9.46863137715668,113.2646357927058,235.17285419719866,4
WF-3-BJ31,green,496429.23410177074,5404664.216488899,143.86722593980244,0.2312335387348532,8.563112575486242,114.22798006419342,233.800713030699,4
WF-3-BJ32,green,496454.27400882356,5404664.216488899,143.81566745563674,0.23098754376364916,8.037275429066773,114.76272161534189,233.0156612373657,4
WF-3-BJ33,green,496479.3139158764,5404664.216488899,143.76615096622123,0.23075129152340199,7.636124682881212,115.15671122446088,232.423407962326,4
WF-3-BJ34,green,496504.3538229292,5404664.216488899,143.7282143386591,0.23057028892497924,7.29244038907454,115.50054070943975,231.91259920553205,4
WF-3-BJ35,green,496529.393729982,5404664.216488899,143.8787975851929,0.2312887491744282,7.88430856596263,115.02776457275513,232.72770525842452,4
WF-3-BJ36,green,496554.43363703485,5404664.216488899,144.02938083172668,0.23200720942387704,8.47617674285071,114.55498843607054,233.5428113113169,4
WF-3-BJ37,green,496579.47354408767,5404664.216488899,144.26560975178464,0.23313430086823492,9.28623336500674,113.95331371835655,234.62160747317893,4
WF-3-BJ38,green,496604.5134511405,5404664.216488899,144.652161382129,0.23497860949588661,10.479247784051045,113.12540008797961,236.16322458354819,4
WF-3-BJ39,green,496629.5533581933,5404664.216488899,145.03871301247335,0.2368229181235382,11.67226220309535,112.29748645760267,237.70484169391742,4
WF-3-BJ40,green,496654.59326524613,5404664.216488899,145.50726760166498,0.23905847788719012,12.874943979738077,111.58854050711194,239.13201888161754,4
WF-3-BJ41,green,496679.63317229896,5404664.216488899,146.01657124492164,0.241488458851223,14.082429676665905,110.9387121846656,240.5023283823271,4
WF-3-BJ42,green,496704.6730793518,5404664.216488899,146.52587488817827,0.24391843981525577,15.289915373593708,110.28888386221925,241.8726378830366,4
WF-3-BJ43,green,496729.7129864046,5404664.216488899,147.06372772259223,0.24648463419925795,16.292825959871102,109.94617571339941,242.76289542353794,4
WF-3-BJ44,green,496754.7528934574,5404664.216488899,147.60236912187224,0.24905459097066646,17.290085922148613,109.61195061326731,243.63989332009277,4
WF-3-BJ45,green,496779.79280051024,5404664.216488899,148.13687102181598,0.25160479743256714,18.229116098653726,109.34713453398061,244.39302201812535,4
WF-3-BJ46,green,496804.83270756307,5404664.216488899,148.66063309338156,0.2541037622062109,19.0170705399387,109.26239843809131,244.82477515226654,4
WF-3-BJ47,green,496829.8726146159,5404664.216488899,149.1843951649472,0.2566027269798549,19.80502498122367,109.17766234220203,245.2565282864077,4
WF-3-BJ48,green,496854.9125216687,5404664.216488899,149.68372328998683,0.25898511291939763,20.4990016651433,109.17084566859944,245.54318550502802,4
WF-3-BJ49,green,496879.95242872153,5404664.216488899,150.16559536208504,0.2612842128331747,21.125838940938742,109.21969603835237,245.72618357958692,4
WF-3-BJ50,green,496904.99233577435,5404664.216488899,150.6474674341832,0.26358331274695157,21.752676216734173,109.26854640810528,245.90918165414578,4
WF-3-BJ51,green,496930.0322428272,5404664.216488899,151.0646407034762,0.26557372282256625,22.264189371725017,109.32165896427175,246.13326341501,4
WF-3-BJ52,green,496955.07214988,5404664.216488899,151.47368426186105,0.2675253445584324,22.761211504900523,109.37530708434167,246.3625075355813,4
WF-3-BJ53,green,496980.1120569328,5404664.216488899,151.86109922667615,0.2693737723129689,23.234440577185413,109.40326351789062,246.67421496139798,4
WF-3-BJ54,green,497005.15196398564,5404664.216488899,152.15834136051586,0.27079196897522023,23.608472831556327,109.3241074802263,247.32972420038274,4
WF-3-BJ55,green,497030.19187103846,5404664.216488899,152.45558349435558,0.2722101656374715,23.982505085927244,109.24495144256197,247.98523343936742,4
WF-3-BJ56,green,497055.2317780913,5404664.216488899,152.67863483927025,0.27327438445726787,24.294039377803074,109.03548072718996,249.04470746316665,4
WF-3-BJ57,green,497080.2716851441,5404664.216488899,152.82706055601295,0.2739825507369188,24.542709400701042,108.69493154743084,250.51051394767865,4
WF-3-BJ58,green,497105.31159219693,5404664.216488899,152.9754862727557,0.27469071701656983,24.79137942359901,108.3543823676717,251.97632043219076,4
WF-3-BJ59,green,497130.35149924975,5404664.216488899,152.99089103309026,0.2747642159496015,24.949596941116205,107.74027498733099,254.2678222581188,4
WF-3-BJ60,green,497155.3914063026,5404664.216488899,152.97379009573427,0.2746826242453355,25.085711010615448,107.05931949215937,256.76109532278497,4
WF-3-BJ61,green,497180.4313133554,5404664.216488899,152.94032298827642,0.2745229465459501,25.21456630604107,106.34201753229812,259.35382006544063,4
WF-3-BJ62,green,497205.4712204082,5404664.216488899,152.77266782256098,0.2737230330432599,25.283906101370533,105.32670684523443,262.76196023374655,4
WF-3-BJ63,green,497230.51112746104,5404664.216488899,152.60501265684547,0.27292311954056947,25.353245896699995,104.31139615817077,266.17010040205236,4
WF-3-BJ64,green,497255.55103451386,5404664.216488899,152.39008787392382,0.27189767403647097,25.426186517962766,103.19123453355547,269.77367058280095,4
WF-3-BJ65,green,497280.5909415666,5404664.216488899,152.10819686501398,0.27055272040291184,25.50422838051834,101.92253200689623,273.6541038132484,4
WF-3-BJ66,green,497305.63084861945,5404664.216488899,151.82630585610355,0.2692077667693499,25.5822702430741,100.65382948023407,277.5345370437049,4
WF-3-BJ67,green,497330.67075567227,5404664.216488899,151.48647287674993,0.26758636138237973,25.724142467910767,99.27704450918588,281.34088386928966,4
WF-3-BJ68,green,497355.7106627251,5404664.216488899,151.12398077786668,0.2658568451859783,25.890976560586612,97.85799219707792,285.11825804015336,4
WF-3-BJ69,green,497380.7505697779,5404664.216488899,150.76010622892198,0.26412073306712963,26.060937334927225,96.43756718939208,288.88242306555844,4
WF-3-BJ70,green,497405.79047683073,5404664.216488899,150.3399083086918,0.2621158918279104,26.358284448355185,94.96121622470426,292.10842499575847,4
WF-3-BJ71,green,497430.83038388356,5404664.216488899,149.91971038846165,0.2601110505886913,26.65563156178313,93.48486526001642,295.3344269259585,4
WF-3-BJ72,green,497455.8702909364,5404664.216488899,149.49253272108817,0.25807290769746827,26.97581327291065,92.0326682882615,298.32619192303036,4
WF-3-BJ73,green,497480.9101979892,5404664.216488899,149.05112237042255,0.25596685806745606,27.342557931160492,90.62972469554686,300.84031496315424,4
WF-3-BJ74,green,497505.950105042,5404664.216488899,148.60971201975696,0.253860808437444,27.70930258941034,89.2267811028322,303.3544380032781,4
WF-3-BJ75,green,497530.99001209484,5404664.216488899,148.19980472307793,0.25190506564797754,27.985318064085064,88.0169328818746,305.50599913175154,4
WF-3-BJ76,green,497556.02991914767,5404664.216488899,147.80807401584204,0.25003604669589696,28.208984737241586,86.9184965671183,307.4483697792444,4
WF-3-BJ77,green,497581.0698262005,5404664.216488899,147.4163433086062,0.2481670277438167,28.43265141039811,85.820060252362,309.3907404267373,4
WF-3-BJ78,green,497606.1097332533,5404664.216488899,147.12848773346926,0.24679361607234152,28.270523956054284,85.20439642023416,311.1593296630041,4
WF-3-BJ79,green,497631.14964030613,5404664.216488899,146.84735572235908,0.24545228375629968,28.083425062782062,84.61998118083213,312.91667048570525,4
WF-3-BJ80,green,497656.18954735895,5404664.216488899,146.5883983690606,0.24421675079410063,27.77714728947649,84.14248297380772,314.7560849558522,4
WF-3-BJ81,green,497681.2294544118,5404664.216488899,146.39803779681762,0.24330850563823447,27.10219246106245,83.99573008530697,316.84939231905116,4
WF-3-BJ82,green,497706.2693614646,5404664.216488899,146.20767722457458,0.242400260482368,26.427237632648417,83.84897719680622,318.9426996822501,4
WF-3-BJ83,green,497731.3092685174,5404664.216488899,146.01775350321427,0.24149409962207494,25.58956865758873,83.74462969868958,321.4497696400934,4
WF-3-BJ84,green,497756.34917557024,5404664.216488899,145.82818810934248,0.24058964840785946,24.6184331981585,83.67506527561349,324.2962288889704,4
WF-3-BJ85,green,497781.38908262306,5404664.216488899,145.63862271547066,0.23968519719364387,23.647297738728305,83.60550085253738,327.14268813784724,4
WF-3-BJ86,green,497806.4289896759,5404664.216488899,145.33989480632138,0.23825991162526186,22.6596330651641,83.24429237469462,330.7575238027524,4
WF-3-BJ87,green,497831.4688967287,5404664.216488899,145.0225730098536,0.23674591121489988,21.669152934807876,82.83340753425009,334.5032386844065,4
WF-3-BJ88,green,497856.50880378153,5404664.216488899,144.64121340421383,0.23492637468806465,20.712236812070454,82.28459821203612,338.3882792914534,4
WF-3-BJ89,green,497881.54871083435,5404664.216488899,143.9225059422239,0.23149728975127412,19.932134140122827,81.00920987556952,343.0072805914631,4
WF-3-BJ90,green,497906.5886178872,5404664.216488899,143.20379848023393,0.22806820481448345,19.152031468175192,79.7338215391029,347.62628189147284,4
WF-3-BJ91,green,497931.62852494,5404664.216488899,141.95968891857297,0.22213233022957699,18.57141653152815,77.52853274003631,352.75282484430033,4
WF-3-BJ92,green,497956.6684319928,5404664.216488899,140.1101735317837,0.2133079535692297,18.220665611542426,74.2517462115162,358.4641935397419,4
WF-3-BJ93,green,497981.70833904564,5404664.216488899,138.2606581449944,0.20448357690888241,17.8699146915567,70.97495968299617,364.1755622351834,4
WF-3-BJ94,green,498006.74824609846,5404664.216488899,135.25763652651295,0.1901556107454599,17.938637727176356,65.80551815342038,370.3926373345609,4
WF-3-BJ95,green,498031.7881531513,5404664.216488899,131.90949470183028,0.17418101286738957,18.13286414897381,60.069808782123616,376.7610159064368,4
WF-3-BJ96,green,498056.8280602041,5404664.216488899,128.80659038991612,0.1593764880794777,18.3173162056641,54.7591174526174,382.6241143937606,4
WF-3-BJ97,green,498081.8679672569,5404664.216488899,128.73735138898502,0.1590461361244919,18.38085628592916,54.70603322965177,382.2367390138038,4
WF-3-BJ98,green,498106.90787430975,5404664.216488899,128.66811238805388,0.1587157841695059,18.444396366194212,54.65294900668615,381.849363633847,4
WF-3-BJ99,green,498131.94778136257,5404664.216488899,129.64768830726302,0.16338952029533152,18.456627536173514,56.444872787111436,379.2120205863722,4
WF-3-BJ100,green,498156.9876884154,5404664.216488899,132.33938861768928,0.1762321154776344,18.38510013721935,61.24865609006729,372.9017468348869,4
WF-3-BJ101,green,498182.0275954682,5404664.216488899,135.03108892811562,0.1890747106599377,18.313572738265187,66.05243939302323,366.59147308340147,4
WF-3-BJ102,green,498207.06750252104,5404664.216488899,137.33614983658742,0.20007257844016124,18.386346548563697,70.2195053926982,360.44741486302945,4
WF-3-BJ103,green,498232.10740957386,5404664.216488899,139.46337984845889,0.21022198244189583,18.52549024587368,74.09371968519832,354.3798058011693,4
WF-3-BJ104,green,498257.1473166267,5404664.216488899,141.5906098603304,0.22037138644363072,18.664633943183667,77.9679339776986,348.31219673930883,4
WF-3-BJ105,green,498282.1872236795,5404664.216488899,143.42285136128717,0.229113346230854,18.931533711447333,81.12207223690385,343.37141367533707,4
WF-3-BJ106,green,498307.2271307323,5404664.216488899,145.25212620061677,0.23784115153209198,19.199718306134113,84.26896878377937,338.44196295593036,4
WF-3-BJ107,green,498332.26703778515,5404664.216488899,147.20713768826337,0.24716886941188113,19.487494602478783,87.49317813181963,333.80158087654786,4
WF-3-BJ108,green,498357.30694483797,5404664.216488899,149.46245528236528,0.2579294027284558,19.82206320418922,90.90203934236573,329.8516027402143,4
WF-3-BJ109,green,498382.34685189073,5404664.216488899,151.71777287646196,0.2686899360450055,20.156631805898883,94.31090055290395,325.9016246038898,4
WF-3-BJ110,green,498407.38675894355,5404664.216488899,154.61535273622036,0.28251482026526187,20.52775545667774,98.39311581820127,322.3977325095676,4
WF-3-BJ111,green,498432.4266659964,5404664.216488899,157.94073220256308,0.29838081476262807,20.923227783139975,102.92384038432152,319.1909704873044,4
WF-3-BJ112,green,498457.4665730492,5404664.216488899,161.2661116689058,0.3142468092599943,21.31870010960221,107.45456495044178,315.9842084650413,4
WF-3-BJ113,green,498482.506480102,5404664.216488899,165.64372913714178,0.3351332239881738,21.750805783689174,113.13764425847702,313.3711005488183,4
WF-3-BJ114,green,498507.54638715484,5404664.216488899,170.13142497334934,0.3565448427714673,22.18674380284694,118.94127550351331,310.82009690464673,4
WF-3-BJ115,green,498532.58629420766,5404664.216488899,174.4289999905688,0.377049360305586,22.594791391471773,124.47956322613362,308.50076370483225,4
WF-3-BJ116,green,498557.6262012605,5404664.216488899,178.01298329885537,0.39414920109773055,22.898156178429772,129.02192142024228,307.05097287906096,4
WF-3-BJ117,green,498582.6661083133,5404664.216488899,181.596966607142,0.41124904188987543,23.20152096538778,133.56427961435102,305.60118205328956,4
WF-3-BJ118,green,498607.70601536613,5404664.216488899,182.8722679014141,0.4173337379440248,23.326264292158534,135.18055748080693,305.0231127239291,4
WF-3-BJ119,green,498632.74592241895,5404664.216488899,181.97738370982697,0.4130640815624881,23.283101559104594,134.04628892338002,305.2644708114837,4
WF-3-BJ120,green,498657.7858294718,5404664.216488899,181.08249951823979,0.4087944251809511,23.239938826050643,132.91202036595303,305.5058288990383,4
WF-3-BJ121,green,498682.8257365246,5404664.216488899,177.5711952230227,0.3920413492717637,23.128641425030317,128.4029278843961,306.5034354499173,4
WF-3-BJ122,green,498707.8656435774,5404664.216488899,173.4876728405466,0.3725581160630456,23.00244278956157,123.15575236792344,307.66643556606334,4
WF-3-BJ123,green,498732.90555063024,5404664.216488899,169.50137712136612,0.3535387690725649,22.915806833557834,118.00306419681328,308.8045085493474,4
WF-3-BJ124,green,498757.94545768306,5404664.216488899,166.19177830811577,0.3377480669614248,23.10452685375214,113.50800729771296,309.76908885984363,4
WF-3-BJ125,green,498782.9853647359,5404664.216488899,162.8821794948654,0.32195736485028464,23.293246873946444,109.01295039861267,310.7336691703398,4
WF-3-BJ126,green,498808.0252717887,5404664.216488899,160.3930120992858,0.3100810912998486,23.636602765715963,105.45613014153065,311.5122400400079,4
WF-3-BJ127,green,498833.0651788415,5404664.216488899,158.9882400891058,0.30337866674675457,24.184346765914405,103.13941291207998,312.04495516240684,4
WF-3-BJ128,green,498858.10508589435,5404664.216488899,157.58346807892576,0.29667624219366046,24.73209076611286,100.82269568262922,312.57767028480583,4
WF-3-BJ129,green,498883.1449929472,5404664.216488899,157.15634458357317,0.29463835776707104,25.41164228097381,99.66479597498694,312.897963110793,4
WF-3-BJ130,green,498908.1849,5404689.883155566,160.20757644600943,0.30919634383440087,27.422049600658834,101.69701695362687,313.50604032873923,4
WF-3-BJ131,green,498908.1849,5404715.549822232,163.17460261849286,0.3233525691321823,28.954264472039096,104.03813442950883,314.006194859317,4
WF-3-BJ132,green,498908.1849,5404741.216488899,166.05424429080506,0.3370918669746448,30.62206231381689,106.14323609867989,314.5805475025121,4
WF-3-BJ133,green,498908.1849,5404766.883155566,168.92313895266318,0.35077988886185074,32.41454034469748,108.13104298299251,315.16443780328814,4
WF-3-BJ134,green,498908.1849,5404792.549822232,171.77498071614036,0.3643865482475393,34.40485558717137,109.93273150035009,315.7634620527092,4
WF-3-BJ135,green,498908.1849,5404818.216488899,174.55641383099484,0.37765727507487734,36.35893124678114,111.68104259310488,316.34024971280604,4
WF-3-BJ136,green,498908.1849,5404843.883155566,176.84946014495705,0.38859781902414964,38.061632475888935,113.05910329552867,316.76279415236263,4
WF-3-BJ137,green,498908.1849,5404869.549822232,179.14250645883615,0.3995383629730255,39.76433370493495,114.43716399790249,317.18533859190387,4
WF-3-BJ138,green,498908.1849,5404895.216488899,180.13039013030956,0.4042517369065192,40.46438766121556,115.02104401828882,317.53647847083215,4
WF-3-BJ139,green,498908.1849,5404920.883155566,180.91530516885308,0.4079967103173666,41.00851779647068,115.48141930287834,317.8765140738764,4
WF-3-BJ140,green,498908.1849,5404946.549822232,180.74205237817375,0.40717008952073475,40.725699572102265,115.37344858199185,318.4348726174963,4
WF-3-BJ141,green,498883.1449929472,5404972.216488899,177.59507435637548,0.3921552809905981,37.855052135956214,113.52273768695424,319.65387713805654,4
WF-3-BJ142,green,498858.10508589435,5404972.216488899,175.32266892670071,0.3813132184807645,35.85606559287237,112.21094658365257,320.1476968121169,4
WF-3-BJ143,green,498833.0651788415,5404972.216488899,173.259978776779,0.37147174598125987,33.99231037311908,111.06519837265454,320.5741610692391,4
WF-3-BJ144,green,498808.0252717887,5404972.216488899,171.19728862685736,0.36163027348175547,32.12855515336587,109.91945016165653,321.0006253263613,4
WF-3-BJ145,green,498782.9853647359,5404972.216488899,169.46690536502382,0.3533742980093442,30.5472171979088,108.97227042872683,321.36099179867443,4
WF-3-BJ146,green,498757.94545768306,5404972.216488899,167.98793871282055,0.34631787722995794,29.179550380895243,108.17532355381162,321.67135003596036,4
WF-3-BJ147,green,498732.90555063024,5404972.216488899,166.50897206061734,0.33926145645057193,27.811883563881693,107.37837667889643,321.98170827324617,4
WF-3-BJ148,green,498707.8656435774,5404972.216488899,165.39704943882376,0.3339562699666136,26.81867478377479,106.72993476550968,322.3091055166428,4
WF-3-BJ149,green,498682.8257365246,5404972.216488899,164.33786308055775,0.3289026978549123,25.879267499069584,106.10282979302775,322.63895089552744,4
WF-3-BJ150,green,498657.7858294718,5404972.216488899,163.31034501736153,0.3240002209792295,24.988516340026877,105.46827148602951,323.0017591073458,4
WF-3-BJ151,green,498632.74592241895,5404972.216488899,162.42762762669426,0.3197886146333049,24.320241310597492,104.79963342045367,323.5152871595202,4
WF-3-BJ152,green,498607.70601536613,5404972.216488899,161.54491023602702,0.3155770082873804,23.651966281168146,104.13099535487784,324.0288152116945,4
WF-3-BJ153,green,498582.6661083133,5404972.216488899,160.67669784394678,0.3114346079463931,23.051191785695465,103.39351183627157,324.6872129924633,4
WF-3-BJ154,green,498557.6262012605,5404972.216488899,159.82391612798574,0.30736583018739255,22.52222556177265,102.58278929722502,325.49972577352133,4
WF-3-BJ155,green,498532.58629420766,5404972.216488899,158.97113441202475,0.3032970524283923,21.993259337849846,101.7720667581785,326.3122385545794,4
WF-3-BJ156,green,498507.54638715484,5404972.216488899,158.1341799529951,0.29930378941106967,21.508820050737903,100.88640324366354,327.3901521041803,4
WF-3-BJ157,green,498482.506480102,5404972.216488899,157.301442318534,0.29533064563610045,21.036243986793423,99.9807733541845,328.5387758524057,4
WF-3-BJ158,green,498457.4665730492,5404972.216488899,156.47827045974702,0.2914031419289026,20.565092689988848,99.0796903283417,329.7157104573982,4
WF-3-BJ159,green,498432.4266659964,5404972.216488899,155.74653775351496,0.28791191116618026,20.107560727809933,98.22207072583635,331.16326825480763,4
WF-3-BJ160,green,498407.38675894355,5404972.216488899,155.01480504728286,0.2844206804034578,19.650028765631006,97.364451123331,332.61082605221713,4
WF-3-BJ161,green,498382.34685189073,5404972.216488899,154.3628533929296,0.2813100996516334,19.192131346515982,96.58842183817286,334.1413345728364,4
WF-3-BJ162,green,498357.30694483797,5404972.216488899,153.83067828429552,0.27877099473723704,18.733685261166304,95.93488537738665,335.79637831650166,4
WF-3-BJ163,green,498332.26703778515,5404972.216488899,153.29850317566024,0.276231889822835,18.275239175815575,95.28134891659896,337.45142206017067,4
WF-3-BJ164,green,498307.2271307323,5404972.216488899,152.95044367290308,0.27457123418596874,17.81415908523868,94.84596786867827,339.16869665915965,4
WF-3-BJ165,green,498282.1872236795,5404972.216488899,152.6794724433723,0.27327838081985106,17.351976149992034,94.50192738905274,340.91202700260953,4
WF-3-BJ166,green,498257.1473166267,5404972.216488899,152.4109552834498,0.27199723626931216,16.889837934013485,94.16095007514545,342.6551837168044,4
WF-3-BJ167,green,498232.10740957386,5404972.216488899,152.38645730414083,0.2718803519230754,16.432146356027786,94.12455710804488,344.3810756931184,4
WF-3-BJ168,green,498207.06750252104,5404972.216488899,152.36195932483187,0.27176346757683867,15.974454778042107,94.08816414094433,346.10696766943227,4
WF-3-BJ169,green,498182.0275954682,5404972.216488899,152.3724721972378,0.27181362641658385,15.525972872291067,94.09081833359178,347.8197291644017,4
WF-3-BJ170,green,498156.9876884154,5404972.216488899,152.4591055584215,0.27222697005021745,15.097514608286666,94.17836874383492,349.50394240621864,4
WF-3-BJ171,green,498131.94778136257,5404972.216488899,152.54573891960518,0.27264031368385105,14.669056344282271,94.26591915407806,351.1881556480356,4
WF-3-BJ172,green,498106.90787430975,5404972.216488899,152.55182384384318,0.27266934597188136,14.282991631368816,94.21310590851297,352.89638546041397,4
WF-3-BJ173,green,498081.8679672569,5404972.216488899,152.5085663237495,0.27246295642063695,13.922896403575713,94.0743085503377,354.61932736828305,4
WF-3-BJ174,green,498056.8280602041,5404972.216488899,152.46530880365577,0.2722565668693922,13.562801175782603,93.93551119216242,356.3422692761521,4
WF-3-BJ175,green,498031.7881531513,5404972.216488899,152.20215687965378,0.27100102084210564,13.31383041618999,93.45924010367628,357.93993332361964,4
WF-3-BJ176,green,498006.74824609846,5404972.216488899,151.92122898132428,0.26966066238552483,13.073842812415709,92.95568808279901,359.5274700736629,4
WF-3-BJ177,green,497981.70833904564,5404972.216488899,151.636005146318,0.2682998072282324,12.886170472314346,92.45965967974898,360.86218701939794,4
WF-3-BJ178,green,497956.6684319928,5404972.216488899,151.33642286564984,0.26687044529685033,12.873353100351721,91.9887777036326,361.3518962996159,4
WF-3-BJ179,green,497931.62852494,5404972.216488899,151.03684058498163,0.26544108336546823,12.860535728389095,91.51789572751622,361.8416055798339,4
WF-3-BJ180,green,497906.5886178872,5404972.216488899,150.83691592121676,0.26448720617722965,13.004262922498837,91.25242916561682,361.3813028364204,4
WF-3-BJ181,green,497881.54871083435,5404972.216488899,150.7234792279932,0.2639459789372408,13.283847487470615,91.16523259296224,360.09653113150864,4
WF-3-BJ182,green,497856.50880378153,5404972.216488899,150.6100425347696,0.2634047516972517,13.563432052442392,91.07803602030766,358.81175942659684,4
WF-3-BJ183,green,497831.4688967287,5404972.216488899,150.68121352259655,0.2637443215155727,13.973288326294657,91.30371729830382,356.6677816643642,4
WF-3-BJ184,green,497806.4289896759,5404972.216488899,150.78742807518398,0.2642510905998077,14.40787371781217,91.58879131206805,354.36070319613214,4
WF-3-BJ185,green,497781.38908262306,5404972.216488899,150.93173597433028,0.2649396100175028,14.833537542916442,91.92077957536458,352.0895021778828,4
WF-3-BJ186,green,497756.34917557024,5404972.216488899,151.29968540977683,0.26669516416619204,15.206823905836467,92.52819585398515,350.02893342897994,4
WF-3-BJ187,green,497731.3092685174,5404972.216488899,151.6676348452234,0.26845071831488143,15.58011026875651,93.13561213260576,347.9683646800769,4
WF-3-BJ188,green,497706.2693614646,5404972.216488899,152.18589995578003,0.27092345608074964,15.849300416733664,93.88368070050745,346.5072998353434,4
WF-3-BJ189,green,497681.2294544118,5404972.216488899,152.8874207122642,0.27427054009772267,15.991582848040526,94.80322390739488,345.7771133578476,4
WF-3-BJ190,green,497656.18954735895,5404972.216488899,153.5889414687485,0.27761762411469626,16.13386527934739,95.72276711428236,345.04692688035186,4
WF-3-BJ191,green,497631.14964030613,5404972.216488899,154.5250438760301,0.28208394015267796,16.04204910558832,96.79102701821583,345.840041184399,4
WF-3-BJ192,green,497606.1097332533,5404972.216488899,155.53697736102865,0.2869120601513695,15.874558003914576,97.9073612168487,347.1255790840636,4
WF-3-BJ193,green,497581.0698262005,5404972.216488899,156.54548644955722,0.29172384172730376,15.696727883553587,99.01080989715189,348.48865333930974,4
WF-3-BJ194,green,497556.02991914767,5404972.216488899,157.50109061529866,0.2962832042267628,15.359165971000131,99.91518485504513,351.04961894302375,4
WF-3-BJ195,green,497530.99001209484,5404972.216488899,158.45669478104014,0.30084256672622195,15.021604058446675,100.81955981293838,353.61058454673764,4
WF-3-BJ196,green,497505.950105042,5404972.216488899,159.15348457471018,0.30416707845310414,14.768949152214947,101.47250358789182,355.5316457953696,4
WF-3-BJ197,green,497480.9101979892,5404972.216488899,159.40170599633487,0.30535138831893643,14.663452215983723,101.68967528608584,356.34364632018435,4
WF-3-BJ198,green,497455.8702909364,5404972.216488899,159.6499274179596,0.3065356981847689,14.5579552797525,101.90684698427984,357.155646844999,4
WF-3-BJ199,green,497430.83038388356,5404972.216488899,159.37989597385058,0.3052473287070258,14.72563792154739,101.79556677760078,355.5078790518003,4
WF-3-BJ200,green,497405.79047683073,5404972.216488899,158.85571189493126,0.3027463504590042,15.027288581895192,101.52321285082992,352.65383409086985,4
WF-3-BJ201,green,497380.7505697779,5404972.216488899,158.33152781601189,0.3002453722109823,15.328939242242997,101.25085892405905,349.79978912993937,4
WF-3-BJ202,green,497355.7106627251,5404972.216488899,157.62132113706548,0.29685684606706253,15.769914385065709,101.06541173790839,344.9789314817097,4
WF-3-BJ203,green,497330.67075567227,5404972.216488899,156.90654855680734,0.2934465351717119,16.214309229780543,100.88209766677141,340.1097986635405,4
WF-3-BJ204,green,497305.63084861945,5404972.216488899,156.24444467908143,0.2902875163027352,16.63017942247948,100.7857940425233,335.2497904448479,4
WF-3-BJ205,green,497280.5909415666,5404972.216488899,155.7170207213502,0.28777107999949847,16.9731088046653,100.91198612183892,330.4131148747378,4
WF-3-BJ206,green,497255.55103451386,5404972.216488899,155.1895967636202,0.2852546436962676,17.31603818685032,101.03817820115424,325.576439304639,4
WF-3-BJ207,green,497230.51112746104,5404972.216488899,154.8023584393615,0.28340705872617855,17.56003975638703,101.3096061762501,321.2419221706344,4
WF-3-BJ208,green,497205.4712204082,5404972.216488899,154.5140732983563,0.28203159751726825,17.73421090370834,101.68355217586895,317.26186486620924,4
WF-3-BJ209,green,497180.4313133554,5404972.216488899,154.22578815735105,0.28065613630835784,17.90838205102966,102.05749817548784,313.2818075617841,4
WF-3-BJ210,green,497155.3914063026,5404972.216488899,154.09692553077528,0.28004130911499214,17.94654130889704,102.55166321226578,310.16443639602517,4
WF-3-BJ211,green,497130.35149924975,5404972.216488899,153.98750678037663,0.27951925221613155,17.968111954129434,103.060490695443,307.1522822538468,4
WF-3-BJ212,green,497105.31159219693,5404972.216488899,153.8987698854151,0.2790958722375689,17.9673445498319,103.57747575266927,304.3032969247014,4
WF-3-BJ213,green,497080.2716851441,5404972.216488899,153.8946680048045,0.2790763014138913,17.875164595616305,104.12784352059141,302.12203673630614,4
WF-3-BJ214,green,497055.2317780913,5404972.216488899,153.89056612419387,0.27905673059021363,17.782984641400713,104.67821128851357,299.9407765479109,4
WF-3-BJ215,green,497030.19187103846,5404972.216488899,153.90384266023233,0.27912007537533134,17.656275007284062,105.2127950391331,298.0581303093954,4
WF-3-BJ216,green,497005.15196398564,5404972.216488899,153.93439634988462,0.2792658526247563,17.495236895726855,105.73168674501183,296.4723580144337,4
WF-3-BJ217,green,496980.1120569328,5404972.216488899,153.96495003953703,0.2794116298741817,17.334198784169644,106.25057845089057,294.8865857194722,4
WF-3-BJ218,green,496955.07214988,5404972.216488899,153.96762553024791,0.27942439513039574,17.154037980200584,106.69666365187551,293.54498561238734,4
WF-3-BJ219,green,496930.0322428272,5404972.216488899,153.96361423705906,0.27940525651589904,16.969290462720785,107.12528569587018,292.2619519377356,4
WF-3-BJ220,green,496904.99233577435,5404972.216488899,153.94901158476597,0.2793355845872442,16.785924339897594,107.53941368869759,290.979685934342,4
WF-3-BJ221,green,496879.95242872153,5404972.216488899,153.85011955713532,0.2788637526107429,16.613551791322486,107.83819345218299,289.70352930087654,4
WF-3-BJ222,green,496854.9125216687,5404972.216488899,153.75122752950466,0.2783919206342416,16.441179242747374,108.13697321566836,288.42737266741113,4
WF-3-BJ223,green,496829.8726146159,5404972.216488899,153.59946353917633,0.2776678268398886,16.28079364754474,108.37809916912562,287.0693764127726,4
WF-3-BJ224,green,496804.83270756307,5404972.216488899,153.3736925145196,0.276590631929917,16.137186677996734,108.53852474226387,285.59682591530776,4
WF-3-BJ225,green,496779.79280051024,5404972.216488899,153.14792148986285,0.27551343701994535,15.993579708448724,108.69895031540213,284.1242754178428,4
WF-3-BJ226,green,496754.7528934574,5404972.216488899,152.83884917052282,0.27403879637590167,15.868207158467346,108.77626579574915,282.4904523745215,4
WF-3-BJ227,green,496729.7129864046,5404972.216488899,152.49766966641945,0.2724109664727263,15.749862781100859,108.8215477871199,280.79446934381036,4
WF-3-BJ228,green,496704.6730793518,5404972.216488899,152.1546580337109,0.27077439514841,15.631960853534117,108.86465168286267,279.0964093207609,4
WF-3-BJ229,green,496679.63317229896,5404972.216488899,151.74531604312733,0.26882134953786424,15.530077372202975,108.82889983557442,277.3231538967399,4
WF-3-BJ230,green,496654.59326524613,5404972.216488899,151.33597405254375,0.26686830392731836,15.428193890871825,108.79314798828617,275.54989847271884,4
WF-3-BJ231,green,496629.5533581933,5404972.216488899,150.922148105627,0.2648938645398431,15.33230742307896,108.73624609599885,273.8261230726019,4
WF-3-BJ232,green,496604.5134511405,5404972.216488899,150.49929869313294,0.262876372545396,15.248489280936106,108.63678208025938,272.2019207412857,4
WF-3-BJ233,green,496579.47354408767,5404972.216488899,150.07644928063888,0.26085888055094886,15.16467113879325,108.5373180645199,270.5777184099694,4
WF-3-BJ234,green,496554.43363703485,5404972.216488899,149.66561770377322,0.2588987278514244,15.099970004122024,108.39016256270824,269.17061373548745,4
WF-3-BJ235,green,496529.393729982,5404972.216488899,149.26163323354058,0.25697124395173526,15.046160696624199,108.21583505582667,267.88719945352636,4
WF-3-BJ236,green,496504.3538229292,5404972.216488899,148.857648763308,0.2550437600520464,14.99235138912637,108.0415075489451,266.6037851715653,4
WF-3-BJ237,green,496479.3139158764,5404972.216488899,148.46697283599042,0.2531797736481455,14.973808658587153,107.76706879058288,265.727054213526,4
WF-3-BJ238,green,496454.27400882356,5404972.216488899,148.0771143879395,0.2513196875875521,14.95743218288542,107.48648068341768,264.8753038403277,4
WF-3-BJ239,green,496429.23410177074,5404972.216488899,147.68128194881172,0.2494310985213582,14.948054237713627,107.169690302177,264.1309406616083,4
WF-3-BJ240,green,496404.1941947179,5404972.216488899,147.26725815267736,0.24745571515902845,14.959987467224465,106.74266063807114,263.7135814518539,4
WF-3-BJ241,green,496379.1542876651,5404972.216488899,146.85323435654294,0.24548033179669843,14.971920696735303,106.31563097396528,263.29622224209953,4
WF-3-BJ242,green,496354.1143806123,5404972.216488899,146.39335104956956,0.24328614430870776,14.986993053536743,105.77999347898178,263.1092717424198,4
WF-3-BJ243,green,496329.07447355945,5404972.216488899,145.8962930586608,0.2409145895948923,15.004610052937418,105.1563161922098,263.10909538874137,4
WF-3-BJ244,green,496304.0345665066,5404972.216488899,145.39923506775207,0.23854303488107695,15.022227052338096,104.53263890543786,263.10891903506285,4
WF-3-BJ245,green,496278.9946594538,5404972.216488899,144.77078508923168,0.23554458492912586,15.023862448771524,103.67779301646411,263.49225671482156,4
WF-3-BJ246,green,496253.954752401,5404972.216488899,144.1204788910089,0.2324418549498753,15.022839407411311,102.78449370388475,263.93938950968675,4
WF-3-BJ247,green,496228.91484534816,5404972.216488899,143.43235930051668,0.2291587103503548,15.015926996858347,101.83018303362412,264.47625993624246,4
WF-3-BJ248,green,496203.87493829534,5404972.216488899,142.5493034947043,0.2249454893637901,14.978653614381008,100.56134561915663,265.47574726235894,4
WF-3-BJ249,green,496178.8350312426,5404972.216488899,141.666247688894,0.2207322683772353,14.941380231903754,99.29250820469208,266.4752345884731,4
WF-3-BJ250,green,496153.79512418975,5404972.216488899,140.6377193367005,0.21582497122770597,14.883196162327945,97.79134233392611,267.80290832534695,4
WF-3-BJ251,green,496128.75521713693,5404972.216488899,139.44352385385596,0.2101272458548993,14.801198571797666,96.02559603419917,269.50432750314025,4
WF-3-BJ252,green,496103.7153100841,5404972.216488899,138.24932837101142,0.20442952048209265,14.719200981267386,94.25984973447223,271.2057466809336,4
WF-3-BJ253,green,496078.6754030313,5404972.216488899,136.80416681932343,0.19753439002887424,14.605993588854048,92.08704095496839,273.48587497558,4
WF-3-BJ254,green,496053.63549597847,5404972.216488899,135.28515123558213,0.190286888461915,14.483601808609835,89.79444225498769,275.9363051833996,4
WF-3-BJ255,green,496028.59558892564,5404972.216488899,133.75889574504316,0.18300484397359115,14.36041260919209,87.48827205533672,278.4118381271289,4
WF-3-BJ256,green,496003.5556818728,5404972.216488899,132.14671989741342,0.17531285772475202,14.227759953675294,85.0210406527568,281.1852804353816,4
WF-3-BJ257,green,495978.51577482,5404972.216488899,130.53454404978368,0.1676208714759129,14.0951072981585,82.55380925017688,283.95872274363444,4
WF-3-BJ258,green,495953.4758677672,5404972.216488899,129.13513177065977,0.16094401918135484,13.982000553655464,80.40713115395343,286.38341507393363,4
WF-3-BJ259,green,495928.43596071436,5404972.216488899,128.07876736687584,0.15590391113134558,13.900408524251173,78.77729497503293,288.2458027775433,4
WF-3-BJ260,green,495903.39605366153,5404972.216488899,127.02240296309189,0.15086380308133626,13.818816494846882,77.14745879611243,290.10819048115303,4
WF-3-BJ261,green,495878.3561466087,5404972.216488899,126.78780093578776,0.14974447384028214,13.795420248216118,76.78604811333919,290.5373989880766,4
WF-3-BJ262,green,495853.3162395559,5404972.216488899,126.9260640449202,0.15040415245768116,13.798429662278693,77.00017077112425,290.3163190758594,4
WF-3-BJ263,green,495828.27633250307,5404972.216488899,127.06432715405265,0.15106383107508023,13.80143907634127,77.21429342890931,290.0952391636422,4
WF-3-BJ264,green,495803.23642545025,5404972.216488899,128.19177562262408,0.1564430942176688,13.820052103446546,78.95591712924248,288.3358107962998,4
WF-3-BJ265,green,495778.1965183974,5404972.216488899,129.3262320659836,0.16185579369152447,13.838775675785595,80.70836255140243,286.5654838576371,4
WF-3-BJ266,green,495753.1566113446,5404972.216488899,130.53813803203198,0.16763801902347922,13.828922489660233,82.57341490562082,284.81363040399634,4
WF-3-BJ267,green,495728.1167042918,5404972.216488899,131.93244963518558,0.17429053505876316,13.751766605556437,84.70367404835741,283.105284872522,4
WF-3-BJ268,green,495703.07679723896,5404972.216488899,133.32676123833915,0.18094305109404693,13.674610721452641,86.833933191094,281.39693934104764,4
WF-3-BJ269,green,495678.03689018614,5404972.216488899,134.59524637392244,0.1869952260066712,13.504219379060459,88.74315945596638,280.33796805743,4
WF-3-BJ270,green,495652.9969831333,5404946.549822232,136.0328599977346,0.19385434391354517,13.125534330678136,90.97592341767974,279.4816388844608,4
WF-3-BJ271,green,495652.9969831333,5404920.883155566,136.38440231809082,0.19553161671107575,12.98057974420971,91.61349600583584,279.0318022035989,4
WF-3-BJ272,green,495652.9969831333,5404895.216488899,136.88841886001092,0.19793637194626718,12.838669758464212,92.50911329513897,278.23730435088123,4
WF-3-BJ273,green,495652.9969831333,5404869.549822232,137.3871349529332,0.2003158377684806,12.706989520584663,93.40852216970464,277.35766629559606,4
WF-3-BJ274,green,495652.9969831333,5404843.883155566,137.85176721761155,0.20253268340348216,12.641090307903298,94.33231232605854,275.93054555714735,4
WF-3-BJ275,green,495652.9969831333,5404818.216488899,138.3163994823068,0.20474952903856425,12.575191095219541,95.256102482446,274.50342481864686,4
WF-3-BJ276,green,495652.9969831333,5404792.549822232,138.59401069602225,0.2060740629853805,12.62557634769138,96.01900645270733,272.33610533347894,4
WF-3-BJ277,green,495652.9969831333,5404766.883155566,138.84465987992195,0.20726995614968624,12.692725837123163,96.75871614548967,270.06207454201405,4
WF-3-BJ278,green,495652.9969831333,5404741.216488899,138.94241180559828,0.20773634849094688,12.828714530031371,97.37900891976463,267.22085864634647,4
WF-3-BJ279,green,495652.9969831333,5404715.549822232,138.94380542279845,0.20774299769385832,13.008086794890307,97.92404323351246,264.0221935860721,4
WF-3-BJ280,green,495652.9969831333,5404689.883155566,138.85479263964595,0.20731830140220592,13.198861106279537,98.40254599750361,260.5748612334708,4
WF-4-BJ1,green,495678.30485174124,5405002.216488899,134.53476386476768,0.186706652877755,13.623156271213507,88.5505868002987,280.46950554307006,4
WF-4-BJ2,green,495703.3426815727,5405002.216488899,133.29129785665663,0.1807738488047059,13.755137352806198,86.68045266289221,281.6275455813498,4
WF-4-BJ3,green,495728.38051140413,5405002.216488899,131.92399223021388,0.1742501832306181,13.809958850274656,84.6018736793078,283.328678359998,4
WF-4-BJ4,green,495753.4183412356,5405002.216488899,130.55668660376801,0.16772651765651542,13.86478034774324,82.52329469571858,285.02981113865013,4
WF-4-BJ5,green,495778.4561710671,5405002.216488899,129.37237130679028,0.16207593246009538,13.862668407497303,80.71344717856243,286.72376947197864,4
WF-4-BJ6,green,495803.49400089856,5405002.216488899,128.26193753518396,0.15677784955307242,13.83756984694627,79.01209878654086,288.41483115516314,4
WF-4-BJ7,green,495828.53183073003,5405002.216488899,127.16837478202324,0.15156026136508288,13.812845862472273,77.33657490247967,290.0803430875677,4
WF-4-BJ8,green,495853.56966056145,5405002.216488899,127.03654829674312,0.15093129305899006,13.809474673001562,77.13318300534007,290.2893856290081,4
WF-4-BJ9,green,495878.6074903929,5405002.216488899,126.9047218114627,0.15030232475289573,13.806103483530842,76.92979110819999,290.4984281704489,4
WF-4-BJ10,green,495903.6453202244,5405002.216488899,127.15342216680241,0.15148891969920206,13.830093080084913,77.30685903455021,290.07487697374955,4
WF-4-BJ11,green,495928.6831500559,5405002.216488899,128.20298984023236,0.15649659930383,13.911666943990008,78.90557876696,288.31995149165346,4
WF-4-BJ12,green,495953.72097988735,5405002.216488899,129.25255751366228,0.1615042789084578,13.993240807895106,80.5042984993698,286.5650260095573,4
WF-4-BJ13,green,495978.75880971877,5405002.216488899,130.65900333279842,0.1682146895106498,14.107564470082082,82.63244885262576,284.2638025621161,4
WF-4-BJ14,green,496003.79663955024,5405002.216488899,132.27779114167993,0.17593822263764194,14.241374215725235,85.07560967322271,281.63753260131693,4
WF-4-BJ15,green,496028.8344693817,5405002.216488899,133.8965789505615,0.18366175576463437,14.37518396136839,87.51877049381966,279.0112626405178,4
WF-4-BJ16,green,496053.8722992132,5405002.216488899,135.44627369270935,0.19105563321542554,14.502182625698024,89.82256225575175,276.66766763401614,4
WF-4-BJ17,green,496078.9101290446,5405002.216488899,136.99091297309133,0.1984253901321931,14.628682930889928,92.1161565408514,274.3447556350945,4
WF-4-BJ18,green,496103.9479588761,5405002.216488899,138.46043018117297,0.205436725882952,14.746505249616728,94.28715176526161,272.1958684622676,4
WF-4-BJ19,green,496128.98578870756,5405002.216488899,139.68766985060347,0.21129211112220372,14.83634003902223,96.06275056682152,270.6082318678475,4
WF-4-BJ20,green,496154.02361853904,5405002.216488899,140.91490952003397,0.21714749636145542,14.926174828427731,97.83834936838144,269.0205952734273,4
WF-4-BJ21,green,496179.0614483705,5405002.216488899,141.9735052384749,0.222198250422372,14.994123424321073,99.34137511433528,267.819077245193,4
WF-4-BJ22,green,496204.09927820193,5405002.216488899,142.8893292778501,0.2265678146529659,15.043543465957192,100.6136442124014,266.9444419523837,4
WF-4-BJ23,green,496229.1371080334,5405002.216488899,143.8051533172274,0.23093737888356985,15.092963507593428,101.88591331047047,266.0698066595723,4
WF-4-BJ24,green,496254.1749378649,5405002.216488899,144.52362760411813,0.23436535129925468,15.114807048704332,102.8319255671518,265.68728855240965,4
WF-4-BJ25,green,496279.21276769636,5405002.216488899,145.206287883332,0.2376224485247602,15.13164614978391,103.7187304274474,265.3940773151197,4
WF-4-BJ26,green,496304.25059752783,5405002.216488899,145.86616782199354,0.24077085657313274,15.14562638250765,104.56415783339267,265.17362925514186,4
WF-4-BJ27,green,496329.28842735925,5405002.216488899,146.39822399607877,0.24330939402901294,15.14356509404218,105.17741039667114,265.36146583977285,4
WF-4-BJ28,green,496354.3262571907,5405002.216488899,146.9302801701652,0.24584793148489884,15.141503805576708,105.79066295995102,265.5493024244043,4
WF-4-BJ29,green,496379.3640870222,5405002.216488899,147.42653588186394,0.24821565837766107,15.138239807037241,106.31752527608242,265.9381324722741,4
WF-4-BJ30,green,496404.4019168537,5405002.216488899,147.88010288182852,0.25037970960804273,15.133541688929915,106.74137528144448,266.56662847528526,4
WF-4-BJ31,green,496429.43974668515,5405002.216488899,148.33366988179307,0.2525437608384243,15.12884357082259,107.16522528680649,267.19512447829635,4
WF-4-BJ32,green,496454.47757651657,5405002.216488899,148.7715291678659,0.2546328676888652,15.132058898328244,107.49158079293713,268.15634332167326,4
WF-4-BJ33,green,496479.51540634804,5405002.216488899,149.20445473274472,0.25669843485184857,15.13775980295979,107.78731372212309,269.2220688896479,4
WF-4-BJ34,green,496504.5532361795,5405002.216488899,149.6383716690596,0.25876873202952905,15.144387336644797,108.07761445574637,270.31514740636044,4
WF-4-BJ35,green,496529.591066011,5405002.216488899,150.08635457757165,0.2609061405368304,15.164162251853995,108.29084103838136,271.79632043783835,4
WF-4-BJ36,green,496554.62889584247,5405002.216488899,150.53433748608367,0.26304354904413163,15.183937167063199,108.50406762101633,273.27749346931625,4
WF-4-BJ37,green,496579.6667256739,5405002.216488899,150.98863062306282,0.26521106480720624,15.207249820840016,108.6971226854141,274.8748314430711,4
WF-4-BJ38,green,496604.70455550536,5405002.216488899,151.4536360112891,0.2674296906829947,15.236568143757243,108.85593455680315,276.66937115904483,4
WF-4-BJ39,green,496629.74238533684,5405002.216488899,151.91864139951537,0.26964831655878324,15.265886466674472,109.01474642819221,278.46391087501866,4
WF-4-BJ40,green,496654.7802151683,5405002.216488899,152.3695161090526,0.2717995223784267,15.300783313837155,109.13614099652382,280.32995353592173,4
WF-4-BJ41,green,496679.81804499973,5405002.216488899,152.81360450287352,0.27391834944283266,15.338359269879636,109.23956575340114,282.23033577594015,4
WF-4-BJ42,green,496704.8558748312,5405002.216488899,153.25769289669552,0.2760371765072438,15.375935225922206,109.34299051027872,284.13071801596305,4
WF-4-BJ43,green,496729.8937046627,5405002.216488899,153.61606495274177,0.27774703522465904,15.434756845508861,109.3560241790642,285.87938412339304,4
WF-4-BJ44,green,496754.93153449416,5405002.216488899,153.9727251383473,0.2794487262946621,15.494002769543854,109.36725261636386,287.6250202557972,4
WF-4-BJ45,green,496779.96936432563,5405002.216488899,154.2871116805377,0.28094872206925703,15.566033719108933,109.33653355446316,289.2746582067798,4
WF-4-BJ46,green,496805.00719415705,5405002.216488899,154.49558871588806,0.2819434041887488,15.67009540081403,109.20072208522436,290.6837888527224,4
WF-4-BJ47,green,496830.0450239885,5405002.216488899,154.7040657512389,0.28293808630824274,15.77415708251937,109.06491061598523,292.09291949866827,4
WF-4-BJ48,green,496855.08285382,5405002.216488899,154.81667856223774,0.28347538265523853,15.910717068588022,108.82303183182607,293.3206738024561,4
WF-4-BJ49,green,496880.1206836515,5405002.216488899,154.862712319745,0.2836950181436678,16.0698475845829,108.50748780412577,294.42245968300494,4
WF-4-BJ50,green,496905.15851348295,5405002.216488899,154.90874607725223,0.28391465363209717,16.228978100577777,108.19194377642549,295.52424556355385,4
WF-4-BJ51,green,496930.19634331437,5405002.216488899,154.84964939977522,0.28363269255993895,16.419007139335708,107.73138952234511,296.57501336979954,4
WF-4-BJ52,green,496955.23417314584,5405002.216488899,154.7782189411471,0.2832918847589018,16.612661157080517,107.25382283606831,297.6197957945236,4
WF-4-BJ53,green,496980.2720029773,5405002.216488899,154.69920728161486,0.28291490565980826,16.80400717927611,106.75585180221074,298.7229852390887,4
WF-4-BJ54,green,497005.3098328088,5405002.216488899,154.5898442017299,0.28239311437516484,16.98611311616424,106.1761917406799,300.06000782344034,4
WF-4-BJ55,green,497030.34766264027,5405002.216488899,154.48048112184497,0.2818713230905216,17.16821905305237,105.59653167914907,301.39703040779193,4
WF-4-BJ56,green,497055.3854924717,5405002.216488899,154.39368559404463,0.2814572057302581,17.317696979078157,105.0041782986597,303.0409512438729,4
WF-4-BJ57,green,497080.42332230316,5405002.216488899,154.32903555817495,0.28114874856807714,17.43515710589606,104.39936899066963,304.986030696182,4
WF-4-BJ58,green,497105.46115213464,5405002.216488899,154.2643855223052,0.28084029140589584,17.552617232713963,103.79455968267955,306.9311101484912,4
WF-4-BJ59,green,497130.4989819661,5405002.216488899,154.29581727404724,0.28099025805037336,17.579733509797677,103.23555262844457,309.5483378048482,4
WF-4-BJ60,green,497155.5368117976,5405002.216488899,154.34984831955313,0.28124805006459613,17.5856001073048,102.68731867297662,312.3236607162339,4
WF-4-BJ61,green,497180.574641629,5405002.216488899,154.42520950903895,0.2816076121024925,17.574685151432575,102.15602339836006,315.2052592995264,4
WF-4-BJ62,green,497205.6124714605,5405002.216488899,154.66562828704315,0.28275469412650983,17.433910653357085,101.75580355466346,318.90924361733073,4
WF-4-BJ63,green,497230.65030129196,5405002.216488899,154.90604706504732,0.28390177615052703,17.293136155281594,101.35558371096687,322.613227935135,4
WF-4-BJ64,green,497255.68813112343,5405002.216488899,155.24449235741912,0.2855165606287437,17.087135732524114,101.05959401234165,326.64152139571496,4
WF-4-BJ65,green,497280.7259609549,5405002.216488899,155.71869745082287,0.2877790799829158,16.790802009494943,100.90795570525285,331.11896012051363,4
WF-4-BJ66,green,497305.7637907863,5405002.216488899,156.19290254422552,0.2900415993370826,16.494468286466454,100.7563173981644,335.59639884530185,4
WF-4-BJ67,green,497330.8016206178,5405002.216488899,156.7912172470688,0.2928962683693195,16.134634189582236,100.8164555964048,340.0509030392528,4
WF-4-BJ68,green,497355.8394504493,5405002.216488899,157.43680666900377,0.2959764937449947,15.750612099924798,100.95726180129563,344.49667121744915,4
WF-4-BJ69,green,497380.87728028075,5405002.216488899,158.07709946793693,0.2990314479622196,15.37024216136065,101.100313974847,348.8886478975588,4
WF-4-BJ70,green,497405.91511011217,5405002.216488899,158.5401701120433,0.3012408428194519,15.112071232672307,101.31851505092573,351.4807900040162,4
WF-4-BJ71,green,497430.95293994364,5405002.216488899,159.00324075615075,0.30345023767668927,14.85390030398336,101.53671612700498,354.07293211047966,4
WF-4-BJ72,green,497455.9907697751,5405002.216488899,159.23172080990332,0.3045403578606523,14.708956503396664,101.60551278318302,355.593717614144,4
WF-4-BJ73,green,497481.0285996066,5405002.216488899,158.99217112947912,0.3033974224603696,14.789911203628392,101.3762339248001,354.97704847711736,4
WF-4-BJ74,green,497506.06642943807,5405002.216488899,158.75262144905494,0.30225448706008706,14.870865903860125,101.14695506641722,354.36037934009084,4
WF-4-BJ75,green,497531.1042592695,5405002.216488899,158.09736553138902,0.29912814106280206,15.066347160627178,100.51122441403955,352.8089112971618,4
WF-4-BJ76,green,497556.14208910096,5405002.216488899,157.20699312788855,0.2948800112485882,15.326602719762196,99.64561143394099,350.7287366483944,4
WF-4-BJ77,green,497581.17991893244,5405002.216488899,156.31662072438803,0.2906318814343741,15.586858278897218,98.77999845384241,348.6485619996269,4
WF-4-BJ78,green,497606.2177487639,5405002.216488899,155.35555584289503,0.2860464648599011,15.686623827761808,97.69885459686738,347.74304609084004,4
WF-4-BJ79,green,497631.2555785954,5405002.216488899,154.39026556141692,0.28144088812819157,15.776796637678004,96.60482812225331,346.90774137231415,4
WF-4-BJ80,green,497656.2934084268,5405002.216488899,153.49037177415252,0.2771473300481407,15.791549865078354,95.54457090381115,346.5697670225324,4
WF-4-BJ81,green,497681.3312382583,5405002.216488899,152.78828928457517,0.2737975658996953,15.578173960046223,94.58645892213194,347.7361174352207,4
WF-4-BJ82,green,497706.36906808976,5405002.216488899,152.08620679499785,0.27044780175125,15.364798055014095,93.62834694045277,348.902467847909,4
WF-4-BJ83,green,497731.40689792123,5405002.216488899,151.5415434170502,0.26784911301665626,15.015308908072774,92.79903680518541,350.8813575956075,4
WF-4-BJ84,green,497756.4447277527,5405002.216488899,151.1239603804251,0.2658567478660486,14.555939092505835,92.07370503973306,353.5161891470805,4
WF-4-BJ85,green,497781.4825575841,5405002.216488899,150.70637734380097,0.26386438271544566,14.096569276939947,91.34837327428238,356.1510206985476,4
WF-4-BJ86,green,497806.5203874156,5405002.216488899,150.4680638236047,0.2627273452620207,13.570070353293664,90.82426590560132,359.13699551926226,4
WF-4-BJ87,green,497831.5582172471,5405002.216488899,150.25937590303838,0.2617316569705387,13.032477853231883,90.33341234121052,362.18099933517095,4
WF-4-BJ88,green,497856.59604707855,5405002.216488899,150.08024161706274,0.26087697448261654,12.52840869180227,89.89671195461258,365.0219412484264,4
WF-4-BJ89,green,497881.63387691,5405002.216488899,150.05282036798923,0.2607461426809185,12.196430969595689,89.73800590524746,366.82046863780636,4
WF-4-BJ90,green,497906.67170674144,5405002.216488899,150.02539911891574,0.26061531087922063,11.864453247389893,89.57929985588271,368.61899602718205,4
WF-4-BJ91,green,497931.7095365729,5405002.216488899,150.09894845659295,0.2609662282402864,11.73444026600987,89.64568465873822,369.2168540702297,4
WF-4-BJ92,green,497956.7473664044,5405002.216488899,150.2873226515206,0.26186499602616414,11.834103800151103,89.96804524430793,368.4492977809033,4
WF-4-BJ93,green,497981.78519623587,5405002.216488899,150.47569684644827,0.26276376381204186,11.933767334292334,90.29040582987766,367.6817414915767,4
WF-4-BJ94,green,498006.8230260673,5405002.216488899,150.74140094047942,0.264031486709983,12.265333056075276,90.8016294388551,365.6329699896488,4
WF-4-BJ95,green,498031.86085589876,5405002.216488899,151.02984494637644,0.26540770589238916,12.665092780042189,91.36839079657862,363.207439674469,4
WF-4-BJ96,green,498056.89868573024,5405002.216488899,151.3100194779919,0.26674446989839345,13.070183422906139,91.92140933072614,360.77770396145354,4
WF-4-BJ97,green,498081.9365155617,5405002.216488899,151.49192488015797,0.267612373889207,13.538623287418535,92.31111696226826,358.29799399732696,4
WF-4-BJ98,green,498106.9743453932,5405002.216488899,151.67383028232405,0.26848027788002055,14.007063151930947,92.70082459381041,355.8182840332003,4
WF-4-BJ99,green,498132.0121752246,5405002.216488899,151.8181648975593,0.2691689247650693,14.476097876965747,93.01341986465397,353.4739328226953,4
WF-4-BJ100,green,498157.0500050561,5405002.216488899,151.90184075585316,0.2695681576107309,14.946093015739429,93.20151574842335,351.34812091908617,4
WF-4-BJ101,green,498182.08783488756,5405002.216488899,151.98551661414703,0.2699673904563926,15.416088154513098,93.38961163219274,349.2223090154771,4
WF-4-BJ102,green,498207.12566471903,5405002.216488899,152.1068243466069,0.2705461718662066,15.884095333689414,93.59252746465239,347.2500165130018,4
WF-4-BJ103,green,498232.1634945505,5405002.216488899,152.24525025873766,0.2712066272465289,16.351198219621782,93.80218467127996,345.3475577020396,4
WF-4-BJ104,green,498257.2013243819,5405002.216488899,152.38367617086806,0.27186708262684955,16.818301105553058,94.01184187790702,343.4450988910818,4
WF-4-BJ105,green,498282.2391542134,5405002.216488899,152.69295217465242,0.27334269508668313,17.279916346392426,94.407247459118,341.68760173177714,4
WF-4-BJ106,green,498307.2769840449,5405002.216488899,153.00357137528158,0.27482471618467796,17.741488444219648,94.80411336515677,339.93124423842914,4
WF-4-BJ107,green,498332.31481387635,5405002.216488899,153.3747875125319,0.2765958563659892,18.20141285765533,95.26666026720552,338.22610185793167,4
WF-4-BJ108,green,498357.3526437078,5405002.216488899,153.88939595516405,0.2790511474994488,18.657438307271704,95.88463003322738,336.6421512985315,4
WF-4-BJ109,green,498382.39047353924,5405002.216488899,154.40400439779498,0.2815064386329026,19.113463756886993,96.50259979924776,335.05820073913503,4
WF-4-BJ110,green,498407.4283033707,5405002.216488899,155.02105923617762,0.28445052028416734,19.570101199480224,97.21635548637411,333.6176175984122,4
WF-4-BJ111,green,498432.4661332022,5405002.216488899,155.70586718564832,0.287717864437827,20.027143384747376,97.99345936750693,332.271850762088,4
WF-4-BJ112,green,498457.50396303367,5405002.216488899,156.39067513511898,0.2909852085914865,20.484185570014507,98.77056324863972,330.9260839257639,4
WF-4-BJ113,green,498482.54179286514,5405002.216488899,157.1717267675192,0.294711748984018,20.958624247635456,99.59501587421336,329.84650747592764,4
WF-4-BJ114,green,498507.57962269656,5405002.216488899,157.96267263461124,0.2984854965824532,21.434851354095038,100.42433613967256,328.794296460135,4
WF-4-BJ115,green,498532.61745252804,5405002.216488899,158.76570316050075,0.3023169023013899,21.923468380783554,101.24433358791035,327.8070719015569,4
WF-4-BJ116,green,498557.6552823595,5405002.216488899,159.61374924754222,0.30636308550745595,22.458238072691007,102.02960338219293,327.06192301001704,4
WF-4-BJ117,green,498582.693112191,5405002.216488899,160.4617953345837,0.31040926871352215,22.99300776459846,102.81487317647552,326.3167741184772,4
WF-4-BJ118,green,498607.7309420224,5405002.216488899,161.34703014684936,0.3146328861389737,23.59500664187437,103.56228161941837,325.7052828843276,4
WF-4-BJ119,green,498632.7687718539,5405002.216488899,162.2670777168592,0.3190226016077908,24.259939468332238,104.27424765222659,325.2189099923285,4
WF-4-BJ120,green,498657.80660168536,5405002.216488899,163.187125286869,0.32341231707660756,24.924872294790095,104.98621368503481,324.73253710032947,4
WF-4-BJ121,green,498682.84443151683,5405002.216488899,164.2514971312553,0.32849063009234214,25.78558706203262,105.69254245310577,324.3639019345287,4
WF-4-BJ122,green,498707.8822613483,5405002.216488899,165.3472586092248,0.3337187087991042,26.688883185807136,106.39764515109758,324.02087399315536,4
WF-4-BJ123,green,498732.9200911797,5405002.216488899,166.48554095642743,0.33914966236093286,27.637932960445653,107.11888436733807,323.67585833848733,4
WF-4-BJ124,green,498757.9579210112,5405002.216488899,167.91818300966133,0.34598505999400464,28.90372205534946,107.95183204236493,323.31708231833557,4
WF-4-BJ125,green,498782.9957508427,5405002.216488899,169.35082506289532,0.35282045762707687,30.169511150253317,108.7847797173918,322.95830629818374,4
WF-4-BJ126,green,498808.03358067415,5405002.216488899,170.96736920663653,0.36053328581674376,31.61022099775517,109.71786019652833,322.5381572618143,4
WF-4-BJ127,green,498833.0714105056,5405002.216488899,172.82661964812897,0.3694041102061142,33.28178394837177,110.78309176813943,322.0370106820951,4
WF-4-BJ128,green,498858.10924033704,5405002.216488899,174.68587008961708,0.378274934595464,34.95334689898449,111.84832333974802,321.5358641023771,4
WF-4-BJ129,green,498883.1470701685,5405002.216488899,176.66388659646358,0.3877124136353649,36.72287117170011,112.99795215858441,320.9610157895654,4
WF-4-BJ130,green,498908.1849,5405027.883155566,177.2536620118369,0.39052634016306015,36.89953267611188,113.39438635764733,321.84909842544477,4
WF-4-BJ131,green,498908.1849,5405053.549822232,175.91211456928272,0.38412557160207256,35.220995972447334,112.70701796504788,323.5957656521635,4
WF-4-BJ132,green,498908.1849,5405079.216488899,174.83495721020756,0.3789862565540128,33.39288418527116,112.30417295371345,326.1041281107442,4
WF-4-BJ133,green,498908.1849,5405104.883155566,173.75779985113235,0.37384694150595277,31.564772398094956,111.90132794237901,328.612490569325,4
WF-4-BJ134,green,498908.1849,5405130.549822232,173.58055674247515,0.3730012821713975,29.84938269715036,112.28485290048195,332.232283255725,4
WF-4-BJ135,green,498908.1849,5405156.216488899,173.4106498372548,0.3721906252071096,28.134911919425768,112.67478843613434,335.86113644803396,4
WF-4-BJ136,green,498908.1849,5405181.883155566,174.0254028186616,0.3751237242771436,26.59897547204845,113.7340714667038,340.23516090452165,4
WF-4-BJ137,green,498908.1849,5405207.549822232,174.92841742811652,0.37943217237146293,25.128627437757164,115.03925364655801,344.88293999704933,4
WF-4-BJ138,green,498908.1849,5405233.216488899,176.21564271114886,0.3855737599599385,23.81994176509069,116.65197818922806,349.711748900894,4
WF-4-BJ139,green,498908.1849,5405258.883155566,177.93483041159038,0.39377631935841334,22.693010711342925,118.61046809352007,354.744086962649,4
WF-4-BJ140,green,498908.1849,5405284.549822232,179.66098736005281,0.4020121303156561,21.659662802287027,120.546589306801,359.5701785290759,4
WF-4-BJ141,green,498883.1470701685,5405310.216488899,181.5777933709437,0.4111575628682787,20.84401259123357,122.58989808338737,364.18205421083553,4
WF-4-BJ142,green,498858.10924033704,5405310.216488899,181.4855514365791,0.41071745970475465,20.766118461342135,122.5216267176298,364.25838660535675,4
WF-4-BJ143,green,498833.0714105056,5405310.216488899,180.67788674713435,0.4068639435427207,20.844613351726682,121.73005607600447,362.98421791065334,4
WF-4-BJ144,green,498808.03358067415,5405310.216488899,179.87022205768773,0.4030104273806779,20.92310824211141,120.93848543437728,361.710049215947,4
WF-4-BJ145,green,498782.9957508427,5405310.216488899,178.64643979614428,0.39717153806770056,21.02207644583333,119.73957285836102,359.85136397189143,4
WF-4-BJ146,green,498757.9579210112,5405310.216488899,177.10735920029913,0.389828302652965,21.13655757673188,118.23201137632299,357.5497820401211,4
WF-4-BJ147,green,498732.9200911797,5405310.216488899,175.56827860445406,0.38248506723822984,21.251038707630432,116.72444989428504,355.2482001083509,4
WF-4-BJ148,green,498707.8822613483,5405310.216488899,173.8173930205917,0.3741312714322943,21.275437090463008,115.01959521699726,352.97660744477867,4
WF-4-BJ149,green,498682.84443151683,5405310.216488899,172.03591176749921,0.36563149808467915,21.286822833751373,113.28624112900263,350.7093467931075,4
WF-4-BJ150,green,498657.80660168536,5405310.216488899,170.27355237116203,0.35722295861792774,21.274573540988985,111.57163621997381,348.55307800722886,4
WF-4-BJ151,green,498632.7687718539,5405310.216488899,168.5991120674007,0.3492338972447716,21.153654313649483,109.94323689350503,346.90713121825115,4
WF-4-BJ152,green,498607.7309420224,5405310.216488899,166.9246717636393,0.341244835871615,21.032735086309977,108.31483756703622,345.2611844292734,4
WF-4-BJ153,green,498582.693112191,5405310.216488899,165.36931409919382,0.33382393958134327,20.861734705156938,106.7951152503613,343.98262955944824,4
WF-4-BJ154,green,498557.6552823595,5405310.216488899,163.94116645313534,0.3270099855880834,20.637235136090915,105.39148713930271,343.0965410731459,4
WF-4-BJ155,green,498532.61745252804,5405310.216488899,162.51301880707683,0.3201960315948234,20.412735567024896,103.98785902824412,342.2104525868436,4
WF-4-BJ156,green,498507.57962269656,5405310.216488899,161.2920472451401,0.3143705526444665,20.13471892734453,102.7649652718872,341.8766492022178,4
WF-4-BJ157,green,498482.54179286514,5405310.216488899,160.1266931679863,0.30881043490068893,19.84233535495155,101.5905905821256,341.69110959218335,4
WF-4-BJ158,green,498457.50396303367,5405310.216488899,158.98300366616678,0.30335368281382985,19.54593144743694,100.43425858959753,341.56136699211544,4
WF-4-BJ159,green,498432.4661332022,5405310.216488899,158.05005087962715,0.29890239419328035,19.21042073978726,99.45343240280147,341.97437579243075,4
WF-4-BJ160,green,498407.4283033707,5405310.216488899,157.1170980930874,0.29445110557273035,18.87491003213757,98.47260621600535,342.3873845927461,4
WF-4-BJ161,green,498382.39047353924,5405310.216488899,156.26033320503763,0.29036332337015225,18.52750186622672,97.55192635041142,343.0033173097435,4
WF-4-BJ162,green,498357.3526437078,5405310.216488899,155.51876857089314,0.2868251826785825,18.16210409514767,96.72219099977772,343.9260820458419,4
WF-4-BJ163,green,498332.31481387635,5405310.216488899,154.77720393674693,0.28328704198700444,17.79670632406775,95.89245564914208,344.8488467819425,4
WF-4-BJ164,green,498307.2769840449,5405310.216488899,154.1430787397996,0.2802615145284877,17.41468032512364,95.14232379932616,346.08091902635385,4
WF-4-BJ165,green,498282.2391542134,5405310.216488899,153.55435696076373,0.2774526150927383,17.025627312649608,94.42583202720584,347.44370321815745,4
WF-4-BJ166,green,498257.2013243819,5405310.216488899,152.96657995773367,0.2746482233563541,16.636433472022457,93.71000362799845,348.80935371398857,4
WF-4-BJ167,green,498232.1634945505,5405310.216488899,152.4989752643787,0.2724171957197181,16.22932676705566,93.07855401766291,350.5395883790444,4
WF-4-BJ168,green,498207.12566471903,5405310.216488899,152.03137057102268,0.270186168083077,15.822220062087908,92.4471044073259,352.26982304410427,4
WF-4-BJ169,green,498182.08783488756,5405310.216488899,151.59466553473203,0.2681025683697547,15.414011655038554,91.8384436041723,354.07581760751975,4
WF-4-BJ170,green,498157.0500050561,5405310.216488899,151.22588898317602,0.2663430678986159,15.003381313244915,91.27988074021602,356.04835949176993,4
WF-4-BJ171,green,498132.0121752246,5405310.216488899,150.85711243162,0.2645835674274771,14.592750971451272,90.72131787625972,358.0209013760202,4
WF-4-BJ172,green,498106.9743453932,5405310.216488899,150.54279701792117,0.263083911019943,14.202850148495749,90.21520096230304,359.98695170902386,4
WF-4-BJ173,green,498081.9365155617,5405310.216488899,150.26221371331116,0.2617451966831123,13.825788763316691,89.74156799150703,361.94898130865636,4
WF-4-BJ174,green,498056.89868573024,5405310.216488899,149.98163040870116,0.2604064823462818,13.448727378137647,89.26793502071104,363.91101090828874,4
WF-4-BJ175,green,498031.86085589876,5405310.216488899,149.78170630374674,0.2594526078242302,13.164997789806566,88.90594434451515,365.4764623759892,4
WF-4-BJ176,green,498006.8230260673,5405310.216488899,149.5885697747163,0.25853111807009765,12.889122192835835,88.55334851173652,367.0085412812072,4
WF-4-BJ177,green,497981.78519623587,5405310.216488899,149.41505281133215,0.2577032368571062,12.652256798805256,88.2363330163828,368.34531685021113,4
WF-4-BJ178,green,497956.7473664044,5405310.216488899,149.30825462156722,0.2571936831330007,12.548050452673497,88.04031288457304,369.0179391290276,4
WF-4-BJ179,green,497931.7095365729,5405310.216488899,149.20145643180234,0.2566841294088954,12.443844106541736,87.84429275276331,369.69056140784414,4
WF-4-BJ180,green,497906.67170674144,5405310.216488899,149.1349702590653,0.25636691170142073,12.434426241523315,87.73350393046542,369.852460134333,4
WF-4-BJ181,green,497881.63387691,5405310.216488899,149.10393222978684,0.25621882357892956,12.50836008957801,87.6976627766169,369.56525700273426,4
WF-4-BJ182,green,497856.59604707855,5405310.216488899,149.07289420050824,0.2560707354564378,12.58229393763288,87.66182162276829,369.2780538711348,4
WF-4-BJ183,green,497831.5582172471,5405310.216488899,149.09767760414505,0.2561889816144199,12.747328749788277,87.75245755236699,368.39425858693596,4
WF-4-BJ184,green,497806.5203874156,5405310.216488899,149.1333349989984,0.2563591095761337,12.930109990720412,87.86773116363514,367.39424740700656,4
WF-4-BJ185,green,497781.4825575841,5405310.216488899,149.17894912146892,0.25657674290894406,13.118401351421008,88.00611544825898,366.32517659373616,4
WF-4-BJ186,green,497756.4447277527,5405310.216488899,149.2848130875693,0.2570818392808373,13.340035379229747,88.28434632800844,364.83821425326255,4
WF-4-BJ187,green,497731.40689792123,5405310.216488899,149.39067705366992,0.2575869356527317,13.561669407038995,88.56257720775855,363.3512519127854,4
WF-4-BJ188,green,497706.36906808976,5405310.216488899,149.52820200826284,0.2582430923996252,13.785822974594938,88.91496031988004,361.6973569835349,4
WF-4-BJ189,green,497681.3312382583,5405310.216488899,149.70494659848086,0.2590863732114005,14.013097589076867,89.3591985405398,359.83667649207007,4
WF-4-BJ190,green,497656.2934084268,5405310.216488899,149.88169118869888,0.25992965402317575,14.2403722035588,89.80343676119956,357.97599600060516,4
WF-4-BJ191,green,497631.2555785954,5405310.216488899,150.09826331404895,0.260962959299721,14.458767256873804,90.34235972839795,355.94369009257224,4
WF-4-BJ192,green,497606.2177487639,5405310.216488899,150.3280024384597,0.2620590867404005,14.674226723712675,90.91258551071161,353.8546447531038,4
WF-4-BJ193,green,497581.17991893244,5405310.216488899,150.55905126756528,0.26316146302205956,14.888159580886521,91.4863365313753,351.7626719303791,4
WF-4-BJ194,green,497556.14208910096,5405310.216488899,150.81201193238854,0.2643683846852134,15.076551703329976,92.11906607131752,349.62172124842203,4
WF-4-BJ195,green,497531.1042592695,5405310.216488899,151.06497259721186,0.2655753063483675,15.264943825773429,92.75179561125975,347.480770566465,4
WF-4-BJ196,green,497506.06642943807,5405310.216488899,151.3182617608097,0.2667837953393414,15.439480955564926,93.3908383866455,345.36446402321485,4
WF-4-BJ197,green,497481.0285996066,5405310.216488899,151.57213173859154,0.2679950555011668,15.589521262678478,94.04104350712464,343.29173044394645,4
WF-4-BJ198,green,497455.9907697751,5405310.216488899,151.8260017163734,0.26920631566299236,15.739561569792023,94.69124862760377,341.21899686467816,4
WF-4-BJ199,green,497430.95293994364,5405310.216488899,152.0810753673234,0.270423318769963,15.858267788831924,95.35073563786099,339.2273137609716,4
WF-4-BJ200,green,497405.91511011217,5405310.216488899,152.3367523354955,0.27164320041390166,15.961268419780588,96.0148750106577,337.27625559521687,4
WF-4-BJ201,green,497380.87728028075,5405310.216488899,152.59242930366702,0.2728630820578375,16.06426905072901,96.67901438345285,335.3251974294667,4
WF-4-BJ202,green,497355.8394504493,5405310.216488899,152.87722057994793,0.27422187339822557,16.109110314950996,97.39019067747358,333.5414110869628,4
WF-4-BJ203,green,497330.8016206178,5405310.216488899,153.16288199300243,0.2755848163205313,16.152213375279246,98.10277275983458,331.76262398277333,4
WF-4-BJ204,green,497305.7637907863,5405310.216488899,153.47068416250363,0.2770533968470582,16.17258015097895,98.84464841979562,330.0606155830146,4
WF-4-BJ205,green,497280.7259609549,5405310.216488899,153.83661212710325,0.27879930618809207,16.133257700395145,99.66342806871293,328.5601731619319,4
WF-4-BJ206,green,497255.68813112343,5405310.216488899,154.20254009170372,0.28054521552913003,16.093935249811256,100.48220771763215,327.0597307408458,4
WF-4-BJ207,green,497230.65030129196,5405310.216488899,154.6531555758005,0.2826951845367183,15.987159795362226,101.40342969781472,325.82405559710986,4
WF-4-BJ208,green,497205.6124714605,5405310.216488899,155.16492040074462,0.2851369082493625,15.831679328072443,102.3986210310834,324.77955790885005,4
WF-4-BJ209,green,497180.574641629,5405310.216488899,155.67668522568866,0.2875786319620063,15.676198860782662,103.39381236435204,323.7350602205902,4
WF-4-BJ210,green,497155.5368117976,5405310.216488899,156.38371688571561,0.2909520095091374,15.379956173056955,104.61292976513502,323.30181200782727,4
WF-4-BJ211,green,497130.4989819661,5405310.216488899,157.1159825852348,0.29444578328045357,15.065522995236588,105.86098479492611,322.9475546456939,4
WF-4-BJ212,green,497105.46115213464,5405310.216488899,157.90264125907504,0.298199075894659,14.713168076982146,107.16863812140815,322.7713435339371,4
WF-4-BJ213,green,497080.42332230316,5405310.216488899,158.9205538057533,0.30305572309172585,14.199587385553711,108.7296759538191,323.35210306880913,4
WF-4-BJ214,green,497055.3854924717,5405310.216488899,159.93846635243156,0.30791237028879287,13.686006694125282,110.29071378623004,323.9328626036811,4
WF-4-BJ215,green,497030.34766264027,5405310.216488899,161.0905625335576,0.3134092321823577,13.07680830005621,111.98407460858525,325.0271021850266,4
WF-4-BJ216,green,497005.3098328088,5405310.216488899,162.3793996897257,0.31955851031278826,12.370169872081053,113.81228030036348,326.644607979173,4
WF-4-BJ217,green,496980.2720029773,5405310.216488899,163.66823684589372,0.3257077884432185,11.663531444105896,115.64048599214169,328.26211377331936,4
WF-4-BJ218,green,496955.23417314584,5405310.216488899,164.96432733912167,0.33189167357325433,10.927526137911613,117.39812054517319,330.34963858778804,4
WF-4-BJ219,green,496930.19634331437,5405310.216488899,166.26222957640766,0.3380842028660231,10.184185550497645,119.13812778539207,332.55456511131604,4
WF-4-BJ220,green,496905.15851348295,5405310.216488899,167.4964707111797,0.3439729933787802,9.476478566596246,120.78910449586832,334.6711091929393,4
WF-4-BJ221,green,496880.1206836515,5405310.216488899,168.18807862450862,0.347272781405462,9.072504573517786,121.68120457283672,336.03430079910555,4
WF-4-BJ222,green,496855.08285382,5405310.216488899,168.87968653783747,0.35057256943214365,8.668530580439324,122.5733046498051,337.39749240527175,4
WF-4-BJ223,green,496830.0450239885,5405310.216488899,169.12128653892054,0.3517252872878185,8.52938512498743,122.90566676746465,337.77249639591093,4
WF-4-BJ224,green,496805.00719415705,5405310.216488899,168.71494011845914,0.34978653409098237,8.771554527804716,122.43208703862015,336.72465289460285,4
WF-4-BJ225,green,496779.96936432563,5405310.216488899,168.30859369799867,0.34784778089415075,9.013723930621435,121.95850730977676,335.6768093932971,4
WF-4-BJ226,green,496754.93153449416,5405310.216488899,167.34431393268224,0.3432470255201307,9.582777321548518,120.88385630166243,332.98835229461616,4
WF-4-BJ227,green,496729.8937046627,5405310.216488899,166.15733579048137,0.33758373540143477,10.282306035832516,119.5692884656338,329.6450463889969,4
WF-4-BJ228,green,496704.8558748312,5405310.216488899,164.9688799518106,0.33191339492223193,10.9823359518582,118.25653775566,326.28330566288287,4
WF-4-BJ229,green,496679.81804499973,5405310.216488899,163.70643327438697,0.32589003059946764,11.707461912983195,117.03477371558657,321.9985013317198,4
WF-4-BJ230,green,496654.7802151683,5405310.216488899,162.44398659696628,0.31986666627671745,12.432587874106497,115.81300967551597,317.71369700056675,4
WF-4-BJ231,green,496629.74238533684,5405310.216488899,161.28258305074738,0.3143253972395941,13.089593290454618,114.77252266212054,313.43106358621117,4
WF-4-BJ232,green,496604.70455550536,5405310.216488899,160.3315746704337,0.30978796207415693,13.604755979355566,114.10949633950126,309.15295052268414,4
WF-4-BJ233,green,496579.6667256739,5405310.216488899,159.38056629012004,0.30525052690871995,14.119918668256503,113.44647001688199,304.87483745915733,4
WF-4-BJ234,green,496554.62889584247,5405310.216488899,158.6615693123487,0.3018200606391097,14.485464189055929,113.1542435464971,300.78245639317936,4
WF-4-BJ235,green,496529.591066011,5405310.216488899,158.07924248201866,0.2990416726749095,14.762875246634103,113.08044285140399,296.7994838269925,4
WF-4-BJ236,green,496504.5532361795,5405310.216488899,157.49691565168862,0.29626328471070934,15.040286304212273,113.00664215631087,292.81651126080567,4
WF-4-BJ237,green,496479.51540634804,5405310.216488899,157.19434232049306,0.2948196519294321,15.14360270748104,113.35448383187438,289.14993724188565,4
WF-4-BJ238,green,496454.47757651657,5405310.216488899,156.91148605003906,0.29347009285625225,15.234648898279119,113.73204291315098,285.5056630311694,4
WF-4-BJ239,green,496429.43974668515,5405310.216488899,156.67557109984733,0.29234449941963164,15.296673253490138,114.17086858489645,281.9570308110031,4
WF-4-BJ240,green,496404.4019168537,5405310.216488899,156.58910537857855,0.2919319556267363,15.266299462969092,114.80475150372158,278.7128983718206,4
WF-4-BJ241,green,496379.3640870222,5405310.216488899,156.5026396573098,0.2915194118338411,15.235925672448044,115.4386344225467,275.468765932638,4
WF-4-BJ242,green,496354.3262571907,5405310.216488899,156.45560186530972,0.29129498591295144,15.172863593824175,116.0826545953999,272.5245397726478,4
WF-4-BJ243,green,496329.28842735925,5405310.216488899,156.4416299130005,0.29122832316943625,15.082387808363015,116.73517627525119,269.83182702292186,4
WF-4-BJ244,green,496304.25059752783,5405310.216488899,156.42765796069125,0.2911616604259209,14.991912022902069,117.38769795510095,267.13911427320215,4
WF-4-BJ245,green,496279.21276769636,5405310.216488899,156.35506156636308,0.2908152897321107,14.895315821294414,117.8317694160186,265.08746559890466,4
WF-4-BJ246,green,496254.1749378649,5405310.216488899,156.27201731237184,0.290419070386259,14.7976288587895,118.2386915487867,263.1500653040274,4
WF-4-BJ247,green,496229.1371080334,5405310.216488899,156.1587271021362,0.2898785420434347,14.704537647218665,118.57378828981646,261.3515327849452,4
WF-4-BJ248,green,496204.09927820193,5405310.216488899,155.87876936805299,0.2885428124181645,14.63677089298064,118.5130979016956,260.318218205971,4
WF-4-BJ249,green,496179.0614483705,5405310.216488899,155.59881163397046,0.2872070827928975,14.569004138742777,118.45240751357484,259.28490362699915,4
WF-4-BJ250,green,496154.02361853904,5405310.216488899,155.20212300411367,0.285314408683919,14.521190963024916,118.14158532765859,258.6560242128703,4
WF-4-BJ251,green,496128.98578870756,5405310.216488899,154.6675501692457,0.28276386377850254,14.496947239876995,117.53530388171971,258.5048694046715,4
WF-4-BJ252,green,496103.9479588761,5405310.216488899,154.13297733437767,0.2802133188730859,14.472703516729071,116.92902243578082,258.35371459647274,4
WF-4-BJ253,green,496078.9101290446,5405310.216488899,153.44142105902768,0.2769137772206593,14.475257125772053,115.99490657196014,258.7073954076229,4
WF-4-BJ254,green,496053.8722992132,5405310.216488899,152.70118952706233,0.27338199700375193,14.486119681395886,114.95914034062966,259.2176086736974,4
WF-4-BJ255,green,496028.8344693817,5405310.216488899,151.95595812901894,0.2698263615100304,14.498155972985046,113.91119502430791,259.7504568324785,4
WF-4-BJ256,green,496003.79663955024,5405310.216488899,151.142393491262,0.26594469561398765,14.526233730456344,112.69679798281194,260.5926563869861,4
WF-4-BJ257,green,495978.75880971877,5405310.216488899,150.32882885350503,0.26206302971794476,14.554311487927642,111.48240094131596,261.43485594149377,4
WF-4-BJ258,green,495953.72097988735,5405310.216488899,149.5424771783304,0.2583112018506016,14.583433169118884,110.29800307468295,262.2880706188935,4
WF-4-BJ259,green,495928.6831500559,5405310.216488899,148.8018616839101,0.25477758967849656,14.614309348146033,109.16402410969692,263.1597981520804,4
WF-4-BJ260,green,495903.6453202244,5405310.216488899,148.06124618948985,0.2512439775063919,14.64518552717318,108.03004514471094,264.0315256852673,4
WF-4-BJ261,green,495878.6074903929,5405310.216488899,147.43452702104906,0.24825378556633895,14.673319063132098,107.0613286767258,264.7982714198592,4
WF-4-BJ262,green,495853.56966056145,5405310.216488899,146.8619249430479,0.24552179617664732,14.70014945026957,106.171135597617,265.5151357430867,4
WF-4-BJ263,green,495828.53183073003,5405310.216488899,146.28932286504806,0.2427898067869619,14.72697983740698,105.28094251851024,266.23200006631254,4
WF-4-BJ264,green,495803.49400089856,5405310.216488899,145.90265169810647,0.24094492782831098,14.747573584076369,104.66924222345477,266.7444581248642,4
WF-4-BJ265,green,495778.4561710671,5405310.216488899,145.51924217776678,0.23911561078298815,14.76805792603691,104.0624273185563,267.25333043753415,4
WF-4-BJ266,green,495753.4183412356,5405310.216488899,145.18086723035975,0.23750116193348256,14.78640640345954,103.52371230501171,267.7120178195573,4
WF-4-BJ267,green,495728.38051140413,5405310.216488899,144.95403425906886,0.2364189002816174,14.799464755190717,103.15366762539615,268.0464067799217,4
WF-4-BJ268,green,495703.3426815727,5405310.216488899,144.72720128777848,0.23533663862975474,14.812523106921864,102.78362294578145,268.3807957402854,4
WF-4-BJ269,green,495678.30485174124,5405310.216488899,144.56272302004157,0.23455188268918828,14.821036896473455,102.50868270350904,268.64809966705786,4
WF-4-BJ270,green,495653.26702190976,5405284.549822232,143.48458310531794,0.22940787968816861,14.74634040908834,100.95387801801918,269.91617225071747,4
WF-4-BJ271,green,495653.26702190976,5405258.883155566,142.52611008888277,0.22483482937660246,14.649208883449237,99.61502402185305,270.99243379739477,4
WF-4-BJ272,green,495653.26702190976,5405233.216488899,141.5671255148676,0.22025933833012717,14.54754140129562,98.2778796690693,272.07650502548745,4
WF-4-BJ273,green,495653.26702190976,5405207.549822232,140.6321287007553,0.21579829727965236,14.437320225270579,96.97801216244099,273.1612184942415,4
WF-4-BJ274,green,495653.26702190976,5405181.883155566,139.7184678942029,0.21143905422906525,14.319490932545254,95.71130069349476,274.24650320644207,4
WF-4-BJ275,green,495653.26702190976,5405156.216488899,138.8370315253425,0.2072335598728082,14.199720545393117,94.49063430094873,275.3111800135428,4
WF-4-BJ276,green,495653.26702190976,5405130.549822232,138.04331138781131,0.2034465757219833,14.07466642020183,93.39530448096193,276.31976126391663,4
WF-4-BJ277,green,495653.26702190976,5405104.883155566,137.2515178423995,0.19966878369502689,13.949607422455442,92.30274911913061,277.32649055867824,4
WF-4-BJ278,green,495653.26702190976,5405079.216488899,136.69605466735825,0.19701856715045116,13.823950719653595,91.55052979277501,278.1060449630038,4
WF-4-BJ279,green,495653.26702190976,5405053.549822232,136.14059149231701,0.19436835060587543,13.69829401685175,90.79831046641941,278.8855993673293,4
WF-4-BJ280,green,495653.26702190976,5405027.883155566,135.8688945623852,0.193072034790228,13.56883998713922,90.46677792688986,279.3401916802982,4
WF-5-BJ1,green,495678.6630967037,5405340.216488899,145.77411671823543,0.24033166389738408,14.901396050900331,104.23108426808355,267.3149202979266,4
WF-5-BJ2,green,495703.7891327212,5405340.216488899,146.04161842692508,0.24160796354410496,14.881683812974762,104.67054568333984,266.9181490568654,4
WF-5-BJ3,green,495728.91516873863,5405340.216488899,146.37728910395663,0.24320950982434555,14.85678119040328,105.21671676125392,266.43722634112885,4
WF-5-BJ4,green,495754.0412047561,5405340.216488899,146.71295978098897,0.24481105610458997,14.831878567831739,105.76288783916927,265.9563036253912,4
WF-5-BJ5,green,495779.1672407736,5405340.216488899,147.16618279469697,0.24697346611353832,14.799101777679958,106.4923800828734,265.3291061795362,4
WF-5-BJ6,green,495804.2932767911,5405340.216488899,147.66109983331046,0.24933480595182467,14.763532140116666,107.28689355429847,264.6500273129198,4
WF-5-BJ7,green,495829.4193128086,5405340.216488899,148.16541956543134,0.2517410077629952,14.727363723453417,108.09601606221204,263.9593881221735,4
WF-5-BJ8,green,495854.5453488261,5405340.216488899,148.83943376372196,0.2549568529528336,14.680388882052183,109.16879415415963,263.0601147745813,4
WF-5-BJ9,green,495879.67138484353,5405340.216488899,149.513447962011,0.2581726981426646,14.633414040651061,110.24157224610474,262.16084142699117,4
WF-5-BJ10,green,495904.797420861,5405340.216488899,150.24162663152939,0.2616469719452824,14.58306789544304,111.39651311846225,261.203679777402,4
WF-5-BJ11,green,495929.9234568785,5405340.216488899,151.06329958984298,0.26556732412378914,14.5269024808028,112.6932766754271,260.1465960663198,4
WF-5-BJ12,green,495955.049492896,5405340.216488899,151.8849725481565,0.2694876763022955,14.470737066162558,113.99004023239193,259.08951235523745,4
WF-5-BJ13,green,495980.1755289135,5405340.216488899,152.736807785447,0.2735519382382056,14.4151429944952,115.3168169579204,258.06118001343646,4
WF-5-BJ14,green,496005.30156493094,5405340.216488899,153.60276258157973,0.27768356717543485,14.359816379764236,116.65764344075876,257.0463067557715,4
WF-5-BJ15,green,496030.42760094843,5405340.216488899,154.4687173777144,0.28181519611267347,14.30448976503314,117.99846992360025,256.0314334981042,4
WF-5-BJ16,green,496055.5536369659,5405340.216488899,155.2201370438272,0.28540035696677307,14.271341622195498,119.09397411753936,255.40131927058516,4
WF-5-BJ17,green,496080.6796729834,5405340.216488899,155.9710348983503,0.28898302816220517,14.238294522449833,120.18836064554012,254.77295797006025,4
WF-5-BJ18,green,496105.8057090009,5405340.216488899,156.64005100161697,0.29217502652525285,14.220491608466219,121.11516346801852,254.38746871848696,4
WF-5-BJ19,green,496130.93174501834,5405340.216488899,157.12663185189524,0.29449659288216834,14.236653245110919,121.66858424572493,254.54310643371807,4
WF-5-BJ20,green,496156.05778103584,5405340.216488899,157.61321270217462,0.2968181592390891,14.252814881755656,122.22200502343263,254.69874414894952,4
WF-5-BJ21,green,496181.18381705333,5405340.216488899,157.90129514521837,0.2981926533388999,14.30873226895022,122.35142530119036,255.5133161249805,4
WF-5-BJ22,green,496206.3098530708,5405340.216488899,158.06982440581498,0.29899673730836396,14.388594062374528,122.2254752219052,256.7247562119406,4
WF-5-BJ23,green,496231.4358890883,5405340.216488899,158.23835366641157,0.29980082127782787,14.468455855798837,122.09952514262005,257.9361962989007,4
WF-5-BJ24,green,496256.56192510575,5405340.216488899,158.18102061612524,0.2995272747940154,14.593906996930476,121.4366905194329,260.1433679431368,4
WF-5-BJ25,green,496281.68796112324,5405340.216488899,158.10886857496885,0.29918302419057374,14.722349288399993,120.73863050993161,262.4158702607363,4
WF-5-BJ26,green,496306.81399714074,5405340.216488899,158.0166431019869,0.2987429995673213,14.851611702090137,119.96890666755704,264.8979431121117,4
WF-5-BJ27,green,496331.94003315823,5405340.216488899,157.86507108100648,0.2980198216938876,14.983298784524218,118.9873106782409,267.9996054711447,4
WF-5-BJ28,green,496357.0660691757,5405340.216488899,157.71349906002607,0.2972966438204539,15.114985866958298,118.00571468892473,271.1012678301777,4
WF-5-BJ29,green,496382.1921051932,5405340.216488899,157.61188162170933,0.29681180841039373,15.213084832236246,117.04881418654561,274.49903524102126,4
WF-5-BJ30,green,496407.31814121065,5405340.216488899,157.5484017637006,0.29650893438111264,15.28554111475848,116.11076733214412,278.12286259652694,4
WF-5-BJ31,green,496432.44417722814,5405340.216488899,157.48492190569175,0.29620606035183084,15.357997397280881,115.17272047774047,281.74668995204087,4
WF-5-BJ32,green,496457.57021324564,5405340.216488899,157.6158531149623,0.2968307571321068,15.318289304947019,114.5131807729232,285.6232096093731,4
WF-5-BJ33,green,496482.6962492631,5405340.216488899,157.77294571144802,0.2975802746824032,15.263487546993106,113.89111904446017,289.53373340673016,4
WF-5-BJ34,green,496507.8222852806,5405340.216488899,157.992341196564,0.2986270507255072,15.170587123514371,113.37050802630488,293.47776059500325,4
WF-5-BJ35,green,496532.94832129806,5405340.216488899,158.4677691468267,0.30089540455372693,14.921121001918431,113.26680665747948,297.5594692929949,4
WF-5-BJ36,green,496558.07435731555,5405340.216488899,158.94319709709046,0.30316375838195186,14.671654880321906,113.1631052886538,301.6411779909961,4
WF-5-BJ37,green,496583.20039333304,5405340.216488899,159.61043942557035,0.3063472937406142,14.297782048649335,113.38835165195236,305.77705255196713,4
WF-5-BJ38,green,496608.32642935053,5405340.216488899,160.46194741576758,0.310409994320705,13.804398443240977,113.92960024664792,309.96496131744084,4
WF-5-BJ39,green,496633.452465368,5405340.216488899,161.31345540596487,0.3144726949007961,13.311014837832625,114.4708488413435,314.15287008291466,4
WF-5-BJ40,green,496658.5785013855,5405340.216488899,162.42086729942145,0.3197563598736913,12.644573280157969,115.49995554322877,318.2172741759764,4
WF-5-BJ41,green,496683.70453740295,5405340.216488899,163.58280361092534,0.32530017083156854,11.941258958857427,116.63300821485508,322.2553636239456,4
WF-5-BJ42,green,496708.83057342045,5405340.216488899,164.73586666315856,0.3308016458442741,11.241795479080402,117.78122186632464,326.1603308960967,4
WF-5-BJ43,green,496733.95660943794,5405340.216488899,165.83381875720843,0.3360401763815802,10.566249204889706,119.02359890243929,329.2384891638837,4
WF-5-BJ44,green,496759.08264545543,5405340.216488899,166.9317708512584,0.3412787069188867,9.89070293069901,120.26597593855398,332.3166474316706,4
WF-5-BJ45,green,496784.2086814729,5405340.216488899,167.70255230559377,0.3449562464108253,9.41526738059974,121.14530638529472,334.44953144335074,4
WF-5-BJ46,green,496809.33471749036,5405340.216488899,168.0782738641228,0.3467488827822525,9.181466354546556,121.58625657916173,335.4409928950735,4
WF-5-BJ47,green,496834.46075350785,5405340.216488899,168.45399542265267,0.34854151915368387,8.947665328492828,122.02720677302976,336.4324543467986,4
WF-5-BJ48,green,496859.58678952535,5405340.216488899,168.05154200364854,0.34662134017982726,9.182588883855356,121.47599248540008,335.7853166183172,4
WF-5-BJ49,green,496884.71282554284,5405340.216488899,167.41311919658574,0.34357530803631625,9.559645835739193,120.62391984031665,334.64129932291394,4
WF-5-BJ50,green,496909.83886156033,5405340.216488899,166.72790415597768,0.34030602157627904,9.962774922178625,119.70598186091544,333.4347060894976,4
WF-5-BJ51,green,496934.96489757777,5405340.216488899,165.51634991181064,0.33452547437384017,10.65917461139438,118.04716222273592,331.5242317441895,4
WF-5-BJ52,green,496960.09093359526,5405340.216488899,164.3047956676408,0.32874492717138803,11.355574300611737,116.38834258455257,329.61375739887694,4
WF-5-BJ53,green,496985.21696961275,5405340.216488899,163.08795254463166,0.32293914575930327,12.039399664898895,114.69036641742564,327.8975868627573,4
WF-5-BJ54,green,497010.34300563025,5405340.216488899,161.86304134919362,0.3170948700959437,12.70404316335737,112.93265779637505,326.47782266404585,4
WF-5-BJ55,green,497035.46904164774,5405340.216488899,160.63813015375567,0.3112505944325846,13.36868666181584,111.1749491753245,325.05805846533445,4
WF-5-BJ56,green,497060.5950776652,5405340.216488899,159.58024667806248,0.30620323861226906,13.905553678267216,109.58570688689835,324.29283823226024,4
WF-5-BJ57,green,497085.72111368267,5405340.216488899,158.59049108891577,0.30148093341670296,14.390302748769594,108.06517927178028,323.79459582239167,4
WF-5-BJ58,green,497110.84714970016,5405340.216488899,157.60707348210877,0.2967888678957195,14.870421876615788,106.55164027133029,323.31768198440216,4
WF-5-BJ59,green,497135.97318571765,5405340.216488899,156.874882523864,0.2932954507287129,15.16701809224656,105.31511785866091,323.6861958148083,4
WF-5-BJ60,green,497161.09922173514,5405340.216488899,156.1426915656192,0.28980203356170625,15.46361430787734,104.07859544599152,324.0547096452145,4
WF-5-BJ61,green,497186.22525775264,5405340.216488899,155.47905058062898,0.286635680872441,15.708563664350716,102.91947221084456,324.6515836452402,4
WF-5-BJ62,green,497211.3512937701,5405340.216488899,154.9491144365267,0.2841072584679059,15.852777239931491,101.91131394656831,325.69386788678844,4
WF-5-BJ63,green,497236.47732978757,5405340.216488899,154.41917829242325,0.2815788360633651,15.996990815512595,100.90315568228978,326.7361521283391,4
WF-5-BJ64,green,497261.60336580506,5405340.216488899,153.97783119986693,0.2794730882493784,16.06673703376154,99.99677064290809,328.0943801549764,4
WF-5-BJ65,green,497286.72940182255,5405340.216488899,153.58350780475337,0.27759169910856696,16.096955450105025,99.14440755377579,329.62031338557927,4
WF-5-BJ66,green,497311.85543784004,5405340.216488899,153.1891844096398,0.27571030996775553,16.127173866448505,98.29204446464351,331.14624661618217,4
WF-5-BJ67,green,497336.9814738575,5405340.216488899,152.8695601326305,0.2741853240010167,16.07600394226741,97.52694669769487,333.00115271689884,4
WF-5-BJ68,green,497362.107509875,5405340.216488899,152.55243941622476,0.2726722829804597,16.022106266431816,96.76477365098592,334.8670844299486,4
WF-5-BJ69,green,497387.23354589246,5405340.216488899,152.24477587237573,0.2712043638623094,15.95024111912397,96.01366092020366,336.8030899126149,4
WF-5-BJ70,green,497412.35958190996,5405340.216488899,151.96120395887402,0.2698513903250746,15.83260481998516,95.29072373990786,338.91760449454046,4
WF-5-BJ71,green,497437.48561792745,5405340.216488899,151.67763204537232,0.2684984167878398,15.714968520846353,94.56778655961206,341.03211907646596,4
WF-5-BJ72,green,497462.61165394494,5405340.216488899,151.4000853367693,0.2671741906067296,15.56784577871684,93.85287288121654,343.2538748509737,4
WF-5-BJ73,green,497487.7376899624,5405340.216488899,151.1266191919624,0.2658694335428705,15.400753373522763,93.14339311119882,345.5482596124049,4
WF-5-BJ74,green,497512.86372597987,5405340.216488899,150.8531530471548,0.2645646764790082,15.233660968328296,92.43391334117942,347.8426443738413,4
WF-5-BJ75,green,497537.98976199736,5405340.216488899,150.589800319434,0.26330817238040083,15.03537606167817,91.74921958520454,350.19762442546244,4
WF-5-BJ76,green,497563.11579801486,5405340.216488899,150.32744127976613,0.262056409349494,14.834026353510156,91.06696116496495,352.55855823291154,4
WF-5-BJ77,green,497588.24183403235,5405340.216488899,150.07282803399283,0.26084160291994724,14.63013148309004,90.40408014326471,354.88479312367446,4
WF-5-BJ78,green,497613.3678700498,5405340.216488899,149.84491660279258,0.25975419573832803,14.417462760507926,89.80799817531533,357.09141160689114,4
WF-5-BJ79,green,497638.4939060673,5405340.216488899,149.61700517159179,0.2586667885567063,14.204794037925312,89.21191620736455,359.29803009011306,4
WF-5-BJ80,green,497663.61994208477,5405340.216488899,149.42532723582036,0.25775225801816276,14.001705727287451,88.70662383256428,361.26181778839526,4
WF-5-BJ81,green,497688.74597810226,5405340.216488899,149.264617085334,0.2569854804551523,13.80680553475776,88.27892685929756,363.01806460442185,4
WF-5-BJ82,green,497713.87201411976,5405340.216488899,149.10390693484766,0.2562187028921418,13.611905342228066,87.85122988603081,364.7743114204485,4
WF-5-BJ83,green,497738.9980501372,5405340.216488899,149.01832015676757,0.25581035269818353,13.452801283636667,87.61229002457038,365.96551197337726,4
WF-5-BJ84,green,497764.1240861547,5405340.216488899,148.9456280114861,0.2554635251590377,13.299841491309365,87.4057495824506,367.0597245471537,4
WF-5-BJ85,green,497789.2501221722,5405340.216488899,148.8868993962494,0.25518332017924084,13.156873293882395,87.23348731719685,368.0401860262746,4
WF-5-BJ86,green,497814.37615818967,5405340.216488899,148.8974119217939,0.25523347736404656,13.063450549998029,87.23120070011377,368.4565884505705,4
WF-5-BJ87,green,497839.50219420716,5405340.216488899,148.9079244473384,0.2552836345488523,12.970027806113672,87.22891408303072,368.87299087486633,4
WF-5-BJ88,green,497864.6282302246,5405340.216488899,148.95014662619997,0.2554850842974493,12.918751176044491,87.2981892159623,368.98742772649905,4
WF-5-BJ89,green,497889.7542662421,5405340.216488899,149.0264273183847,0.2558490334511347,12.912742589889886,87.44432696205213,368.77753121577246,4
WF-5-BJ90,green,497914.8803022596,5405340.216488899,149.10270801056944,0.25621298260482017,12.906734003735277,87.59046470814197,368.5676347050459,4
WF-5-BJ91,green,497940.0063382771,5405340.216488899,149.22720849628138,0.2568069972251719,12.996974952080706,87.82922477707332,367.8528534270011,4
WF-5-BJ92,green,497965.13237429457,5405340.216488899,149.36403150526158,0.2574598048609815,13.111812379209557,88.09165439423134,367.0090493175013,4
WF-5-BJ93,green,497990.25841031206,5405340.216488899,149.50854099025514,0.2581492860816756,13.240308832172968,88.36629940777497,366.10260224337526,4
WF-5-BJ94,green,498015.3844463295,5405340.216488899,149.71474547786008,0.259133125459643,13.478438572623865,88.73899051039781,364.69335546500116,4
WF-5-BJ95,green,498040.510482347,5405340.216488899,149.92094996546552,0.2601169648376128,13.716568313075312,89.1116816130215,363.28410868662377,4
WF-5-BJ96,green,498065.6365183645,5405340.216488899,150.16095705515232,0.26126208262126466,13.991756248259476,89.52690818744074,361.73563687787976,4
WF-5-BJ97,green,498090.762554382,5405340.216488899,150.44667703598788,0.2626253049811808,14.317059769749955,89.99965753444032,359.9988843372849,4
WF-5-BJ98,green,498115.88859039947,5405340.216488899,150.73239701682346,0.26398852734109707,14.642363291240427,90.4724068814399,358.2621317966902,4
WF-5-BJ99,green,498141.0146264169,5405340.216488899,151.08388651093472,0.2656655480949374,14.998527272743878,91.00815523109952,356.49745386333683,4
WF-5-BJ100,green,498166.1406624344,5405340.216488899,151.45855290199066,0.26745315006909026,15.365566349193314,91.56610416153869,354.7229351402589,4
WF-5-BJ101,green,498191.2666984519,5405340.216488899,151.83879060735714,0.2692673338042388,15.73309519775761,92.12841200689026,352.95838403048793,4
WF-5-BJ102,green,498216.3927344694,5405340.216488899,152.317109471073,0.271549480710032,16.10924632352166,92.7674571174404,351.369309478785,4
WF-5-BJ103,green,498241.5187704869,5405340.216488899,152.79542833478888,0.2738316276158253,16.485397449285717,93.40650222799054,349.78023492708195,4
WF-5-BJ104,green,498266.64480650437,5405340.216488899,153.32070506899964,0.2763378191223689,16.858316964167948,94.08030590825975,348.3115085193668,4
WF-5-BJ105,green,498291.7708425218,5405340.216488899,153.92660210491374,0.27922866485443687,17.225688240989577,94.8137853435826,347.0494035699029,4
WF-5-BJ106,green,498316.8968785393,5405340.216488899,154.53249914082932,0.28211951058651197,17.593059517812076,95.54726477890716,345.7872986204361,4
WF-5-BJ107,green,498342.0229145568,5405340.216488899,155.2485857075175,0.28553609075178493,17.94748362800822,96.36512405986647,344.8147164602702,4
WF-5-BJ108,green,498367.1489505743,5405340.216488899,156.01595797640027,0.2891973643955162,18.295881716247447,97.22225639702361,343.9768873882291,4
WF-5-BJ109,green,498392.2749865918,5405340.216488899,156.783330245283,0.2928586380392471,18.644279804486658,98.07938873418072,343.1390583161879,4
WF-5-BJ110,green,498417.4010226092,5405340.216488899,157.7546628159482,0.29749304363935025,18.96363331526741,99.10148340866319,342.8161025726067,4
WF-5-BJ111,green,498442.5270586267,5405340.216488899,158.72666777329857,0.3021306573194801,19.282891076106772,100.124121907009,342.49484418859134,4
WF-5-BJ112,green,498467.6530946442,5405340.216488899,159.77757610333214,0.30714473344231324,19.587911257226352,101.21391993684526,342.36871475847414,4
WF-5-BJ113,green,498492.7791306617,5405340.216488899,161.00326062439365,0.31299269878386166,19.861394257256457,102.45248077245233,342.674808871684,4
WF-5-BJ114,green,498517.9051666792,5405340.216488899,162.2289451454552,0.3188406641254103,20.134877257286576,103.69104160805945,342.9809029848939,4
WF-5-BJ115,green,498543.0312026966,5405340.216488899,163.6392990226988,0.32556972078861746,20.36216215183035,105.09400066742602,343.7586899740167,4
WF-5-BJ116,green,498568.1572387141,5405340.216488899,165.16028583614946,0.3328266274535628,20.56177038056219,106.59544849925526,344.8190618430955,4
WF-5-BJ117,green,498593.2832747316,5405340.216488899,166.68127264960012,0.34008353411850806,20.761378609294027,108.09689633108447,345.87943371217415,4
WF-5-BJ118,green,498618.4093107491,5405340.216488899,168.47390329634788,0.34863650326533174,20.85486502829548,109.85060885616123,347.72789677245265,4
WF-5-BJ119,green,498643.5353467666,5405340.216488899,170.2839718097526,0.3572726716678268,20.941539078523373,111.62051522605947,349.62695044963897,4
WF-5-BJ120,green,498668.661382784,5405340.216488899,172.1307279769732,0.3660838835862441,20.991727172410336,113.42671994919229,351.70457022445555,4
WF-5-BJ121,green,498693.7874188015,5405340.216488899,174.08523617129194,0.37540920016138485,20.93475562683218,115.33953331950045,354.30664051564924,4
WF-5-BJ122,green,498718.913454819,5405340.216488899,176.03974436561072,0.3847345167365257,20.877784081254028,117.25234668980865,356.908710806843,4
WF-5-BJ123,green,498744.0394908365,5405340.216488899,177.85069090922502,0.39337487438196733,20.757795730244162,119.03157536908864,359.53774285974134,4
WF-5-BJ124,green,498769.165526854,5405340.216488899,179.55259258266184,0.401494958979562,20.589941815320923,120.70933735988054,362.1872542104915,4
WF-5-BJ125,green,498794.2915628715,5405340.216488899,181.25449425609864,0.4096150435771565,20.422087900397695,122.38709935067237,364.8367655612415,4
WF-5-BJ126,green,498819.4175988889,5405340.216488899,182.22232253557723,0.4142327295621761,20.289856822474935,123.34679556217245,366.4545862819174,4
WF-5-BJ127,green,498844.5436349064,5405340.216488899,183.092547432732,0.41838473193347653,20.16236220470407,124.21101678524948,367.93523203366595,4
WF-5-BJ128,green,498869.6696709239,5405365.883155566,184.60879062281614,0.4256190059025167,19.871118519345995,125.73174189143063,370.70367957254825,4
WF-5-BJ129,green,498869.6696709239,5405391.549822232,185.4763531108636,0.4297583054323298,19.66235502020698,126.61103037691919,372.40245878176404,4
WF-5-BJ130,green,498869.6696709239,5405417.216488899,185.14314985615405,0.4281685316759108,19.69936419194834,126.28613694471969,371.8520796820561,4
WF-5-BJ131,green,498869.6696709239,5405442.883155566,184.61093599738203,0.42562924187750895,19.777106843961946,125.76166672388692,370.9289331575682,4
WF-5-BJ132,green,498869.6696709239,5405468.549822232,183.50179797673744,0.42033734123564903,19.909296996126862,124.67793880639906,369.07371620060496,4
WF-5-BJ133,green,498869.6696709239,5405494.216488899,182.00360555069582,0.4131891907679628,20.078204348224837,123.21707003571842,366.5899485053264,4
WF-5-BJ134,green,498869.6696709239,5405519.883155566,180.3944449602896,0.4055115908635998,20.238205580182335,121.65514675815658,363.9692678249699,4
WF-5-BJ135,green,498869.6696709239,5405545.549822232,178.56663721514911,0.3967907853374453,20.38065855547768,119.8941097930901,361.0788193711055,4
WF-5-BJ136,green,498869.6696709239,5405571.216488899,176.74433135382856,0.38809623030669904,20.518665497212275,118.13989782767851,358.2050679755068,4
WF-5-BJ137,green,498869.6696709239,5405596.883155566,174.98884451104536,0.37972048105170364,20.602676461314296,116.46857379522913,355.53409822267884,4
WF-5-BJ138,green,498869.6696709239,5405622.549822232,173.23335766832588,0.3713447317970123,20.686687425413275,114.7972497628404,352.8631284699478,4
WF-5-BJ139,green,498844.5436349064,5405648.216488899,171.30273985688825,0.3621334006142661,20.67273854805343,112.96230793553013,350.3064973054238,4
WF-5-BJ140,green,498819.4175988889,5405648.216488899,170.87118422002635,0.3600743696287621,20.618782804010266,112.53844921511791,349.9859968569385,4
WF-5-BJ141,green,498794.2915628715,5405648.216488899,170.40380916852547,0.35784443765547225,20.564277165426823,112.079365306616,349.6245100558855,4
WF-5-BJ142,green,498769.165526854,5405648.216488899,169.66703690303626,0.3543291622325082,20.505635779270037,111.35535335199137,348.95476558774146,4
WF-5-BJ143,green,498744.0394908365,5405648.216488899,168.93026463754705,0.3508138868095442,20.44699439311325,110.63134139736673,348.2850211195974,4
WF-5-BJ144,green,498718.913454819,5405648.216488899,168.11235537402456,0.3469114919082294,20.3782732021592,109.82465759841364,347.5683438700583,4
WF-5-BJ145,green,498693.7874188015,5405648.216488899,167.18762621744423,0.3424994397324235,20.29628157112741,108.90913322384009,346.789877858166,4
WF-5-BJ146,green,498668.661382784,5405648.216488899,166.26289706086388,0.3380873875566175,20.214289940095625,107.99360884926658,346.01141184627375,4
WF-5-BJ147,green,498643.5353467666,5405648.216488899,165.29318060044397,0.3334606927144951,20.106620378258516,107.02323023558115,345.32252946963615,4
WF-5-BJ148,green,498618.4093107491,5405648.216488899,164.30814676109026,0.3287609158520085,19.99020793648083,106.03417472653055,344.6641487316829,4
WF-5-BJ149,green,498593.2832747316,5405648.216488899,163.32521516108645,0.3240711691584982,19.871577794627164,105.04589116188848,344.022420383343,4
WF-5-BJ150,green,498568.1572387141,5405648.216488899,162.37503185344943,0.3195376705659185,19.71840073475954,104.06963280321649,343.64009985346377,4
WF-5-BJ151,green,498543.0312026966,5405648.216488899,161.42484854581235,0.3150041719733385,19.565223674891918,103.09337444454448,343.25777932358454,4
WF-5-BJ152,green,498517.9051666792,5405648.216488899,160.50699881537787,0.3106249427996831,19.39941779094248,102.1383341913253,343.0093099227596,4
WF-5-BJ153,green,498492.7791306617,5405648.216488899,159.6431205430771,0.30650322133798397,19.21253177577076,101.21871136448233,342.98426586591575,4
WF-5-BJ154,green,498467.6530946442,5405648.216488899,158.77924227077634,0.302381499876285,19.025645760599048,100.29908853763939,342.95922180907183,4
WF-5-BJ155,green,498442.5270586267,5405648.216488899,157.98625150377632,0.2985979956858529,18.818647315798287,99.42490919555186,343.20438544650835,4
WF-5-BJ156,green,498417.4010226092,5405648.216488899,157.22526316923825,0.29496718096213664,18.602569038548662,98.5712454865868,343.5715353698244,4
WF-5-BJ157,green,498392.2749865918,5405648.216488899,156.46459610946494,0.2913378990991664,18.386405419657127,97.7177540827437,343.9400413620588,4
WF-5-BJ158,green,498367.1489505743,5405648.216488899,155.80138383170475,0.2881735918506161,18.144354454117167,96.9165293360995,344.71989432628385,4
WF-5-BJ159,green,498342.0229145568,5405648.216488899,155.13817155394457,0.28500928460206576,17.9023034885772,96.11530458945529,345.4997472905089,4
WF-5-BJ160,green,498316.8968785393,5405648.216488899,154.5006443002294,0.2819675253076023,17.652086237163044,95.32173199617631,346.42084556335067,4
WF-5-BJ161,green,498291.7708425218,5405648.216488899,153.91830242228764,0.2791890655484905,17.384323370301914,94.54460038259805,347.64541543966766,4
WF-5-BJ162,green,498266.64480650437,5405648.216488899,153.33596054434724,0.2764106057893852,17.116560503441413,93.7674687690216,348.86998531598175,4
WF-5-BJ163,green,498241.5187704869,5405648.216488899,152.79005628608243,0.27380599658752347,16.830099880413414,92.98034887785722,350.4161209628338,4
WF-5-BJ164,green,498216.3927344694,5405648.216488899,152.26537537962543,0.27130264788432257,16.53274861577203,92.18741124307937,352.1495548892643,4
WF-5-BJ165,green,498191.2666984519,5405648.216488899,151.74069447316842,0.26879929918112166,16.23539735113065,91.39447360830152,353.8829888156947,4
WF-5-BJ166,green,498166.1406624344,5405648.216488899,151.24506125658672,0.26643454232657665,15.901620326747322,90.53837055346585,356.20368933217276,4
WF-5-BJ167,green,498141.0146264169,5405648.216488899,150.75107803897544,0.26407765791932686,15.565774206118222,89.67867950665882,358.55774841427433,4
WF-5-BJ168,green,498115.88859039947,5405648.216488899,150.25768910720242,0.2617236089586585,15.216407580578748,88.78618465513037,361.1145408897732,4
WF-5-BJ169,green,498090.762554382,5405648.216488899,149.76598659144648,0.25937760619768485,14.82867356576214,87.80060183433854,364.24663370170117,4
WF-5-BJ170,green,498065.6365183645,5405648.216488899,149.27428407569047,0.257031603436711,14.440939550945526,86.81501901354667,367.3787265136292,4
WF-5-BJ171,green,498040.510482347,5405648.216488899,148.77070394818466,0.25462893041462203,14.016682880503062,85.72857337791145,371.0376554469559,4
WF-5-BJ172,green,498015.3844463295,5405648.216488899,148.25834086747744,0.252184352314158,13.565419368794352,84.56754428213445,375.08615570964287,4
WF-5-BJ173,green,497990.25841031206,5405648.216488899,147.74597778677142,0.24973977421369958,13.114155857086692,83.40651518636015,379.1346559723204,4
WF-5-BJ174,green,497965.13237429457,5405648.216488899,147.21761947100686,0.24721887991715247,12.616378803629622,82.10549158405303,383.9016048403834,4
WF-5-BJ175,green,497940.0063382771,5405648.216488899,146.6872683359637,0.2446884775148302,12.112806706687529,80.78702630298932,388.7580640048765,4
WF-5-BJ176,green,497914.8803022596,5405648.216488899,146.1667240927842,0.24220486558978127,11.61404840534355,79.4772979949459,393.61252861519984,4
WF-5-BJ177,green,497889.7542662421,5405648.216488899,145.68455561814812,0.23990435148520814,11.13412717371087,78.20175871019909,398.4591882501835,4
WF-5-BJ178,green,497864.6282302246,5405648.216488899,145.202387143512,0.23760383738063473,10.654205942078182,76.92621942545225,403.30584788516734,4
WF-5-BJ179,green,497839.50219420716,5405648.216488899,144.82181283259624,0.23578804763875927,10.271566663218199,75.9054041890931,407.20934572345584,4
WF-5-BJ180,green,497814.37615818967,5405648.216488899,144.53582620024457,0.23442355303562087,9.979500245455537,75.12174584766862,410.23472732363916,4
WF-5-BJ181,green,497789.2501221722,5405648.216488899,144.24983956789288,0.23305905843248237,9.687433827692857,74.33808750624411,413.2601089238226,4
WF-5-BJ182,green,497764.1240861547,5405648.216488899,144.2411580034408,0.23301763709840026,9.681277738424777,74.32657549200574,413.2861309727168,4
WF-5-BJ183,green,497738.9980501372,5405648.216488899,144.28839922713877,0.23324303362918028,9.732779819097189,74.47077853845175,412.7072865110815,4
WF-5-BJ184,green,497713.87201411976,5405648.216488899,144.38058624694747,0.23368287478530017,9.831507860102853,74.74489033646785,411.61741003353654,4
WF-5-BJ185,green,497688.74597810226,5405648.216488899,144.73462483182254,0.2353720577180561,10.205371568848344,75.77584288173958,407.55029108296276,4
WF-5-BJ186,green,497663.61994208477,5405648.216488899,145.08866341669764,0.2370612406508122,10.57923527759383,76.80679542701127,403.48317213238886,4
WF-5-BJ187,green,497638.4939060673,5405648.216488899,145.5097022089085,0.23907009384426203,11.021558623496723,78.03329634134644,398.6529463907967,4
WF-5-BJ188,green,497613.3678700498,5405648.216488899,146.0091338110642,0.241452973492078,11.543982368159291,79.48859634064864,392.92985646243943,4
WF-5-BJ189,green,497588.24183403235,5405648.216488899,146.50856541321872,0.24383585313988831,12.066406112820635,80.94389633994743,387.20676653409544,4
WF-5-BJ190,green,497563.11579801486,5405648.216488899,147.01253628802453,0.24624039048891333,12.583467918354504,82.40079517850897,381.52226873054644,4
WF-5-BJ191,green,497537.98976199736,5405648.216488899,147.51782393739944,0.24865121041058272,13.098974306174934,83.85815781623806,375.84896592065303,4
WF-5-BJ192,green,497512.86372597987,5405648.216488899,148.0183989221578,0.25103954534621337,13.60780667793183,85.29857285763549,370.25078277478366,4
WF-5-BJ193,green,497487.7376899624,5405648.216488899,148.47101001853537,0.2531990357855019,14.048713197211114,86.56650106092572,365.4171418727591,4
WF-5-BJ194,green,497462.61165394494,5405648.216488899,148.92362111491192,0.2553585262247856,14.489619716489374,87.83442926421299,360.5835009707457,4
WF-5-BJ195,green,497437.48561792745,5405648.216488899,149.35223333464742,0.2574035136280748,14.897099586691414,89.01068947475143,356.15466112541856,4
WF-5-BJ196,green,497412.35958190996,5405648.216488899,149.7454097282677,0.25927943021468147,15.255222941504057,90.05159622271236,352.32353508437836,4
WF-5-BJ197,green,497387.23354589246,5405648.216488899,150.13858612188795,0.26115534680128805,15.6133462963167,91.09250297067328,348.49240904333817,4
WF-5-BJ198,green,497362.107509875,5405648.216488899,150.49669593010248,0.2628639542862658,15.923436575959734,91.98236052265162,345.3274921519323,4
WF-5-BJ199,green,497336.9814738575,5405648.216488899,150.84104034575637,0.2645068845621215,16.214671465836254,92.8129236935371,342.42409574694153,4
WF-5-BJ200,green,497311.85543784004,5405648.216488899,151.18413224726115,0.26614383886356624,16.50449267135919,93.63728427361565,339.547042525004,4
WF-5-BJ201,green,497286.72940182255,5405648.216488899,151.48985269383707,0.26760248710873646,16.752133562071272,94.2765772095193,337.4559948578008,4
WF-5-BJ202,green,497261.60336580506,5405648.216488899,151.79557314041296,0.2690611353539065,16.999774452783356,94.91587014542296,335.3649471905976,4
WF-5-BJ203,green,497236.47732978757,5405648.216488899,152.08870308301636,0.2704597119985966,17.241575771534762,95.48915088930752,333.52425430309404,4
WF-5-BJ204,green,497211.3512937701,5405648.216488899,152.35811347853863,0.2717451183397835,17.472375783082132,95.93806970932093,332.15521068372567,4
WF-5-BJ205,green,497186.22525775264,5405648.216488899,152.62752387406027,0.2730305246809674,17.70317579462896,96.38698852933331,330.7861670643605,4
WF-5-BJ206,green,497161.09922173514,5405648.216488899,152.8668897153812,0.27417258295121716,17.943911037965172,96.69302156137573,329.85934871453077,4
WF-5-BJ207,green,497135.97318571765,5405648.216488899,153.09085182581794,0.2752411472001315,18.189740037584894,96.92579758283497,329.15925761106195,4
WF-5-BJ208,green,497110.84714970016,5405648.216488899,153.3148139362546,0.27630971144904554,18.43556903720461,97.15857360429422,328.45916650759307,4
WF-5-BJ209,green,497085.72111368267,5405648.216488899,153.47281910462377,0.277063583046941,18.735240118437307,97.12509442140082,328.3954086838704,4
WF-5-BJ210,green,497060.5950776652,5405648.216488899,153.62916030168893,0.2778095155329786,19.03626953551673,97.0848981135818,328.34770436845287,4
WF-5-BJ211,green,497035.46904164774,5405648.216488899,153.75625423437918,0.2784159039638695,19.367513837989552,96.94062692150601,328.49504499550807,4
WF-5-BJ212,green,497010.34300563025,5405648.216488899,153.81164325848306,0.2786801751427052,19.772835345339203,96.54119750450229,329.1205732435038,4
WF-5-BJ213,green,496985.21696961275,5405648.216488899,153.86703228258696,0.2789444463215411,20.178156852688858,96.14176808749858,329.74610149149953,4
WF-5-BJ214,green,496960.09093359526,5405648.216488899,153.8407646385722,0.27881911858086816,20.67497372523857,95.46996616400818,330.80696766553086,4
WF-5-BJ215,green,496934.96489757777,5405648.216488899,153.76096844385177,0.2784383963206993,21.231768728273988,94.61961537414562,332.1532117368584,4
WF-5-BJ216,green,496909.83886156033,5405648.216488899,153.68117224913152,0.2780576740605313,21.788563731308123,93.76926458428503,333.49945580818274,4
WF-5-BJ217,green,496884.71282554284,5405648.216488899,153.46991247574465,0.277049714988192,22.4891484740517,92.49611147766615,335.4881698848952,4
WF-5-BJ218,green,496859.58678952535,5405648.216488899,153.24696542078337,0.2759859937548646,23.202516309972264,91.18537070017787,337.534000373105,4
WF-5-BJ219,green,496834.46075350785,5405648.216488899,153.00608971319753,0.2748367316361238,23.924884126249694,89.82940952520022,339.65025532972163,4
WF-5-BJ220,green,496809.33471749036,5405648.216488899,152.70608926503357,0.2734053745510295,24.67693189198844,88.32432145673057,341.99875464468954,4
WF-5-BJ221,green,496784.2086814729,5405648.216488899,152.40608881687027,0.2719740174659383,25.42897965772545,86.81923338826444,344.3472539596521,4
WF-5-BJ222,green,496759.08264545543,5405648.216488899,152.15869693811632,0.2707936655010782,26.042684875775016,85.5982774962136,346.21606344517164,4
WF-5-BJ223,green,496733.95660943794,5405648.216488899,151.95487308408747,0.26982118456192977,26.54182108718083,84.61262695129986,347.6876156286174,4
WF-5-BJ224,green,496708.83057342045,5405648.216488899,151.75104923005858,0.26884870362278124,27.040957298586626,83.62697640638612,349.1591678120632,4
WF-5-BJ225,green,496683.70453740295,5405648.216488899,151.8161469269202,0.26915929665754657,27.05527645040434,83.85775295188154,348.4263340617341,4
WF-5-BJ226,green,496658.5785013855,5405648.216488899,151.92454292096073,0.2696764737984986,26.991536580719163,84.28438297763056,347.33857837621065,4
WF-5-BJ227,green,496633.452465368,5405648.216488899,152.11076204318897,0.27056495933781266,26.82081481068188,85.03078026894309,345.6357481731201,4
WF-5-BJ228,green,496608.32642935053,5405648.216488899,152.66223480735022,0.273196136901212,26.14798615244097,87.27796737734394,341.0461385147046,4
WF-5-BJ229,green,496583.20039333304,5405648.216488899,153.21370757151146,0.2758273144646113,25.475157494200058,89.52515448574482,336.45652885628897,4
WF-5-BJ230,green,496558.07435731555,5405648.216488899,154.00226225880738,0.2795896533062801,24.60640176376163,92.56918853470597,330.31566940284466,4
WF-5-BJ231,green,496532.94832129806,5405648.216488899,155.037611282327,0.2845294931279538,23.53369251762747,96.44271354260323,322.5600109026436,4
WF-5-BJ232,green,496507.8222852806,5405648.216488899,156.07296030584413,0.2894693329496157,22.460983271495806,100.31623855049145,314.80435240246067,4
WF-5-BJ233,green,496482.6962492631,5405648.216488899,157.52230161516354,0.29638440579204156,21.248481238911797,105.21780740453212,305.2384558732835,4
WF-5-BJ234,green,496457.57021324564,5405648.216488899,159.0723837241355,0.3037801314408991,20.00196205775844,110.36954024155207,295.2320563858249,4
WF-5-BJ235,green,496432.44417722814,5405648.216488899,160.6805203685187,0.31145284591124434,18.753473995747076,115.62432714521847,285.09288753238997,4
WF-5-BJ236,green,496407.31814121065,5405648.216488899,162.72007313380274,0.32118392571089016,17.490354743661282,121.64493166090665,273.9670800909756,4
WF-5-BJ237,green,496382.1921051932,5405648.216488899,164.75962589908207,0.3309150055105135,16.227235491578423,127.66553617658086,262.8412726495871,4
WF-5-BJ238,green,496357.0660691757,5405648.216488899,166.88646433379546,0.3410625412259072,15.029388993468913,133.67713532901422,252.00637238178777,4
WF-5-BJ239,green,496331.94003315823,5405648.216488899,169.1276340699095,0.3517555725207556,13.917040137262129,139.67693878912786,241.55251743292354,4
WF-5-BJ240,green,496306.81399714074,5405648.216488899,171.3688038060235,0.36244860381560384,12.804691281055355,145.67674224924144,231.09866248405942,4
WF-5-BJ241,green,496281.68796112324,5405648.216488899,173.25153410381074,0.3714314548998351,11.970332485119755,150.47269633868652,223.05329490489618,4
WF-5-BJ242,green,496256.56192510575,5405648.216488899,175.01302551119056,0.37983585303229345,11.230001306817153,154.86145929258333,215.8225763432238,4
WF-5-BJ243,green,496231.4358890883,5405648.216488899,176.7012043521949,0.38789046348293266,10.521489553744114,159.06498124376023,208.9007713198477,4
WF-5-BJ244,green,496206.3098530708,5405648.216488899,177.27199633448924,0.390613816574477,10.297950696329732,160.4451691832267,206.68724408888306,4
WF-5-BJ245,green,496181.18381705333,5405648.216488899,177.84278831678364,0.3933371696660217,10.074411838915346,161.8253571226932,204.47371685791848,4
WF-5-BJ246,green,496156.05778103584,5405648.216488899,177.9298411342741,0.393752514602521,10.012431918065777,162.1124131195862,203.89258957392485,4
WF-5-BJ247,green,496130.93174501834,5405648.216488899,177.21372458591773,0.3903357913892177,10.218694054235236,160.58450321546587,206.02179406707543,4
WF-5-BJ248,green,496105.8057090009,5405648.216488899,176.49760803756305,0.3869190681759226,10.424956190404213,159.0565933113491,208.15099856022113,4
WF-5-BJ249,green,496080.6796729834,5405648.216488899,175.24698347939818,0.3809521093494348,10.768169850003265,156.43976832836864,211.69917314157775,4
WF-5-BJ250,green,496055.5536369659,5405648.216488899,173.7564576346836,0.3738405375454408,11.172850963901979,153.33420954988236,215.88421890819166,4
WF-5-BJ251,green,496030.42760094843,5405648.216488899,172.26500642325774,0.36672455064738063,11.577591809552178,150.22729131520546,220.06999710662058,4
WF-5-BJ252,green,496005.30156493094,5405648.216488899,170.5704416768312,0.3586394718723548,11.99544348688243,146.82197899612964,224.41654055980496,4
WF-5-BJ253,green,495980.1755289135,5405648.216488899,168.87587693040868,0.35055439309734815,12.413295164211712,143.41666667706176,228.76308401297928,4
WF-5-BJ254,green,495955.049492896,5405648.216488899,167.2208014936818,0.34265772505160624,12.809550932975469,140.12627200393771,232.89110114762724,4
WF-5-BJ255,green,495929.9234568785,5405648.216488899,165.65008333673367,0.335163541038237,13.159673403515585,137.08136503583557,236.55230116311066,4
WF-5-BJ256,green,495904.797420861,5405648.216488899,164.07936517978553,0.32766935702486755,13.509795874055705,134.0364580677334,240.21350117859413,4
WF-5-BJ257,green,495879.67138484353,5405648.216488899,162.66052834194232,0.32089982660293387,13.808111353846725,131.34067824744443,243.33894533123583,4
WF-5-BJ258,green,495854.5453488261,5405648.216488899,161.32968159894872,0.31455011303944785,14.076413254241114,128.84715984436917,246.1540076050208,4
WF-5-BJ259,green,495829.4193128086,5405648.216488899,159.998834855952,0.3082003994759469,14.344715154636125,126.35364144128812,248.96906987881232,4
WF-5-BJ260,green,495804.2932767911,5405648.216488899,158.903345150348,0.3029736174449175,14.546677010921925,124.36048554986704,251.08606983359323,4
WF-5-BJ261,green,495779.1672407736,5405648.216488899,157.82089647158097,0.2978090565414705,14.744962995412365,122.39505451857777,253.16439047146514,4
WF-5-BJ262,green,495754.0412047561,5405648.216488899,156.79539708087404,0.2929162111219662,14.929389064035469,120.54452552571546,255.09354297235743,4
WF-5-BJ263,green,495728.91516873863,5405648.216488899,155.93046079000308,0.28878944165988624,15.074738418428598,119.01795189903495,256.6021301020909,4
WF-5-BJ264,green,495703.7891327212,5405648.216488899,155.06552449913414,0.2846626721978159,15.220087772821389,117.49137827235802,258.1107172318209,4
WF-5-BJ265,green,495678.6630967037,5405648.216488899,154.30320555258976,0.2810255088805078,15.34366763421729,116.16332130204842,259.3771298543553,4
WF-5-BJ266,green,495653.5370606862,5405622.549822232,153.30850015398855,0.2762795872374466,15.390379384164179,114.65680612373065,260.4370716484813,4
WF-5-BJ267,green,495653.5370606862,5405596.883155566,152.8741528168518,0.27420723653861445,15.343319490415075,114.11207505727576,260.6455987732581,4
WF-5-BJ268,green,495653.5370606862,5405571.216488899,152.43980547969934,0.2721348858397074,15.296259596664266,113.56734399080112,260.85412589804235,4
WF-5-BJ269,green,495653.5370606862,5405545.549822232,151.8615192966729,0.26937577654386174,15.259637558893914,112.77995316946613,261.31634012835275,4
WF-5-BJ270,green,495653.5370606862,5405519.883155566,151.27138117638935,0.26656011948460817,15.223874975107915,111.97258172251924,261.7994429773143,4
WF-5-BJ271,green,495653.5370606862,5405494.216488899,150.58852153620026,0.26330207107137577,15.189594218077792,111.01621324329278,262.43320040118766,4
WF-5-BJ272,green,495653.5370606862,5405468.549822232,149.85860371742191,0.25981949946910277,15.156065520205722,109.98422554469128,263.1434182832106,4
WF-5-BJ273,green,495653.5370606862,5405442.883155566,149.08395699736192,0.2561235180864452,15.11930986914558,108.88516459638615,263.9200202033723,4
WF-5-BJ274,green,495653.5370606862,5405417.216488899,148.24298232019083,0.25211107387204235,15.077769007484516,107.68664152176198,264.79506222617124,4
WF-5-BJ275,green,495653.5370606862,5405391.549822232,147.39117013484656,0.2480469219211898,15.033848391101156,106.47345462293436,265.6853421260937,4
WF-5-BJ276,green,495653.5370606862,5405365.883155566,146.47396792364785,0.24367078218040536,14.975569102928368,105.17179094250343,266.6675624576426,4
WF-1-ZX1,red,496381.86411087646,5404142.216488899,278.391994288997,0.8730758475571854,21.663154948125403,96.78096395638327,221.46297420774331,22.22497277762659
WF-1-ZX2,red,496406.86411087646,5404142.216488899,278.91936097025905,0.875592010583897,22.6474141316408,96.70543129293206,223.7485888938532,21.728728901831783
WF-1-ZX3,red,496431.86411087646,5404142.216488899,279.4467276515212,0.8781081736106093,23.631673315156206,96.62989862948085,226.0342035799631,21.232485026036976
WF-1-ZX4,red,496456.86411087646,5404142.216488899,279.5513532354111,0.8786073614341592,24.697243663919796,96.10607593967265,228.31862855517932,20.609914704692258
WF-1-ZX5,red,496481.86411087646,5404142.216488899,279.58578062828184,0.8787716208311315,25.77631612247486,95.50781253639266,230.60285597318358,19.966367269907145
WF-1-ZX6,red,496506.86411087646,5404142.216488899,279.5463993897505,0.8785837257291854,26.848059936421144,94.83559591007989,232.88504070964933,19.312640261690223
WF-1-ZX7,red,496531.86411087646,5404142.216488899,279.1147877219231,0.8765244274096827,27.88085820475223,93.77038047228703,235.15637032197068,18.604817433223516
WF-1-ZX8,red,496556.86411087646,5404142.216488899,278.6831760540958,0.8744651290901803,28.913656473083304,92.70516503449417,237.42769993429204,17.89699460475682
WF-1-ZX9,red,496581.86411087646,5404142.216488899,278.242459194388,0.8723623882325451,29.74745097628088,91.73828497971837,239.33278911612615,17.304812817449235
WF-1-ZX10,red,496606.86411087646,5404142.216488899,277.7910172498821,0.8702084760309735,30.346837211734268,90.88723502883795,240.80648050590943,16.848845619448824
WF-1-ZX11,red,496631.86411087646,5404142.216488899,277.33957530537623,0.8680545638294022,30.94622344718764,90.03618507795753,242.28017189569266,16.392878421448415
WF-1-ZX12,red,496656.86411087646,5404142.216488899,277.49365485392957,0.8687897055761552,30.993981442285488,90.22148987197049,242.05767629363135,16.40744545121665
WF-1-ZX13,red,496681.86411087646,5404142.216488899,277.8390169371595,0.8704374913304083,30.867481629487393,90.7341762118073,241.2993599968392,16.57065291864291
WF-1-ZX14,red,496706.86411087646,5404142.216488899,278.2476298414531,0.872387058336728,30.71920385230959,91.34110343917527,240.39460479107703,16.7639056078959
WF-1-ZX15,red,496731.86411087646,5404142.216488899,279.6346804471416,0.8790049308232102,30.234039042672343,93.40585897332014,237.22456121311617,17.421932940192303
WF-1-ZX16,red,496756.86411087646,5404142.216488899,281.02173105283003,0.885622803309692,29.748874233035103,95.47061450746502,234.05451763515535,18.07996027248871
WF-1-ZX17,red,496781.86411087646,5404142.216488899,282.61111282867216,0.8932060348671598,29.331111491859367,97.79847333032737,230.42554238883955,18.768417502478034
WF-1-ZX18,red,496806.86411087646,5404142.216488899,284.55786046839665,0.9024943244149386,29.032397132625608,100.59103630130211,225.98598263396724,19.510621303836572
WF-1-ZX19,red,496831.86411087646,5404142.216488899,286.5046081081211,0.9117826139627172,28.73368277339185,103.3835992722768,221.546422879095,20.252825105195104
WF-1-ZX20,red,496856.86411087646,5404142.216488899,288.5441056663466,0.9215134303593752,28.6698063174984,106.25417052043247,216.8009920343703,20.91960418620107
WF-1-ZX21,red,496881.86411087646,5404142.216488899,290.6308990631463,0.9314699038643908,28.725680431168534,109.1645204222477,211.8995887648287,21.547922043133248
WF-1-ZX22,red,496906.86411087646,5404142.216488899,292.71769245994585,0.9414263773694057,28.781554544838666,112.07487032406283,206.99818549528732,22.1762399000654
WF-1-ZX23,red,496931.86411087646,5404142.216488899,294.72975011658775,0.9510262729698238,29.09741236567836,114.84466030071678,202.02877385349717,22.67434112851246
WF-1-ZX24,red,496956.86411087646,5404142.216488899,296.7135530255979,0.960491359994262,29.423241044059612,117.60905954344707,197.05675396444917,23.14
WF-1-ZX25,red,496981.86411087646,5404142.216488899,298.22034034630553,0.9676805182786071,29.771160265236183,120.2619843291126,192.24687224981625,23.14
WF-1-ZX26,red,497006.86411087646,5404142.216488899,299.5979430414798,0.9742533130535838,30.18071395312428,122.6038860323298,187.88936963723933,23.14
WF-1-ZX27,red,497031.86411087646,5404142.216488899,300.97554573665417,0.9808261078285607,30.590267641012378,124.94578773554707,183.53186702466235,23.14
WF-1-ZX28,red,497056.86411087646,5404142.216488899,302.10829363125265,0.9862306555033464,30.910657763736488,126.82039102999016,180.24176897710598,23.14
WF-1-ZX29,red,497081.86411087646,5404142.216488899,303.052239573631,0.9907343944838658,31.162295894952607,128.33467117929382,177.7747222449037,23.14
WF-1-ZX30,red,497106.86411087646,5404142.216488899,303.9961855160093,0.9952381334643847,31.413934026168718,129.84895132859745,175.30767551270145,23.14
WF-1-ZX31,red,497131.86411087646,5404142.216488899,304.41654463769316,0.9972437438252645,31.372549401084587,130.37205488177386,175.46688130429226,23.14
WF-1-ZX32,red,497156.86411087646,5404142.216488899,304.7554745634932,0.9988608405783307,31.285593332109713,130.74100880777956,176.0345267714976,23.14
WF-1-ZX33,red,497181.86411087646,5404142.216488899,304.99423283044825,1,31.149012206307745,130.92011274752957,177.08170661897793,23.14
WF-1-ZX34,red,497206.86411087646,5404142.216488899,304.730414634708,0.9987412750682184,30.763454615417473,130.14671040321264,180.5347834572698,23.14
WF-1-ZX35,red,497231.86411087646,5404142.216488899,304.4665964389677,0.9974825501364367,30.377897024527208,129.37330805889576,183.9878602955617,23.14
WF-1-ZX36,red,497256.86411087646,5404142.216488899,303.9486527601241,0.9950113459801435,29.943584853738137,128.1442228478299,188.25278494082784,23.14
WF-1-ZX37,red,497281.86411087646,5404142.216488899,303.14063752991206,0.9911561573239052,29.45362176413977,126.39499839501757,193.44439332504135,23.14
WF-1-ZX38,red,497306.86411087646,5404142.216488899,302.3326222997,0.9873009686676668,28.963658674541414,124.64577394220527,198.63600170925474,23.14
WF-1-ZX39,red,497331.86411087646,5404142.216488899,301.13096717234856,0.9815676519646386,28.493606911721038,122.26003318449071,204.41509362365736,23.14
WF-1-ZX40,red,497356.86411087646,5404142.216488899,299.81023644398465,0.9752662037597603,28.02957830158482,119.6817470010933,210.37189860767143,23.14
WF-1-ZX41,red,497381.86411087646,5404142.216488899,298.2962087028261,0.968042500103317,27.567118036286256,117.06241811362608,216.33908727460056,22.963495625781775
WF-1-ZX42,red,497406.86411087646,5404142.216488899,296.3926817186228,0.9589604242191552,27.125972697106327,113.88528957396238,222.44739760614414,22.807252037817868
WF-1-ZX43,red,497431.86411087646,5404142.216488899,294.4891547344195,0.9498783483349937,26.684827357926423,110.7081610342988,228.5557079376875,22.65100844985396
WF-1-ZX44,red,497456.86411087646,5404142.216488899,292.48618427820054,0.9403218094321694,26.221957308530463,107.44153088875541,234.5167811844731,22.5081991033507
WF-1-ZX45,red,497481.86411087646,5404142.216488899,290.3133951760691,0.9299550346663803,25.721988183680388,104.02205972499908,240.22641909965955,22.38833127977965
WF-1-ZX46,red,497506.86411087646,5404142.216488899,288.14060607393765,0.9195882599005912,25.222019058830313,100.60258856124278,245.936057014846,22.2684634562086
WF-1-ZX47,red,497531.86411087646,5404142.216488899,285.87742500163995,0.9087902084893007,24.62667209900411,97.26807598442304,251.0454521233617,22.15900035256317
WF-1-ZX48,red,497556.86411087646,5404142.216488899,283.56974268227737,0.8977798334775899,23.984369280256182,93.97538972315533,255.85933919737573,22.054659639891177
WF-1-ZX49,red,497581.86411087646,5404142.216488899,281.2620603629148,0.8867694584658791,23.34206646150826,90.68270346188763,260.67322627138975,21.950318927219186
WF-1-ZX50,red,497606.86411087646,5404142.216488899,279.0513777960437,0.8762218870393991,22.58578618246021,87.85710499733267,264.28437660345077,21.85576322836271
WF-1-ZX51,red,497631.86411087646,5404142.216488899,276.84360438574555,0.8656881957317581,21.826087561929015,85.04551514103753,267.8594551991568,21.761500995587614
WF-1-ZX52,red,497656.86411087646,5404142.216488899,274.80015116818777,0.8559385061599227,21.098790729770947,82.48761668320631,271.0571341615523,21.67402666238896
WF-1-ZX53,red,497681.86411087646,5404142.216488899,273.19724411729464,0.8482907430379505,20.458363827734154,80.609870623235,273.24299614039313,21.604750842034292
WF-1-ZX54,red,497706.86411087646,5404142.216488899,271.5943370664016,0.8406429799159784,19.81793692569738,78.73212456326375,275.42885811923384,21.535475021679623
WF-1-ZX55,red,497731.86411087646,5404142.216488899,270.6423343633398,0.8361008006545938,19.415214459544526,77.59540108637444,276.9204073553044,21.491948405846248
WF-1-ZX56,red,497756.86411087646,5404142.216488899,270.1764866686643,0.8338781559804627,19.19003144662414,77.01214117336045,277.8933802161998,21.46765365531182
WF-1-ZX57,red,497781.86411087646,5404142.216488899,269.7106389739889,0.8316555113063319,18.964848433703754,76.42888126034646,278.86635307709514,21.443358904777394
WF-1-ZX58,red,497806.86411087646,5404142.216488899,270.10175882740793,0.8335216157629705,19.083192358351468,76.74466690945223,279.1984065983169,21.44565925949266
WF-1-ZX59,red,497831.86411087646,5404142.216488899,270.6172910842207,0.835981314583088,19.251408663847638,77.19097374269441,279.43741305421213,21.451820625012804
WF-1-ZX60,red,497856.86411087646,5404142.216488899,271.180356764099,0.8386678040706861,19.440043034742455,77.70186937652123,279.5926813989175,21.454908728460076
WF-1-ZX61,red,497881.86411087646,5404142.216488899,271.96905579565316,0.8424308316052488,19.7255986083098,78.51935743767216,279.35045868423043,21.443408561646926
WF-1-ZX62,red,497906.86411087646,5404142.216488899,272.75775482720746,0.8461938591398119,20.011154181877146,79.33684549882311,279.1082359695434,21.431908394833776
WF-1-ZX63,red,497931.86411087646,5404142.216488899,273.4447889994684,0.8494718250101501,20.26974196748106,80.15956379892157,278.5163001070971,21.39160435454189
WF-1-ZX64,red,497956.86411087646,5404142.216488899,274.0193623185066,0.8522132195518741,20.49849820199666,80.98806774746032,277.53751436108644,21.319437700067944
WF-1-ZX65,red,497981.86411087646,5404142.216488899,274.5939356375448,0.8549546140935983,20.727254436512254,81.81657169599904,276.5587286150759,21.247271045594005
WF-1-ZX66,red,498006.86411087646,5404142.216488899,274.93610030745623,0.8565871444032831,20.90374900446808,82.68708732505587,274.6085563618913,21.1093190036146
WF-1-ZX67,red,498031.86411087646,5404142.216488899,275.2110127631405,0.8578988020812386,21.065120586216008,83.56975989641609,272.3772934792349,20.952330609114973
WF-1-ZX68,red,498056.86411087646,5404142.216488899,275.47308629289046,0.8591492028920342,21.224825627484456,84.4694284465069,270.034031202557,20.78923603190509
WF-1-ZX69,red,498081.86411087646,5404142.216488899,275.5798486710698,0.8596585857525058,21.36437070191996,85.57469558344279,266.3359239061658,20.552275597591905
WF-1-ZX70,red,498106.86411087646,5404142.216488899,275.6866110492491,0.8601679686129773,21.50391577635547,86.67996272037873,262.6378166097745,20.315315163278708
WF-1-ZX71,red,498131.86411087646,5404142.216488899,275.78907574473453,0.8606568464421696,21.63607191888594,87.79292843019135,258.89134274660006,20.081478491692227
WF-1-ZX72,red,498156.86411087646,5404142.216488899,275.88444253565217,0.8611118588686445,21.756024756227234,88.91860883754657,255.06498832924092,19.852800918928494
WF-1-ZX73,red,498181.86411087646,5404142.216488899,275.9798093265698,0.8615668712951196,21.87597759356854,90.04428924490179,251.23863391188172,19.624123346164755
WF-1-ZX74,red,498206.86411087646,5404142.216488899,276.01249676234033,0.8617228290380831,21.927528429111646,90.51756710375332,249.5937104673301,19.526066541513362
WF-1-ZX75,red,498231.86411087646,5404142.216488899,276.01540486473556,0.8617367041272473,21.94658106791522,90.68088464247859,248.98519781580123,19.490068438490432
WF-1-ZX76,red,498256.86411087646,5404142.216488899,276.0183129671308,0.8617505792164115,21.965633706718787,90.84420218120383,248.37668516427232,19.454070335467502
WF-1-ZX77,red,498281.86411087646,5404142.216488899,275.62085710323436,0.8598542444933064,21.863619091124725,89.4287438179229,251.90638392707893,19.65099561231806
WF-1-ZX78,red,498306.86411087646,5404142.216488899,275.21468753231187,0.8579163350780116,21.758969511662542,87.97892424377336,255.52614864215028,19.852990341623453
WF-1-ZX79,red,498331.86411087646,5404142.216488899,274.67053494840746,0.855320083435353,21.653312362452606,86.25472298694021,259.50008347628784,20.076834261113305
WF-1-ZX80,red,498356.86411087646,5404142.216488899,273.7706535270586,0.8510265843553501,21.54505763541576,83.82314859128493,264.387091028511,20.357006759429332
WF-1-ZX81,red,498381.86411087646,5404142.216488899,272.87077210570965,0.8467330852753467,21.436802908378915,81.3915741956297,269.27409858073406,20.63717925774536
WF-1-ZX82,red,498406.86411087646,5404142.216488899,271.770179739118,0.841481957514162,21.397056939805946,78.78825828369173,273.62353543439906,20.903049172107156
WF-1-ZX83,red,498431.86411087646,5404142.216488899,270.5244015618914,0.8355381216587747,21.40686731018173,76.06071182104294,277.5841163761487,21.158573202027732
WF-1-ZX84,red,498456.86411087646,5404142.216488899,269.27862338466474,0.8295942858033872,21.41667768055752,73.3331653583941,281.54469731789834,21.41409723194831
WF-1-ZX85,red,498481.86411087646,5404142.216488899,267.88242773760146,0.8229327806495361,21.61959898771527,70.55007353747337,284.28800091718557,21.650293160948223
WF-1-ZX86,red,498506.86411087646,5404142.216488899,266.46592322034985,0.8161743781563237,21.84859349601995,67.75948216565645,286.8669517484186,21.88387947357171
WF-1-ZX87,red,498531.86411087646,5404142.216488899,265.05771813503924,0.8094555737729929,22.143485685229145,64.97618611053502,289.1949708360619,22.121284442130317
WF-1-ZX88,red,498556.86411087646,5404142.216488899,263.6868585234002,0.8029149514845996,22.73490179616163,62.22571724883041,290.39385664203473,22.375872455950198
WF-1-ZX89,red,498581.86411087646,5404142.216488899,262.3159989117613,0.7963743291962071,23.326317907094086,59.47524838712598,291.59274244800764,22.630460469770057
WF-1-ZX90,red,498606.86411087646,5404142.216488899,261.08691575465343,0.7905101483396006,24.15540482136494,56.820436338970204,292.1281833740685,22.91366192975689
WF-1-ZX91,red,498631.86411087646,5404142.216488899,259.9288578049926,0.7849848417564222,25.239292929196676,54.26817567668989,291.9523608849811,23.14
WF-1-ZX92,red,498656.86411087646,5404142.216488899,258.56144696335593,0.7784606741813733,26.32318103702837,51.71591501440968,291.7765383958938,23.14
WF-1-ZX93,red,498681.86411087646,5404142.216488899,257.54721457692824,0.7736215857029056,27.55629657714642,49.63230590069702,290.919047662284,23.14
WF-1-ZX94,red,498706.86411087646,5404142.216488899,256.6306375371078,0.7692484287692709,28.83067413766311,47.678280935559755,289.8730727566979,23.14
WF-1-ZX95,red,498731.86411087646,5404142.216488899,255.7748929052418,0.7651655143958117,30.03880168663214,45.84380881046224,288.8745499368296,23.14
WF-2-ZX1,red,495806.72694435687,5404480.216488899,264.863340845733,0.8085281641243317,14.250914059749455,104.71344839154462,231.91098962875597,4
WF-2-ZX2,red,495831.72694435687,5404480.216488899,266.09657478768224,0.8144121491356578,14.068096771557421,106.3052331171709,232.33933037573928,4
WF-2-ZX3,red,495856.72694435687,5404480.216488899,267.3354850114082,0.820323216726986,13.623848315073007,108.250790233457,232.14928406219093,4
WF-2-ZX4,red,495881.72694435687,5404480.216488899,268.57439523513426,0.8262342843183148,13.179599858588597,110.19634734974306,231.95923774864264,4
WF-2-ZX5,red,495906.72694435687,5404480.216488899,269.71167047710156,0.8316604327966083,12.6831237478999,112.09382553821906,231.60308641150544,4
WF-2-ZX6,red,495931.72694435687,5404480.216488899,270.7226240230556,0.8364838773266366,12.121734103074381,113.93154662733443,231.0404838315678,4
WF-2-ZX7,red,495956.72694435687,5404480.216488899,271.7335775690095,0.8413073218566647,11.560344458248863,115.76926771644979,230.47788125163012,4
WF-2-ZX8,red,495981.72694435687,5404480.216488899,272.24406974468593,0.843742973526559,11.24969040474004,116.72986255437372,230.14540076363537,4
WF-2-ZX9,red,496006.72694435687,5404480.216488899,272.5847331145138,0.845368340858573,11.024122091282234,117.3928094365013,229.89101093836723,4
WF-2-ZX10,red,496031.72694435687,5404480.216488899,272.8894276621884,0.8468220943521853,10.826854219078303,117.98077399924446,229.66955222301664,4
WF-2-ZX11,red,496056.72694435687,5404480.216488899,272.4715051937261,0.8448281097101135,11.198144870337446,117.06233672137309,230.10968259960958,4
WF-2-ZX12,red,496081.72694435687,5404480.216488899,272.0535827252638,0.8428341250680417,11.569435521596585,116.14389944350171,230.54981297620256,4
WF-2-ZX13,red,496106.72694435687,5404480.216488899,271.5610325094529,0.8404840777748444,12.032248788130259,115.0340949868506,231.0989869440842,4
WF-2-ZX14,red,496131.72694435687,5404480.216488899,270.9287840339727,0.8374675044981803,12.666386401551904,113.56606369389367,231.8522833794436,4
WF-2-ZX15,red,496156.72694435687,5404480.216488899,270.29653555849245,0.8344509312215159,13.300524014973554,112.09803240093672,232.605579814803,4
WF-2-ZX16,red,496181.72694435687,5404480.216488899,269.8083007250895,0.8321214734081755,13.845579018844957,110.90183728480132,233.2647726697938,4
WF-2-ZX17,red,496206.72694435687,5404480.216488899,269.3979602408852,0.830163663801685,14.342450865928253,109.852673392769,233.87306661656768,4
WF-2-ZX18,red,496231.72694435687,5404480.216488899,268.98761975668083,0.8282058541951942,14.83932271301156,108.8035095007367,234.48136056334152,4
WF-2-ZX19,red,496256.72694435687,5404480.216488899,268.83526019676873,0.8274789188292748,15.09058525424448,108.3325599800929,234.82629876440419,4
WF-2-ZX20,red,496281.72694435687,5404480.216488899,268.6965469748388,0.826817092641278,15.328855875208927,107.89219608805611,235.1573063172014,4
WF-2-ZX21,red,496306.72694435687,5404480.216488899,268.60017561903504,0.8263572872517393,15.515488709300437,107.55960920080892,235.42871046786473,4
WF-2-ZX22,red,496331.72694435687,5404480.216488899,268.63046311869687,0.8265017944599654,15.547655442049214,107.54941982035673,235.52182066536093,4
WF-2-ZX23,red,496356.72694435687,5404480.216488899,268.66075061835875,0.8266463016681918,15.57982217479799,107.53923043990453,235.61493086285714,4
WF-2-ZX24,red,496381.72694435687,5404480.216488899,268.73050651798457,0.8269791198415232,15.583332990151046,107.61761819715174,235.6349670435844,4
WF-2-ZX25,red,496406.72694435687,5404480.216488899,268.8323823809573,0.8274651882429491,15.563523199214888,107.76809132950623,235.59553451662703,4
WF-2-ZX26,red,496431.72694435687,5404480.216488899,268.93425824393006,0.8279512566443752,15.54371340827873,107.91856446186073,235.55610198966966,4
WF-2-ZX27,red,496456.72694435687,5404480.216488899,269.0654357483672,0.8285771285440012,15.667263797875073,107.99076724496808,235.5085186621133,4
WF-2-ZX28,red,496481.72694435687,5404480.216488899,269.201698932588,0.8292272651533484,15.815696205525173,108.04938519415708,235.45952065743455,4
WF-2-ZX29,red,496506.72694435687,5404480.216488899,269.3472036922783,0.8299214950119114,16.010814442084556,108.08132423213503,235.41140003104192,4
WF-2-ZX30,red,496531.72694435687,5404480.216488899,269.5439137036087,0.8308600345046021,16.46460714656733,107.96544211488172,235.3681407376626,4
WF-2-ZX31,red,496556.72694435687,5404480.216488899,269.74062371493903,0.8317985739972923,16.91839985105012,107.84955999762842,235.32488144428328,4
WF-2-ZX32,red,496581.72694435687,5404480.216488899,269.9873657094304,0.8329758252453052,17.47496869407105,107.73022942522822,235.20023961609024,4
WF-2-ZX33,red,496606.72694435687,5404480.216488899,270.2943586322608,0.8344405447077475,18.155305522424474,107.60674605674019,234.97759301248524,4
WF-2-ZX34,red,496631.72694435687,5404480.216488899,270.6013515550911,0.8359052641701892,18.835642350777896,107.48326268825215,234.7549464088802,4
WF-2-ZX35,red,496656.72694435687,5404480.216488899,271.02372070699926,0.8379204647534182,19.561495442655115,107.54615519769033,234.1702144870437,4
WF-2-ZX36,red,496681.72694435687,5404480.216488899,271.48364100230935,0.840114828719538,20.3021625716383,107.66970688601317,233.4676357798049,4
WF-2-ZX37,red,496706.72694435687,5404480.216488899,271.95394603724003,0.8423587401804157,21.042349287757457,107.81633328477051,232.72077135810818,4
WF-2-ZX38,red,496731.72694435687,5404480.216488899,272.6018837709485,0.8454501697816699,21.774318461917904,108.3576564441346,231.21639242339762,4
WF-2-ZX39,red,496756.72694435687,5404480.216488899,273.2498215046571,0.8485415993829246,22.506287636078355,108.89897960349873,229.71201348868706,4
WF-2-ZX40,red,496781.72694435687,5404480.216488899,273.9738596178983,0.8519961178331761,23.248585933516722,109.6156179603097,227.80331349399208,4
WF-2-ZX41,red,496806.72694435687,5404480.216488899,274.8355537105171,0.8561074181735666,24.009568310977627,110.64937937685481,225.16324774479043,4
WF-2-ZX42,red,496831.72694435687,5404480.216488899,275.69724780313584,0.8602187185139569,24.770550688438526,111.68314079339991,222.52318199558877,4
WF-2-ZX43,red,496856.72694435687,5404480.216488899,276.69977765239855,0.8650019720442199,25.59206265139276,113.04769919060432,218.95213820969735,4
WF-2-ZX44,red,496881.72694435687,5404480.216488899,277.7759001101864,0.8701363493886894,26.445203869555705,114.58511292851972,214.89461922864018,4
WF-2-ZX45,red,496906.72694435687,5404480.216488899,278.85202256797425,0.8752707267331589,27.298345087718637,116.12252666643509,210.83710024758312,4
WF-2-ZX46,red,496931.72694435687,5404480.216488899,280.0716343398515,0.8810897178760885,28.246684577852285,118.04479152320803,205.48893647484763,4
WF-2-ZX47,red,496956.72694435687,5404480.216488899,281.2976028789258,0.8869390383195952,29.199241477876818,119.98410579570654,200.0835954236033,4
WF-2-ZX48,red,496981.72694435687,5404480.216488899,282.50735879184975,0.8927110053542981,30.14417085602007,121.92385778131838,194.61256567993092,4
WF-2-ZX49,red,497006.72694435687,5404480.216488899,283.6705751936736,0.8982609238575481,31.067204883220814,123.86486625394892,188.95297181332924,4
WF-2-ZX50,red,497031.72694435687,5404480.216488899,284.83379159549736,0.9038108423607978,31.9902389104216,125.80587472657953,183.29337794672736,4
WF-2-ZX51,red,497056.72694435687,5404480.216488899,285.7302098180644,0.9080878178851067,32.73381093703569,127.26069420452357,178.99843648702677,4
WF-2-ZX52,red,497081.72694435687,5404480.216488899,286.41626937346444,0.9113611336798946,33.33588504430222,128.33217497603985,175.77946361999713,4
WF-2-ZX53,red,497106.72694435687,5404480.216488899,287.10232892886444,0.9146344494746821,33.937959151568755,129.40365574755617,172.5604907529675,4
WF-2-ZX54,red,497131.72694435687,5404480.216488899,287.0358686040148,0.9143173550922125,34.05657848222057,128.90787800625213,173.99742194013126,4
WF-2-ZX55,red,497156.72694435687,5404480.216488899,286.8468268842013,0.913415402422843,34.096445659640615,128.15680237872246,176.19277457071468,4
WF-2-ZX56,red,497181.72694435687,5404480.216488899,286.52391443681336,0.9118747279929793,34.0717526058038,127.09694593180832,179.27303126134208,4
WF-2-ZX57,red,497206.72694435687,5404480.216488899,285.5018507192849,0.906998274799474,33.70988824871319,124.42445537152746,186.97477473061136,4
WF-2-ZX58,red,497231.72694435687,5404480.216488899,284.47978700175634,0.9021218216059681,33.34802389162258,121.75196481124662,194.67651819988052,4
WF-2-ZX59,red,497256.72694435687,5404480.216488899,283.2695225054947,0.8963474280270112,33.02525860372236,118.54454224664062,203.5984871092494,4
WF-2-ZX60,red,497281.72694435687,5404480.216488899,281.83964464083925,0.8895252188439251,32.74811841016961,114.71290218345506,213.94434927189812,4
WF-2-ZX61,red,497306.72694435687,5404480.216488899,280.4097667761838,0.882703009660839,32.47097821661686,110.88126212026938,224.29021143454713,4
WF-2-ZX62,red,497331.72694435687,5404480.216488899,278.94056291572474,0.875693168948979,32.59808514835172,106.67558268665152,234.61265992507109,4
WF-2-ZX63,red,497356.72694435687,5404480.216488899,277.4590943017379,0.8686248108516736,32.851266226582275,102.35325011827238,244.92780630125753,4
WF-2-ZX64,red,497381.72694435687,5404480.216488899,275.9835624271278,0.861584778025285,33.156209555995254,98.01287447401167,255.16644451713137,4
WF-2-ZX65,red,497406.72694435687,5404480.216488899,274.5962529206695,0.8549656702758107,34.230361046699464,93.40437136415747,264.268140270625,4
WF-2-ZX66,red,497431.72694435687,5404480.216488899,273.20894341421115,0.8483465625263363,35.30451253740369,88.79586825430317,273.36983602411885,4
WF-2-ZX67,red,497456.72694435687,5404480.216488899,271.89219451151223,0.8420641123410013,36.697997635469534,84.15891675917963,281.8152898010039,4
WF-2-ZX68,red,497481.72694435687,5404480.216488899,270.6988224315928,0.8363703155743618,38.64984481923041,79.47222261446515,289.11328953505483,4
WF-2-ZX69,red,497506.72694435687,5404480.216488899,269.5054503516734,0.8306765188077222,40.60169200299126,74.78552846975074,296.4112892691056,4
WF-2-ZX70,red,497531.72694435687,5404480.216488899,268.604687918762,0.8263788162601918,42.61953178675436,70.84299863955214,301.73962148406326,4
WF-2-ZX71,red,497556.72694435687,5404480.216488899,267.8515862143646,0.8227856300933608,44.670673669380264,67.27599930173199,306.0739928239309,4
WF-2-ZX72,red,497581.72694435687,5404480.216488899,267.09848450996725,0.8191924439265301,46.7218155520062,63.70899996391179,310.4083641637986,4
WF-2-ZX73,red,497606.72694435687,5404480.216488899,266.98775379880726,0.8186641274225835,46.95248970781487,63.23892668190386,311.06155778907817,4
WF-2-ZX74,red,497631.72694435687,5404480.216488899,266.9000489808552,0.8182456716724643,47.11790890051452,62.87986322036479,311.58279899772083,4
WF-2-ZX75,red,497656.72694435687,5404480.216488899,266.89230083890106,0.8182087038680818,46.63166835527406,63.23878949537115,311.71181810099216,4
WF-2-ZX76,red,497681.72694435687,5404480.216488899,267.10498517670476,0.8192234597981713,44.348867732970376,65.57714095398032,310.75952047587504,4
WF-2-ZX77,red,497706.72694435687,5404480.216488899,267.31766951450845,0.8202382157282609,42.06606711066674,67.91549241258943,309.807222850758,4
WF-2-ZX78,red,497731.72694435687,5404480.216488899,267.39867862205017,0.8206247250176525,39.471485503644615,70.169849864545,309.6474391404104,4
WF-2-ZX79,red,497756.72694435687,5404480.216488899,267.37911459432036,0.820531381458083,36.63876654088193,72.36005295294758,310.0929751169619,4
WF-2-ZX80,red,497781.72694435687,5404480.216488899,267.3595505665906,0.8204380378985139,33.80604757811925,74.55025604135018,310.53851109351336,4
WF-2-ZX81,red,497806.72694435687,5404480.216488899,267.042008647443,0.8189229872425299,31.569612360161933,75.55873281351421,312.45391989084385,4
WF-2-ZX82,red,497831.72694435687,5404480.216488899,266.67904942308667,0.8171912423049393,29.42406174005184,76.38709278398375,314.59336431109165,4
WF-2-ZX83,red,497856.72694435687,5404480.216488899,266.2696257652592,0.815237807045015,27.410376560977575,77.01392015879946,316.89614797432284,4
WF-2-ZX84,red,497881.72694435687,5404480.216488899,265.63094945535704,0.8121905653930268,26.04730734375012,76.64639812307372,320.00483739911016,4
WF-2-ZX85,red,497906.72694435687,5404480.216488899,264.9922731454549,0.8091433237410386,24.68423812652266,76.27887608734801,323.1135268238974,4
WF-2-ZX86,red,497931.72694435687,5404480.216488899,264.2860284214326,0.805773700809718,23.59309249159178,75.59257497159588,326.2790344914975,4
WF-2-ZX87,red,497956.72694435687,5404480.216488899,263.50337627969714,0.802039524094005,22.809442289389164,74.54579349467186,329.5087931152412,4
WF-2-ZX88,red,497981.72694435687,5404480.216488899,262.7207241379616,0.7983053473782918,22.02579208718653,73.49901201774782,332.73855173898494,4
WF-2-ZX89,red,498006.72694435687,5404480.216488899,262.07010956870135,0.7952011461043414,21.539088030659524,72.5615757098334,335.1175682065453,4
WF-2-ZX90,red,498031.72694435687,5404480.216488899,261.45891573606804,0.7922850283849856,21.14103931353059,71.65678516348643,337.2425896797437,4
WF-2-ZX91,red,498056.72694435687,5404480.216488899,260.8862833955204,0.789552894607142,20.75891625550912,70.82353530075234,339.20188556316293,4
WF-2-ZX92,red,498081.72694435687,5404480.216488899,260.81922609972,0.7892329519669273,20.585592582065445,70.92824666209357,338.98837334355915,4
WF-2-ZX93,red,498106.72694435687,5404480.216488899,260.75216880391963,0.7889130093267126,20.412268908621762,71.03295802343479,338.77486112395536,4
WF-2-ZX94,red,498131.72694435687,5404480.216488899,260.86413217457584,0.7894472070748847,20.27772069747445,71.49874116615499,337.79084014298,4
WF-2-ZX95,red,498156.72694435687,5404480.216488899,261.27876768881174,0.7914255090563168,20.208730572574034,72.57499220746628,335.50411180945497,4
WF-2-ZX96,red,498181.72694435687,5404480.216488899,261.69340320304764,0.7934038110377489,20.13974044767362,73.65124324877756,333.21738347593,4
WF-2-ZX97,red,498206.72694435687,5404480.216488899,262.1700429853561,0.7956779467386134,20.092057423008043,74.87039637796374,330.553330075055,4
WF-2-ZX98,red,498231.72694435687,5404480.216488899,262.676887649239,0.7980961954616772,20.05475398122114,76.15916311239337,327.7054657958537,4
WF-2-ZX99,red,498256.72694435687,5404480.216488899,263.18373231312194,0.800514444184741,20.017450539434236,77.44792984682297,324.8576015166524,4
WF-2-ZX100,red,498281.72694435687,5404480.216488899,263.5319472125185,0.8021758412474357,19.962438470819063,78.43623785216637,322.54193767845555,4
WF-2-ZX101,red,498306.72694435687,5404480.216488899,263.8757958522199,0.8038164060854176,19.906938974993565,79.41627577753363,320.24092257495795,4
WF-2-ZX102,red,498331.72694435687,5404480.216488899,264.13948792763085,0.8050745292740084,19.83304927693503,80.25774939034537,318.1835813021524,4
WF-2-ZX103,red,498356.72694435687,5404480.216488899,264.1907881693611,0.8053192921232543,19.71043083396816,80.73206744095316,316.77190557375815,4
WF-2-ZX104,red,498381.72694435687,5404480.216488899,264.24208841109146,0.8055640549725006,19.587812391001293,81.20638549156095,315.36022984536396,4
WF-2-ZX105,red,498406.72694435687,5404480.216488899,263.9981561370377,0.8044002094153128,19.391083910849026,81.26400615259658,314.44366965157474,4
WF-2-ZX106,red,498431.72694435687,5404480.216488899,263.5358083569263,0.8021942634745972,19.139528199919614,81.01335056914523,313.8934001075829,4
WF-2-ZX107,red,498456.72694435687,5404480.216488899,263.07346057681485,0.7999883175338817,18.887972488990215,80.76269498569391,313.34313056359105,4
WF-2-ZX108,red,498481.72694435687,5404480.216488899,261.7289356625753,0.793573342910141,18.445907666493,79.41804936557713,313.4700064881383,4
WF-2-ZX109,red,498506.72694435687,5404480.216488899,260.2590275710269,0.7865601421827695,17.97676592623113,77.91791575848498,313.6931245924715,4
WF-2-ZX110,red,498531.72694435687,5404480.216488899,258.5104880824166,0.7782175400269833,17.455586075076532,76.0858415522041,314.0381079339822,4
WF-2-ZX111,red,498556.72694435687,5404480.216488899,255.4604938220579,0.7636654587858398,16.691342274746674,72.7033115060339,314.9523095908279,4
WF-2-ZX112,red,498581.72694435687,5404480.216488899,252.4104995616991,0.7491133775446959,15.927098474416766,69.3207814598635,315.8665112476737,4
WF-2-ZX113,red,498606.72694435687,5404480.216488899,249.08141686817976,0.7332297142722014,15.141367582963934,65.5866637992601,316.87599040017204,4
WF-2-ZX114,red,498631.72694435687,5404480.216488899,245.4464800464708,0.7158867649350732,14.332088902560056,61.46723986825016,317.9898845405612,4
WF-2-ZX115,red,498656.72694435687,5404480.216488899,241.81154322476192,0.6985438155979453,13.522810222156172,57.34781593724021,319.10377868095037,4
WF-2-ZX116,red,498681.72694435687,5404480.216488899,240.26854042924677,0.6911818666502095,13.263845200556975,55.54779408114348,319.49631539929635,4
WF-2-ZX117,red,498706.72694435687,5404480.216488899,239.32280075222945,0.6866695694331943,13.16199892548329,54.40997920622651,319.6828990722564,4
WF-2-ZX118,red,498731.72694435687,5404480.216488899,238.60761392978867,0.6832572821125193,13.123369706378748,53.52626117405532,319.78738676838543,4
WF-3-ZX1,red,495806.9969831333,5404818.216488899,260.3184598594417,0.7868437045161812,14.01290798477906,90.67618829978484,272.1659550488257,4
WF-3-ZX2,red,495831.9969831333,5404818.216488899,260.03484459562554,0.7854905241466563,14.09893779907673,90.25571102350078,272.21225057978927,4
WF-3-ZX3,red,495856.9969831333,5404818.216488899,260.1018667218777,0.7858102989865148,14.14836370231821,90.39398953823849,271.7852898984179,4
WF-3-ZX4,red,495881.9969831333,5404818.216488899,260.16888884812977,0.7861300738263729,14.197789605559686,90.53226805297619,271.3583292170465,4
WF-3-ZX5,red,495906.9969831333,5404818.216488899,260.43710418938906,0.7874097783447896,14.246972810039122,90.99996557879615,270.54473388313426,4
WF-3-ZX6,red,495931.9969831333,5404818.216488899,260.944707879458,0.7898316485208072,14.295867241083016,91.85962002586027,269.2711039945727,4
WF-3-ZX7,red,495956.9969831333,5404818.216488899,261.45231156952696,0.7922535186968248,14.34476167212691,92.71927447292438,267.99747410601117,4
WF-3-ZX8,red,495981.9969831333,5404818.216488899,262.13341155732644,0.7955031714862154,14.395088922760282,93.85739760971013,266.4112222577358,4
WF-3-ZX9,red,496006.9969831333,5404818.216488899,262.8700727820321,0.7990179171132633,14.445875026001442,95.08469881567086,264.7248549430615,4
WF-3-ZX10,red,496031.9969831333,5404818.216488899,263.606315275657,0.8025306648976318,14.495747710192987,96.3106708621819,263.0456107224783,4
WF-3-ZX11,red,496056.9969831333,5404818.216488899,264.33578393101595,0.8060110934589639,14.530843958638405,97.51514101510679,261.4815972299976,4
WF-3-ZX12,red,496081.9969831333,5404818.216488899,265.065252586375,0.8094915220202963,14.56594020708382,98.7196111680317,259.91758373751696,4
WF-3-ZX13,red,496106.9969831333,5404818.216488899,265.7529050211583,0.8127724377343672,14.58548150536815,99.86111572851173,258.46585202147855,4
WF-3-ZX14,red,496131.9969831333,5404818.216488899,266.3658935964049,0.815697118499449,14.5772490690121,100.89019372137649,257.2146020962248,4
WF-3-ZX15,red,496156.9969831333,5404818.216488899,266.97888217165143,0.8186217992645307,14.569016632656048,101.91927171424123,255.96335217097098,4
WF-3-ZX16,red,496181.9969831333,5404818.216488899,267.5024314322354,0.8211197486780036,14.509075293983829,102.84771702389449,254.8645888542028,4
WF-3-ZX17,red,496206.9969831333,5404818.216488899,267.9798608357803,0.8233976518064111,14.422469985540873,103.7242705566407,253.84445606597006,4
WF-3-ZX18,red,496231.9969831333,5404818.216488899,268.4572902393251,0.8256755549348181,14.335864677097922,104.6008240893869,252.82432327773725,4
WF-3-ZX19,red,496256.9969831333,5404818.216488899,268.80815733918405,0.8273496061316854,14.148860877845738,105.38664633806256,251.88394651244028,4
WF-3-ZX20,red,496281.9969831333,5404818.216488899,269.153828190735,0.8289988650761507,13.957735033776105,106.16874344688534,250.94684427745094,4
WF-3-ZX21,red,496306.9969831333,5404818.216488899,269.46733857066704,0.8304946805201366,13.744354632860464,106.92766816433577,250.01835894147038,4
WF-3-ZX22,red,496331.9969831333,5404818.216488899,269.6899514477854,0.8315568073297688,13.468074543547747,107.62109905026132,249.1142281799866,4
WF-3-ZX23,red,496356.9969831333,5404818.216488899,269.91256432490377,0.8326189341394009,13.19179445423503,108.31452993618687,248.21009741850284,4
WF-3-ZX24,red,496381.9969831333,5404818.216488899,270.0867042114353,0.8334497874328206,12.927702363973301,108.91290197883936,247.42502325641763,4
WF-3-ZX25,red,496406.9969831333,5404818.216488899,270.22308551655397,0.8341004876186061,12.673104252705972,109.43722686596693,246.73268957200278,4
WF-3-ZX26,red,496431.9969831333,5404818.216488899,270.3594668216727,0.834751187804392,12.418506141438652,109.96155175309448,246.04035588758794,4
WF-3-ZX27,red,496456.9969831333,5404818.216488899,270.496349662093,0.8354042809069607,12.332899664682584,110.23754140414528,245.86389728708997,4
WF-3-ZX28,red,496481.9969831333,5404818.216488899,270.6333121828041,0.8360577541787909,12.274141353031618,110.47407735419547,245.76939717800883,4
WF-3-ZX29,red,496506.9969831333,5404818.216488899,270.78584156302196,0.8367854997884926,12.264321814539086,110.65961301401045,245.8150751674178,4
WF-3-ZX30,red,496531.9969831333,5404818.216488899,271.0179041640468,0.8378927129616569,12.504537181928505,110.58458119438248,246.57694229277422,4
WF-3-ZX31,red,496556.9969831333,5404818.216488899,271.24996676507163,0.8389999261348211,12.744752549317925,110.50954937475447,247.3388094181307,4
WF-3-ZX32,red,496581.9969831333,5404818.216488899,271.53619354464126,0.8403655665243208,13.090565096445259,110.34644241460653,248.4185206075133,4
WF-3-ZX33,red,496606.9969831333,5404818.216488899,271.8848709253439,0.8420291701700329,13.558129833483733,110.08178595037472,249.86470191419914,4
WF-3-ZX34,red,496631.9969831333,5404818.216488899,272.2335483060465,0.8436927738157449,14.025694570522207,109.8171294861429,251.31088322088502,4
WF-3-ZX35,red,496656.9969831333,5404818.216488899,272.6299084585569,0.8455838806991411,14.549221325234592,109.52059307369102,252.9649827818006,4
WF-3-ZX36,red,496681.9969831333,5404818.216488899,273.0408956788018,0.8475447760017351,15.08991487189387,109.21427723474382,254.6828629131938,4
WF-3-ZX37,red,496706.9969831333,5404818.216488899,273.45152920451306,0.8495039837629276,15.628331698574868,108.90985310840307,256.39850487560125,4
WF-3-ZX38,red,496731.9969831333,5404818.216488899,273.85716020876185,0.8514393235779805,16.13454746058051,108.63218464835803,258.08249102396417,4
WF-3-ZX39,red,496756.9969831333,5404818.216488899,274.2627912130107,0.8533746633930337,16.64076322258615,108.354516188313,259.76647717232703,4
WF-3-ZX40,red,496781.9969831333,5404818.216488899,274.6505919279611,0.8552249316321182,17.12001119815683,108.08663258727746,261.4045159152747,4
WF-3-ZX41,red,496806.9969831333,5404818.216488899,275.00761468417414,0.8569283525928967,17.552708419320815,107.83563923304634,262.96324201644256,4
WF-3-ZX42,red,496831.9969831333,5404818.216488899,275.3646374403873,0.8586317735536757,17.985405640484807,107.58464587881521,264.5219681176105,4
WF-3-ZX43,red,496856.9969831333,5404818.216488899,275.6778661006201,0.860126244861378,18.365854148793453,107.32941702828239,266.04505737061413,4
WF-3-ZX44,red,496881.9969831333,5404818.216488899,275.96928934063294,0.8615166785154155,18.72028761753415,107.07207929127455,267.55040276038346,4
WF-3-ZX45,red,496906.9969831333,5404818.216488899,276.2607125806457,0.8629071121694526,19.07472108627484,106.81474155426672,269.0557481501528,4
WF-3-ZX46,red,496931.9969831333,5404818.216488899,276.48923934638833,0.8639974552248757,19.354072788699597,106.51575555570251,270.67221175996855,4
WF-3-ZX47,red,496956.9969831333,5404818.216488899,276.71571235816987,0.865077999443993,19.630972851715853,106.21540961950845,272.2923037048732,4
WF-3-ZX48,red,496981.9969831333,5404818.216488899,276.92790829843295,0.8660904251399634,19.885574372432107,105.89621122343797,273.99993406151407,4
WF-3-ZX49,red,497006.9969831333,5404818.216488899,277.1013385000066,0.8669178923964659,20.07962990072714,105.52582379099711,275.94525260163545,4
WF-3-ZX50,red,497031.9969831333,5404818.216488899,277.2747687015801,0.8677453596529678,20.273685429022173,105.15543635855624,277.8905711417568,4
WF-3-ZX51,red,497056.9969831333,5404818.216488899,277.4300241131112,0.8684861116573541,20.413750921798734,104.74059542164296,280.1355029375565,4
WF-3-ZX52,red,497081.9969831333,5404818.216488899,277.57156553026914,0.8691614316827849,20.513077619708195,104.2922115877407,282.6065113203658,4
WF-3-ZX53,red,497106.9969831333,5404818.216488899,277.71310694742715,0.869836751708216,20.61240431761765,103.84382775383844,285.0775197031751,4
WF-3-ZX54,red,497131.9969831333,5404818.216488899,277.8536796326724,0.8705074497362622,20.616771000443823,103.34624290489245,288.11958075151114,4
WF-3-ZX55,red,497156.9969831333,5404818.216488899,277.99410849167407,0.8711774615429574,20.607039105443572,102.8413532515072,291.24642517357404,4
WF-3-ZX56,red,497181.9969831333,5404818.216488899,278.1406863434055,0.8718768113201918,20.576976296475628,102.33672849651465,294.4824850590798,4
WF-3-ZX57,red,497206.9969831333,5404818.216488899,278.3169680361044,0.872717883563121,20.448701266130836,101.83338338195671,298.24613033944075,4
WF-3-ZX58,red,497231.9969831333,5404818.216488899,278.49324972880333,0.8735589558060501,20.320426235786048,101.33003826739876,302.0097756198017,4
WF-3-ZX59,red,497256.9969831333,5404818.216488899,278.697287443315,0.874532457112732,20.141864839739405,100.86633264246855,305.9374753988842,4
WF-3-ZX60,red,497281.9969831333,5404818.216488899,278.93233838452204,0.875653928204238,19.907115908255857,100.44691825229108,310.0484816832559,4
WF-3-ZX61,red,497306.9969831333,5404818.216488899,279.1673893257291,0.8767753992957444,19.672366976772306,100.02750386211359,314.1594879676276,4
WF-3-ZX62,red,497331.9969831333,5404818.216488899,279.41385084123425,0.8779513123271427,19.40882987756689,99.70792952533213,317.98836380857415,4
WF-3-ZX63,red,497356.9969831333,5404818.216488899,279.6636618632024,0.8791432064673586,19.136842182333517,99.41766264454483,321.73442192983754,4
WF-3-ZX64,red,497381.9969831333,5404818.216488899,279.9023281163236,0.8802819268741736,18.87317641367183,99.12946135893026,325.37699338345374,4
WF-3-ZX65,red,497406.9969831333,5404818.216488899,280.001231588876,0.8807538134564928,18.71387311437456,98.86716400446429,327.72177350366536,4
WF-3-ZX66,red,497431.9969831333,5404818.216488899,280.10013506142855,0.8812257000388126,18.554569815077297,98.60486664999831,330.0665536238771,4
WF-3-ZX67,red,497456.9969831333,5404818.216488899,280.0722609627801,0.8810927076088504,18.483000676517317,98.26723942009247,331.70906359406774,4
WF-3-ZX68,red,497481.9969831333,5404818.216488899,279.8327600474382,0.8799500048757072,18.557884108204988,97.80386580152918,332.179290526335,4
WF-3-ZX69,red,497506.9969831333,5404818.216488899,279.59325913209625,0.8788073021425634,18.632767539892654,97.3404921829659,332.64951745860225,4
WF-3-ZX70,red,497531.9969831333,5404818.216488899,279.15843386303555,0.876732671142986,18.79708440214331,96.70119097502487,332.4797206270538,4
WF-3-ZX71,red,497556.9969831333,5404818.216488899,278.6297413673889,0.8742101824130143,19.004380380572783,95.97734406358873,332.0023469136942,4
WF-3-ZX72,red,497581.9969831333,5404818.216488899,278.101048871742,0.8716876936830417,19.211676359002254,95.25349715215259,331.52497320033456,4
WF-3-ZX73,red,497606.9969831333,5404818.216488899,277.5461709447313,0.8690402694640111,19.314552829770467,94.49766259054628,331.4321454366247,4
WF-3-ZX74,red,497631.9969831333,5404818.216488899,276.9906545224461,0.8663897988670821,19.414883176273477,93.74104805464104,331.34869429032483,4
WF-3-ZX75,red,497656.9969831333,5404818.216488899,276.4880298026119,0.8639916842699831,19.44910361266332,93.04811682604013,331.5211255312714,4
WF-3-ZX76,red,497681.9969831333,5404818.216488899,276.1234729601714,0.8622523168038997,19.31075151799339,92.52142375309482,332.36150914343045,4
WF-3-ZX77,red,497706.9969831333,5404818.216488899,275.7589161177308,0.8605129493378159,19.172399423323462,91.9947306801495,333.20189275558937,4
WF-3-ZX78,red,497731.9969831333,5404818.216488899,275.57907698730503,0.8596549039079255,18.901787856037974,91.71200573955402,334.4717445235664,4
WF-3-ZX79,red,497756.9969831333,5404818.216488899,275.5342335783225,0.8594409477903274,18.534518189598504,91.60757801624473,336.05546096049744,4
WF-3-ZX80,red,497781.9969831333,5404818.216488899,275.48939016933997,0.8592269916727289,18.167248523159028,91.5031502929354,337.6391773974285,4
WF-3-ZX81,red,497806.9969831333,5404818.216488899,275.8733694327316,0.8610590270665044,17.642665726466515,92.00663817489749,339.47512364025516,4
WF-3-ZX82,red,497831.9969831333,5404818.216488899,276.31663323721983,0.8631739198641757,17.096334460450088,92.59417011517505,341.3459405400148,4
WF-3-ZX83,red,497856.9969831333,5404818.216488899,276.9087696323297,0.8659991110586219,16.517955190526266,93.40475172171536,343.16597061781846,4
WF-3-ZX84,red,497881.9969831333,5404818.216488899,278.18222262821945,0.872074988542662,15.792907974590543,95.23612190853505,344.75357439904917,4
WF-3-ZX85,red,497906.9969831333,5404818.216488899,279.4556756241092,0.878150866026702,15.067860758654806,97.0674920953548,346.34117818028,4
WF-3-ZX86,red,497931.9969831333,5404818.216488899,281.2376467934223,0.886652976854337,14.264782241519406,99.69271932008823,347.4932604806061,4
WF-3-ZX87,red,497956.9969831333,5404818.216488899,283.5702800403087,0.8977823973111778,13.377205508430244,103.17759520369025,348.17372706287784,4
WF-3-ZX88,red,497981.9969831333,5404818.216488899,285.902913287195,0.9089118177680182,12.489628775341103,106.6624710872922,348.8541936451495,4
WF-3-ZX89,red,498006.9969831333,5404818.216488899,287.4688401038363,0.9163831414192206,11.952832454131617,109.02760804042585,348.9749929069311,4
WF-3-ZX90,red,498031.9969831333,5404818.216488899,288.81963309026014,0.9228280221633878,11.51446328912695,111.07855208287998,348.938752434135,4
WF-3-ZX91,red,498056.9969831333,5404818.216488899,289.8816780555263,0.9278952332126582,11.168172135402033,112.68901883652558,348.9256774512258,4
WF-3-ZX92,red,498081.9969831333,5404818.216488899,287.6968759447941,0.9174711421825794,11.857258541976417,109.34650827978773,349.1730884200531,4
WF-3-ZX93,red,498106.9969831333,5404818.216488899,285.512073834062,0.9070470511525011,12.546344948550814,106.0039977230498,349.4204993888805,4
WF-3-ZX94,red,498131.9969831333,5404818.216488899,283.2959053105852,0.896473305222269,13.30867075794039,102.63472131968143,349.33973534226925,4
WF-3-ZX95,red,498156.9969831333,5404818.216488899,281.0290889105471,0.8856579089964965,14.189257468358585,99.22222565157774,348.7290615540566,4
WF-3-ZX96,red,498181.9969831333,5404818.216488899,278.76227251050904,0.8748425127707243,15.069844178776748,95.80972998347417,348.118387765844,4
WF-3-ZX97,red,498206.9969831333,5404818.216488899,277.53410191555986,0.8689826859153184,15.796076343580616,94.01027754958021,346.63760350450747,4
WF-3-ZX98,red,498231.9969831333,5404818.216488899,276.7874797402109,0.8654204147683427,16.450744952132197,92.9586820043145,344.7534090323392,4
WF-3-ZX99,red,498256.9969831333,5404818.216488899,276.040857564862,0.8618581436213671,17.105413560683772,91.90708645904878,342.8692145601708,4
WF-3-ZX100,red,498281.9969831333,5404818.216488899,276.38332547590767,0.8634921207500439,17.639592383333728,92.45463948887247,340.33856583415735,4
WF-3-ZX101,red,498306.9969831333,5404818.216488899,276.74348639001823,0.8652105144369241,18.171813768139156,93.0281717659538,337.7974150227447,4
WF-3-ZX102,red,498331.9969831333,5404818.216488899,277.32407037754285,0.8679805869788875,18.6907323401539,93.89470551359416,335.2236936029571,4
WF-3-ZX103,red,498356.9969831333,5404818.216488899,278.4582002589707,0.8733917283659552,19.176243713532042,95.49705043754827,332.56817799416467,4
WF-3-ZX104,red,498381.9969831333,5404818.216488899,279.59233014039853,0.8788028697530231,19.661755086910187,97.09939536150239,329.91266238537224,4
WF-3-ZX105,red,498406.9969831333,5404818.216488899,281.05099764870397,0.8857624395989614,20.127795059114277,99.09213170367624,327.39529158509134,4
WF-3-ZX106,red,498431.9969831333,5404818.216488899,282.7393456162566,0.8938178569833392,20.58005480987884,101.36115428447684,324.97568807104716,4
WF-3-ZX107,red,498456.9969831333,5404818.216488899,284.4276935838091,0.901873274367716,21.03231456064338,103.63017686527728,322.55608455700303,4
WF-3-ZX108,red,498481.9969831333,5404818.216488899,286.2473820770625,0.910555341456027,21.433529187182344,106.0036341834525,320.59629002266155,4
WF-3-ZX109,red,498506.9969831333,5404818.216488899,288.0839098414616,0.9193177517911888,21.828199278567926,108.3904811606861,318.6954479559095,4
WF-3-ZX110,red,498531.9969831333,5404818.216488899,289.8176154635228,0.9275895788527567,22.209650043203293,110.6278727737339,316.9400434989979,4
WF-3-ZX111,red,498556.9969831333,5404818.216488899,291.10470624415973,0.9337305247056686,22.53368177934884,112.21609503222324,315.8163570123511,4
WF-3-ZX112,red,498581.9969831333,5404818.216488899,292.39179702479674,0.9398714705585812,22.857713515494403,113.8043172907127,314.6926705257042,4
WF-3-ZX113,red,498606.9969831333,5404818.216488899,293.1806425269811,0.9436351969313473,23.193497706914663,114.67180932568736,313.9763891032755,4
WF-3-ZX114,red,498631.9969831333,5404818.216488899,293.4465770109007,0.9449040190616435,23.541616161439023,114.78289123221516,313.6876814205083,4
WF-3-ZX115,red,498656.9969831333,5404818.216488899,293.7125114948202,0.9461728411919393,23.889734615963388,114.89397313874294,313.3989737377411,4
WF-3-ZX116,red,498681.9969831333,5404818.216488899,293.5191283080031,0.9452501745883296,24.440035416011288,114.17182261414204,313.5433057724154,4
WF-3-ZX117,red,498706.9969831333,5404818.216488899,293.20269290645047,0.9437404033304566,25.044501311334532,113.22644728768358,313.80365010031204,4
WF-3-ZX118,red,498731.9969831333,5404818.216488899,292.9239608971187,0.9424105218624745,25.693622013141837,112.28868832457165,314.0775178970471,4
WF-4-ZX1,red,495807.26702190976,5405156.216488899,261.5160704434743,0.7925577239622525,14.35318933630027,90.66704622925009,277.9546900483223,4
WF-4-ZX2,red,495832.26702190976,5405156.216488899,261.31252232109944,0.7915865585893274,14.365925783831337,90.35638426535685,278.20769981405334,4
WF-4-ZX3,red,495857.26702190976,5405156.216488899,261.461606416532,0.7922978661142935,14.389583377461472,90.5590133079363,278.0427200626919,4
WF-4-ZX4,red,495882.26702190976,5405156.216488899,261.61069051196455,0.7930091736392598,14.413240971091604,90.76164235051574,277.8777403113305,4
WF-4-ZX5,red,495907.26702190976,5405156.216488899,261.9897061143613,0.7948175264973041,14.448961504804865,91.29505228989775,277.44213735847154,4
WF-4-ZX6,red,495932.26702190976,5405156.216488899,262.6306693599495,0.7978756795383165,14.49842464720387,92.20530173889773,276.698229072598,4
WF-4-ZX7,red,495957.26702190976,5405156.216488899,263.27163260553755,0.8009338325793283,14.547887789602877,93.11555118789772,275.95432078672445,4
WF-4-ZX8,red,495982.26702190976,5405156.216488899,264.16364631958277,0.8051897933867672,14.611791923820299,94.37034050441007,274.98810184298054,4
WF-4-ZX9,red,496007.26702190976,5405156.216488899,265.13139734917183,0.809807110798415,14.68005264004626,95.72907117113597,273.95481585671195,4
WF-4-ZX10,red,496032.26702190976,5405156.216488899,266.1038783379789,0.8144469957118129,14.74856926601395,97.09135722794275,272.93084541158555,4
WF-4-ZX11,red,496057.26702190976,5405156.216488899,267.1401609005199,0.8193912896191409,14.820537812707178,98.50160130551404,272.03253063443594,4
WF-4-ZX12,red,496082.26702190976,5405156.216488899,268.1764434630609,0.8243355835264687,14.892506359400405,99.91184538308532,271.1342158572863,4
WF-4-ZX13,red,496107.26702190976,5405156.216488899,269.1712870909141,0.829082164686609,14.961950000085531,101.23792132352627,270.3973151305465,4
WF-4-ZX14,red,496132.26702190976,5405156.216488899,270.095512097485,0.8334918114703818,15.027090794124042,102.42056119726185,269.9354899524778,4
WF-4-ZX15,red,496157.26702190976,5405156.216488899,271.0197371040559,0.8379014582541543,15.092231588162555,103.60320107099741,269.47366477440914,4
WF-4-ZX16,red,496182.26702190976,5405156.216488899,271.82840276617446,0.8417597502401493,15.149181878200617,104.56771400251975,269.3901073319574,4
WF-4-ZX17,red,496207.26702190976,5405156.216488899,272.58030087673615,0.8453471938403445,15.20210865235316,105.42507391671785,269.49237071849853,4
WF-4-ZX18,red,496232.26702190976,5405156.216488899,273.3321989872978,0.8489346374405394,15.255035426505707,106.28243383091592,269.59463410503975,4
WF-4-ZX19,red,496257.26702190976,5405156.216488899,273.93896246020773,0.851829617102208,15.290769418816222,106.85146865289374,270.26387798446797,4
WF-4-ZX20,red,496282.26702190976,5405156.216488899,274.541447319741,0.8547041827158022,15.325996562675096,107.41200356322824,270.949836621727,4
WF-4-ZX21,red,496307.26702190976,5405156.216488899,275.1204934932232,0.8574669180653092,15.353753747015508,107.91632278102117,271.78957384660794,4
WF-4-ZX22,red,496332.26702190976,5405156.216488899,275.63685282133866,0.859930562994095,15.36153249927945,108.27029293838109,273.0405924258288,4
WF-4-ZX23,red,496357.26702190976,5405156.216488899,276.153212149454,0.8623942079228802,15.369311251543394,108.62426309574103,274.2916110050495,4
WF-4-ZX24,red,496382.26702190976,5405156.216488899,276.66441678000695,0.864833258845481,15.352169060260463,108.9238991114992,275.85818772965996,4
WF-4-ZX25,red,496407.26702190976,5405156.216488899,277.1717789854726,0.8672539768542269,15.316450248812664,109.18303326148242,277.6599884455212,4
WF-4-ZX26,red,496432.26702190976,5405156.216488899,277.6791411909382,0.8696746948629726,15.280731437364864,109.44216741146565,279.4617891613824,4
WF-4-ZX27,red,496457.26702190976,5405156.216488899,278.2458055392431,0.8723783542567523,15.186950609513335,109.71734712021235,281.74822940744633,4
WF-4-ZX28,red,496482.26702190976,5405156.216488899,278.8210417605017,0.8751229116263844,15.084777163718917,109.9948461463497,284.10472223984715,4
WF-4-ZX29,red,496507.26702190976,5405156.216488899,279.419357071629,0.8779775835608556,14.966287228816926,110.29343289275936,286.5576209437577,4
WF-4-ZX30,red,496532.26702190976,5405156.216488899,280.12685867053136,0.8813532032724335,14.770604610610853,110.69178483386574,289.46661212314154,4
WF-4-ZX31,red,496557.26702190976,5405156.216488899,280.8343602694338,0.8847288229840116,14.574921992404784,111.09013677497212,292.3756033025254,4
WF-4-ZX32,red,496582.26702190976,5405156.216488899,281.61652596738264,0.8884606787873235,14.326624344478942,111.57745543663317,295.5005921292932,4
WF-4-ZX33,red,496607.26702190976,5405156.216488899,282.4811250155884,0.8925858392028798,14.020236754679374,112.16299834435554,298.8640544654026,4
WF-4-ZX34,red,496632.26702190976,5405156.216488899,283.34572406379425,0.8967109996184365,13.7138491648798,112.74854125207791,302.22751680151214,4
WF-4-ZX35,red,496657.26702190976,5405156.216488899,284.2731092867472,0.9011357243733806,13.344567408732402,113.45034655281005,305.65458565156024,4
WF-4-ZX36,red,496682.26702190976,5405156.216488899,285.2186126997442,0.9056468943314818,12.957136299432893,114.18570166191984,309.1000094167186,4
WF-4-ZX37,red,496707.26702190976,5405156.216488899,286.15118339041715,0.9100963599026682,12.573224987276806,114.91413033512205,312.4908160113183,4
WF-4-ZX38,red,496732.26702190976,5405156.216488899,286.9283707822336,0.9138044632956155,12.231603123370515,115.55933968035345,315.22541149096617,4
WF-4-ZX39,red,496757.26702190976,5405156.216488899,287.70555817405005,0.9175125666885625,11.889981259464227,116.20454902558483,317.960006970614,4
WF-4-ZX40,red,496782.26702190976,5405156.216488899,288.28712441148707,0.9202873257247629,11.641174383042427,116.66222911770154,320.0948806781219,4
WF-4-ZX41,red,496807.26702190976,5405156.216488899,288.54627155889716,0.9215237642294304,11.545343415082765,116.81082703854462,321.2413042936341,4
WF-4-ZX42,red,496832.26702190976,5405156.216488899,288.80541870630725,0.9227602027340979,11.449512447123103,116.95942495938769,322.3877279091462,4
WF-4-ZX43,red,496857.26702190976,5405156.216488899,288.6242893158868,0.921896001237454,11.586234422505512,116.61356304159126,322.42424201087545,4
WF-4-ZX44,red,496882.26702190976,5405156.216488899,288.2344433522982,0.9200359747425167,11.833199959022688,116.03329852855634,321.93459473370194,4
WF-4-ZX45,red,496907.26702190976,5405156.216488899,287.84459738870953,0.9181759482475795,12.080165495539863,115.4530340155214,321.4449474565284,4
WF-4-ZX46,red,496932.26702190976,5405156.216488899,287.0658008812914,0.9144601674693774,12.543387655337733,114.35019451223579,320.32364858439837,4
WF-4-ZX47,red,496957.26702190976,5405156.216488899,286.2787346952758,0.9107049305399448,13.01120775900662,113.23624427191417,319.18891984114777,4
WF-4-ZX48,red,496982.26702190976,5405156.216488899,285.48094555441077,0.9068985324289516,13.484171320303412,112.07895059285924,318.1712143831279,4
WF-4-ZX49,red,497007.26702190976,5405156.216488899,284.6555780188522,0.902960552745725,13.970363353280316,110.8101818141181,317.4544814083247,4
WF-4-ZX50,red,497032.26702190976,5405156.216488899,283.8302104832936,0.8990225730624981,14.456555386257223,109.54141303537693,316.73774843352146,4
WF-4-ZX51,red,497057.26702190976,5405156.216488899,283.10372299344937,0.8955563681878552,14.879027400695298,108.3330760407476,316.54306823903505,4
WF-4-ZX52,red,497082.26702190976,5405156.216488899,282.44861972021243,0.8924307504850988,15.255498186344067,107.16836640830083,316.7252722630116,4
WF-4-ZX53,red,497107.26702190976,5405156.216488899,281.79351644697545,0.889305132782342,15.63196897199284,106.00365677585405,316.90747628698824,4
WF-4-ZX54,red,497132.26702190976,5405156.216488899,281.33854979707894,0.8871344035657807,15.876893159095331,105.02091175702157,317.88515257431345,4
WF-4-ZX55,red,497157.26702190976,5405156.216488899,280.910480731563,0.885092007650755,16.104137994586306,104.06262207508483,318.96973724236756,4
WF-4-ZX56,red,497182.26702190976,5405156.216488899,280.52044860054303,0.8832310929169053,16.305980027055725,103.1455126581968,320.1770584316211,4
WF-4-ZX57,red,497207.26702190976,5405156.216488899,280.301020578569,0.8821841616344923,16.393884839446965,102.41310588682984,321.93488020995017,4
WF-4-ZX58,red,497232.26702190976,5405156.216488899,280.08159255659496,0.8811372303520792,16.4817896518382,101.68069911546286,323.6927019882794,4
WF-4-ZX59,red,497257.26702190976,5405156.216488899,279.93657049812055,0.8804453035494271,16.518833063016054,101.04825583842988,325.60682595725257,4
WF-4-ZX60,red,497282.26702190976,5405156.216488899,279.8711634740709,0.8801332346579925,16.501454328198644,100.52277437827671,327.68819464295956,4
WF-4-ZX61,red,497307.26702190976,5405156.216488899,279.80575645002125,0.8798211657665579,16.484075593381235,99.99729291812355,329.7695633286666,4
WF-4-ZX62,red,497332.26702190976,5405156.216488899,279.79118307637884,0.8797516335317082,16.421849748199254,99.58791707198577,331.77800886824656,4
WF-4-ZX63,red,497357.26702190976,5405156.216488899,279.7906255244242,0.8797489733492133,16.347258686334225,99.21055379173575,333.7663480844594,4
WF-4-ZX64,red,497382.26702190976,5405156.216488899,279.7854518207233,0.8797242886612614,16.27177761750498,98.83620492020917,335.7181354831612,4
WF-4-ZX65,red,497407.26702190976,5405156.216488899,279.73036410741634,0.8794614550914245,16.1866729880553,98.49445056339061,337.2746915569982,4
WF-4-ZX66,red,497432.26702190976,5405156.216488899,279.67527639410935,0.8791986215215876,16.10156835860561,98.15269620657209,338.83124763083526,4
WF-4-ZX67,red,497457.26702190976,5405156.216488899,279.5616134650437,0.8786563148689597,16.017215568149997,97.77335652049186,340.22381804594875,4
WF-4-ZX68,red,497482.26702190976,5405156.216488899,279.35455400545675,0.8776683962630727,15.934061563779029,97.3340880862871,341.35491795034056,4
WF-4-ZX69,red,497507.26702190976,5405156.216488899,279.1474945458697,0.8766804776571853,15.850907559408057,96.8948196520823,342.4860178547323,4
WF-4-ZX70,red,497532.26702190976,5405156.216488899,278.8351649948289,0.8751902961641156,15.738200784022272,96.34420033299888,343.63618603080096,4
WF-4-ZX71,red,497557.26702190976,5405156.216488899,278.47469903498745,0.8734704470481823,15.611980538218473,95.7426640664633,344.79507347468706,4
WF-4-ZX72,red,497582.26702190976,5405156.216488899,278.11423307514593,0.8717505979322486,15.485760292414675,95.14112779992774,345.9539609185733,4
WF-4-ZX73,red,497607.26702190976,5405156.216488899,277.6854493024259,0.8697047920182494,15.23789862554691,94.41435786393437,347.7463916951713,4
WF-4-ZX74,red,497632.26702190976,5405156.216488899,277.25576558475996,0.8676546923020826,14.988434586215938,93.68593823508431,349.5471680861309,4
WF-4-ZX75,red,497657.26702190976,5405156.216488899,276.8293016551678,0.8656199547845397,14.681132743121594,92.9380114358881,351.6696131998367,4
WF-4-ZX76,red,497682.26702190976,5405156.216488899,276.41080630097787,0.8636232367997337,14.2306895224626,92.14180681398695,354.5881484327618,4
WF-4-ZX77,red,497707.26702190976,5405156.216488899,275.9923109467878,0.8616265188149274,13.7802463018036,91.34560219208579,357.5066836656869,4
WF-4-ZX78,red,497732.26702190976,5405156.216488899,275.59590509925897,0.8597351939122287,13.184967496761708,90.52192766208998,361.21311558174494,4
WF-4-ZX79,red,497757.26702190976,5405156.216488899,275.2149410744309,0.8579175447738991,12.488440372818634,89.67905010248788,365.470332133878,4
WF-4-ZX80,red,497782.26702190976,5405156.216488899,274.8339770496028,0.8560998956355695,11.79191324887557,88.83617254288579,369.727548686011,4
WF-4-ZX81,red,497807.26702190976,5405156.216488899,274.49493905021393,0.8544822832436165,10.961970989626142,88.00694099530153,374.65592362336133,4
WF-4-ZX82,red,497832.26702190976,5405156.216488899,274.16111769241684,0.8528895604041575,10.115428565287814,87.17940735142051,379.6678073767829,4
WF-4-ZX83,red,497857.26702190976,5405156.216488899,273.8539105746785,0.8514238189785784,9.324564150627706,86.41416358302229,384.3407444919225,4
WF-4-ZX84,red,497882.26702190976,5405156.216488899,273.6600718918328,0.8504989791199897,8.770870844412716,85.91425542734707,387.56987371289244,4
WF-4-ZX85,red,497907.26702190976,5405156.216488899,273.4662332089869,0.8495741392614001,8.217177538197745,85.41434727167183,390.7990029338623,4
WF-4-ZX86,red,497932.26702190976,5405156.216488899,273.4108090319527,0.8493097003614951,8.050156277521165,85.26330229956076,391.79144204069877,4
WF-4-ZX87,red,497957.26702190976,5405156.216488899,273.49892704462314,0.849730127539295,8.284131659420163,85.47404444638322,390.464330932829,4
WF-4-ZX88,red,497982.26702190976,5405156.216488899,273.5870450572936,0.850150554717095,8.518107041319155,85.68478659320562,389.13721982495923,4
WF-4-ZX89,red,498007.26702190976,5405156.216488899,273.854785012924,0.8514279910836067,9.194913775527834,86.30302672301185,385.3319365249538,4
WF-4-ZX90,red,498032.26702190976,5405156.216488899,274.1697875897028,0.8529309260720533,9.98823951677987,87.02848884625145,380.87458972130514,4
WF-4-ZX91,red,498057.26702190976,5405156.216488899,274.4905985621248,0.8544615739799564,10.785612576839931,87.75964811880237,376.40925203105485,4
WF-4-ZX92,red,498082.26702190976,5405156.216488899,274.8684146981165,0.8562642039640929,11.622707116779504,88.5467207533774,371.8654896215216,4
WF-4-ZX93,red,498107.26702190976,5405156.216488899,275.24623083410825,0.8580668339482294,12.459801656719064,89.33379338795243,367.32172721198856,4
WF-4-ZX94,red,498132.26702190976,5405156.216488899,275.6257190656841,0.8598774418066522,13.240659975839492,90.08068351927093,363.17895254978305,4
WF-4-ZX95,red,498157.26702190976,5405156.216488899,276.00778716991726,0.8617003587100421,13.934751551587528,90.76557615329435,359.6548610149475,4
WF-4-ZX96,red,498182.26702190976,5405156.216488899,276.3898552741504,0.8635232756134322,14.628843127335552,91.45046878731775,356.1307694801121,4
WF-4-ZX97,red,498207.26702190976,5405156.216488899,276.7931338457641,0.8654473915415206,15.235152529191925,92.09002572739644,353.25908962196655,4
WF-4-ZX98,red,498232.26702190976,5405156.216488899,277.2057630921911,0.8674161212517764,15.802762993031664,92.70959634072874,350.6750266901085,4
WF-4-ZX99,red,498257.26702190976,5405156.216488899,277.61839233861815,0.8693848509620323,16.370373456871402,93.32916695406101,348.0909637582505,4
WF-4-ZX100,red,498282.26702190976,5405156.216488899,278.1063227498088,0.871712856321241,16.860055486079844,93.95686390827404,346.1865094666141,4
WF-4-ZX101,red,498307.26702190976,5405156.216488899,278.59464558841574,0.8740427340235284,17.34933139601579,94.58460321241573,344.28559691385453,4
WF-4-ZX102,red,498332.26702190976,5405156.216488899,279.11567334150516,0.8765286528629153,17.82565581917228,95.2300774362963,342.5376794466425,4
WF-4-ZX103,red,498357.26702190976,5405156.216488899,279.71463627810425,0.8793864147371291,18.27111709790999,95.91781363353007,341.1543463318704,4
WF-4-ZX104,red,498382.26702190976,5405156.216488899,280.31359921470334,0.8822441766113428,18.716578376647718,96.60554983076386,339.7710132170982,4
WF-4-ZX105,red,498407.26702190976,5405156.216488899,280.98928305690555,0.8854679879780888,19.148088605728972,97.34227752452165,338.6519905747919,4
WF-4-ZX106,red,498432.26702190976,5405156.216488899,281.7168905339545,0.8889395365168177,19.570156959712513,98.11216197726337,337.7118495599976,4
WF-4-ZX107,red,498457.26702190976,5405156.216488899,282.4444980110034,0.8924110850555464,19.992225313696025,98.88204643000503,336.77170854520335,4
WF-4-ZX108,red,498482.26702190976,5405156.216488899,283.28931725895484,0.8964418724212988,20.404062953627083,99.72466707922936,336.20384491756374,4
WF-4-ZX109,red,498507.26702190976,5405156.216488899,284.14757219376963,0.9005367639099039,20.814727872854895,100.57562529346143,335.67865449895123,4
WF-4-ZX110,red,498532.26702190976,5405156.216488899,285.02885971988434,0.9047415481101597,21.224629657887228,101.4390369177936,335.2303577257137,4
WF-4-ZX111,red,498557.26702190976,5405156.216488899,286.0034746821212,0.9093916146016412,21.63143924382849,102.3529094225577,335.09363192091314,4
WF-4-ZX112,red,498582.26702190976,5405156.216488899,286.9780896443581,0.9140416810931228,22.03824882976977,103.26678192732186,334.9569061161126,4
WF-4-ZX113,red,498607.26702190976,5405156.216488899,287.9918452945492,0.9188784949756887,22.446211089993398,104.193482852629,334.9796709528386,4
WF-4-ZX114,red,498632.26702190976,5405156.216488899,289.0449418874724,0.9239030117015622,22.85533192190548,105.13307783228997,335.1627424301114,4
WF-4-ZX115,red,498657.26702190976,5405156.216488899,290.0980384803958,0.9289275284274364,23.264452753817572,106.07267281195094,335.34581390738424,4
WF-4-ZX116,red,498682.26702190976,5405156.216488899,291.15552181629687,0.9339729751075156,23.68359376976076,106.98028030528019,335.662082704728,4
WF-4-ZX117,red,498707.26702190976,5405156.216488899,292.2141052266277,0.9390236704441846,24.1052475721355,107.87986621723088,336.01175372478076,4
WF-4-ZX118,red,498732.26702190976,5405156.216488899,293.26267251328966,0.9440265770203157,24.53042473701821,108.76591904412761,336.3530597469976,4
WF-5-ZX1,red,495807.5370606862,5405494.216488899,280.6430328105007,0.8838159646346558,14.513931314499938,119.28078064944776,254.50450925214176,4
WF-5-ZX2,red,495832.5370606862,5405494.216488899,281.67333671747144,0.888731733281231,14.357747923707105,121.09041808062548,252.68043010191462,4
WF-5-ZX3,red,495857.5370606862,5405494.216488899,282.91766078939474,0.894668631333888,14.155626540359336,123.31482789830673,250.34874467821373,4
WF-5-ZX4,red,495882.5370606862,5405494.216488899,284.16198486131793,0.9006055293865444,13.953505157011564,125.53923771598798,248.0170592545129,4
WF-5-ZX5,red,495907.5370606862,5405494.216488899,285.5227052676022,0.907097775669133,13.720783364794798,128.0046722162678,245.36052842026533,4
WF-5-ZX6,red,495932.5370606862,5405494.216488899,287.0104055471546,0.914195866184219,13.45467876837313,130.7330469871232,242.34961504219066,4
WF-5-ZX7,red,495957.5370606862,5405494.216488899,288.49810582670705,0.9212939566993049,13.188574171951462,133.4614217579786,239.33870166411606,4
WF-5-ZX8,red,495982.5370606862,5405494.216488899,290.069494071726,0.928791337825591,12.885590120563243,136.4051332802322,235.95923990860578,4
WF-5-ZX9,red,496007.5370606862,5405494.216488899,291.6646190285475,0.9364019711514098,12.572145819734214,139.40992152217817,232.47524548138225,4
WF-5-ZX10,red,496032.5370606862,5405494.216488899,293.2413089529865,0.9439246475612435,12.260723585344596,142.38446239245803,229.01718653931331,4
WF-5-ZX11,red,496057.5370606862,5405494.216488899,294.60547715736874,0.9504333439200426,11.972612025373934,145.01030718668662,225.858115621848,4
WF-5-ZX12,red,496082.5370606862,5405494.216488899,295.9696453617509,0.9569420402788416,11.684500465403273,147.63615198091514,222.69904470438263,4
WF-5-ZX13,red,496107.5370606862,5405494.216488899,297.0534099970435,0.9621128798518974,11.459714326111905,149.7070768501571,220.24276603023088,4
WF-5-ZX14,red,496132.5370606862,5405494.216488899,297.6808412218795,0.9651064691434295,11.337985024795207,150.87491584669903,218.9302230876715,4
WF-5-ZX15,red,496157.5370606862,5405494.216488899,298.3082724467154,0.9681000584349609,11.216255723478508,152.04275484324097,217.61768014511208,4
WF-5-ZX16,red,496182.5370606862,5405494.216488899,298.204246208461,0.9676037301992116,11.299814829032522,151.63529550505962,218.5675227200452,4
WF-5-ZX17,red,496207.5370606862,5405494.216488899,297.7581891228331,0.9654755101456166,11.479367169054756,150.4912237847786,220.57526090023254,4
WF-5-ZX18,red,496232.5370606862,5405494.216488899,297.3121320372052,0.9633472900920217,11.658919509076991,149.3471520644976,222.58299908041985,4
WF-5-ZX19,red,496257.5370606862,5405494.216488899,296.03170907741065,0.9572381576336007,12.129238468590444,146.20542887753822,227.87043441900258,4
WF-5-ZX20,red,496282.5370606862,5405494.216488899,294.73613536853,0.9510567381763378,12.604837284616469,143.02743153667274,233.21742380966776,4
WF-5-ZX21,red,496307.5370606862,5405494.216488899,293.3749817780818,0.9445624250927629,13.120774732017672,139.62250241713144,239.07430168991647,4
WF-5-ZX22,red,496332.5370606862,5405494.216488899,291.8476337716291,0.9372751680109136,13.738939495534492,135.6424762780703,246.22335359866844,4
WF-5-ZX23,red,496357.5370606862,5405494.216488899,290.3202857651763,0.9299879109290642,14.357104259051312,131.66245013900914,253.3724055074204,4
WF-5-ZX24,red,496382.5370606862,5405494.216488899,288.9464126306069,0.923432910570825,14.958006462100366,127.8771206692523,260.56759121487397,4
WF-5-ZX25,red,496407.5370606862,5405494.216488899,287.6819861169788,0.9174001000869102,15.546598318258033,124.23063407522122,267.795676043318,4
WF-5-ZX26,red,496432.5370606862,5405494.216488899,286.4175596033507,0.9113672896029953,16.135190174415687,120.58414748119017,275.0237608717619,4
WF-5-ZX27,red,496457.5370606862,5405494.216488899,285.5451362588592,0.9072047980367924,16.59811289007834,117.7140537185039,281.4071334708154,4
WF-5-ZX28,red,496482.5370606862,5405494.216488899,284.723896251149,0.9032865115449119,17.044627151811614,114.94533254382165,287.68021310816846,4
WF-5-ZX29,red,496507.5370606862,5405494.216488899,283.98205185408744,0.8997470360532247,17.45303108938936,112.36236863750182,293.69995348899783,4
WF-5-ZX30,red,496532.5370606862,5405494.216488899,283.5893002090439,0.897873146019873,17.693868610750485,110.59615663333454,298.6057922632858,4
WF-5-ZX31,red,496557.5370606862,5405494.216488899,283.1965485640003,0.8959992559865207,17.934706132111614,108.82994462916727,303.5116310375738,4
WF-5-ZX32,red,496582.5370606862,5405494.216488899,282.9738065924384,0.8949365132436541,18.059907221833072,107.52269849399113,307.7237343598495,4
WF-5-ZX33,red,496607.5370606862,5405494.216488899,282.9308157906464,0.8947313962542781,18.0628459518336,106.70071681551386,311.2023514253942,4
WF-5-ZX34,red,496632.5370606862,5405494.216488899,282.8878249888544,0.8945262792649019,18.06578468183413,105.87873513703659,314.68096849093905,4
WF-5-ZX35,red,496657.5370606862,5405494.216488899,283.03467048011737,0.8952269059993612,17.899148072297162,105.65251798729908,317.15716522930995,4
WF-5-ZX36,red,496682.5370606862,5405494.216488899,283.2329390004944,0.8961728814241636,17.686576739311285,105.58768207933275,319.3618254303878,4
WF-5-ZX37,red,496707.5370606862,5405494.216488899,283.4376500827964,0.8971495954919043,17.465252493599763,105.55744867443651,321.47826340572624,4
WF-5-ZX38,red,496732.5370606862,5405494.216488899,283.70943235514244,0.8984463184918411,17.152804828400484,105.88744945688032,322.6762515877009,4
WF-5-ZX39,red,496757.5370606862,5405494.216488899,283.9812146274885,0.899743041491778,16.840357163201208,106.21745023932414,323.8742397696755,4
WF-5-ZX40,red,496782.5370606862,5405494.216488899,284.2012398095633,0.9007928219344051,16.55482657378524,106.52454506998959,324.7833765103641,4
WF-5-ZX41,red,496807.5370606862,5405494.216488899,284.339771495033,0.9014537819787007,16.311677938464122,106.79557361304695,325.2377057294863,4
WF-5-ZX42,red,496832.5370606862,5405494.216488899,284.4783031805028,0.9021147420229966,16.068529303143002,107.06660215610432,325.6920349486086,4
WF-5-ZX43,red,496857.5370606862,5405494.216488899,284.44093711245796,0.9019364616685324,15.937916071008555,107.10147813646208,325.8055184202789,4
WF-5-ZX44,red,496882.5370606862,5405494.216488899,284.32424896261057,0.9013797211334672,15.85805131222815,107.02985978973446,325.7652955840443,4
WF-5-ZX45,red,496907.5370606862,5405494.216488899,284.2075608127631,0.9008229805984016,15.778186553447744,106.95824144300683,325.7250727478098,4
WF-5-ZX46,red,496932.5370606862,5405494.216488899,283.8689508185339,0.8992074102974572,15.827899265344339,106.54617376081794,325.49377593976305,4
WF-5-ZX47,red,496957.5370606862,5405494.216488899,283.52809526657245,0.8975811260292846,15.878923131138414,106.13066117828677,325.26054571395827,4
WF-5-ZX48,red,496982.5370606862,5405494.216488899,283.15329601242007,0.895792890140964,15.943614618136822,105.653717901761,325.06339446391615,4
WF-5-ZX49,red,497007.5370606862,5405494.216488899,282.6957009199367,0.8936096201434056,16.0416443117114,105.02693222501846,324.9542474341438,4
WF-5-ZX50,red,497032.5370606862,5405494.216488899,282.2381058274533,0.8914263501458469,16.139674005285983,104.40014654827591,324.8451004043715,4
WF-5-ZX51,red,497057.5370606862,5405494.216488899,281.7660523120972,0.8891740963646148,16.22699288840502,103.71621664464574,324.95336346851,4
WF-5-ZX52,red,497082.5370606862,5405494.216488899,281.2840154687994,0.8868742102972655,16.30691611473341,102.99282949439716,325.2117449988525,4
WF-5-ZX53,red,497107.5370606862,5405494.216488899,280.80197862550153,0.8845743242299161,16.38683934106181,102.26944234414859,325.47012652919494,4
WF-5-ZX54,red,497132.5370606862,5405494.216488899,280.3415626070521,0.8823775950779038,16.42096099200895,101.5104589422418,326.1826670284515,4
WF-5-ZX55,red,497157.5370606862,5405494.216488899,279.8837554513193,0.8801933132877418,16.44955602576098,100.74718034186517,326.9500083232269,4
WF-5-ZX56,red,497182.5370606862,5405494.216488899,279.4331621489619,0.8780434501132948,16.465678449343166,99.97851749855462,327.8289849295279,4
WF-5-ZX57,red,497207.5370606862,5405494.216488899,279.01271126471113,0.8760374019364013,16.42968522667492,99.18735709488993,329.1744193442027,4
WF-5-ZX58,red,497232.5370606862,5405494.216488899,278.5922603804603,0.8740313537595076,16.393692004006674,98.39619669122527,330.5198537588774,4
WF-5-ZX59,red,497257.5370606862,5405494.216488899,278.18608177282374,0.8720934012283948,16.32307574925001,97.5835739421489,332.1722535421981,4
WF-5-ZX60,red,497282.5370606862,5405494.216488899,277.7945284960767,0.8702252288296739,16.21697999011062,96.74895793216598,334.1392121173199,4
WF-5-ZX61,red,497307.5370606862,5405494.216488899,277.4029752193296,0.8683570564309531,16.110884230971227,95.91434192218301,336.10617069244176,4
WF-5-ZX62,red,497332.5370606862,5405494.216488899,277.01872464344984,0.8665237265556041,15.94517458583961,95.01911851387436,338.61136524369425,4
WF-5-ZX63,red,497357.5370606862,5405494.216488899,276.6363609336828,0.8646993992640698,15.764061951682388,94.10823541360399,341.2556287835815,4
WF-5-ZX64,red,497382.5370606862,5405494.216488899,276.25259942973935,0.8628684028405055,15.575147805072373,93.18605334263886,343.97230388705157,4
WF-5-ZX65,red,497407.5370606862,5405494.216488899,275.85559219091965,0.8609742085898099,15.312305202227414,92.15680030747787,347.375163258204,4
WF-5-ZX66,red,497432.5370606862,5405494.216488899,275.45858495209984,0.8590800143391136,15.049462599382446,91.1275472723168,350.7780226293565,4
WF-5-ZX67,red,497457.5370606862,5405494.216488899,275.04767549534074,0.8571194900603534,14.752232208344878,90.03712955234185,354.507846610173,4
WF-5-ZX68,red,497482.5370606862,5405494.216488899,274.61558259570444,0.8550578956957499,14.402603577685902,88.8535124153734,358.73588146366717,4
WF-5-ZX69,red,497507.5370606862,5405494.216488899,274.18348969606814,0.8529963013311462,14.052974947026932,87.66989527840494,362.9639163171613,4
WF-5-ZX70,red,497532.5370606862,5405494.216488899,273.7251574703654,0.8508095143359877,13.650433006675339,86.38626846641921,367.694431815052,4
WF-5-ZX71,red,497557.5370606862,5405494.216488899,273.25541946071405,0.8485683082565719,13.22489056025779,85.05916916801648,372.64336701068214,4
WF-5-ZX72,red,497582.5370606862,5405494.216488899,272.7856814510627,0.8463271021771561,12.79934811384025,83.7320698696138,377.5923022063122,4
WF-5-ZX73,red,497607.5370606862,5405494.216488899,272.3232876949262,0.8441209368764041,12.355934722967621,82.4066414788494,382.6418994373176,4
WF-5-ZX74,red,497632.5370606862,5405494.216488899,271.8609101324896,0.8419148488387604,11.912481927584961,81.08121677235012,387.69171862291483,4
WF-5-ZX75,red,497657.5370606862,5405494.216488899,271.43773025553605,0.8398957801378505,11.50406342181752,79.86620975802477,392.3318166447168,4
WF-5-ZX76,red,497682.5370606862,5405494.216488899,271.10663232364516,0.838316051262202,11.177946345124354,78.9105924433567,396.00941085460556,4
WF-5-ZX77,red,497707.5370606862,5405494.216488899,270.77553439175426,0.8367363223865534,10.851829268431203,77.95497512868867,399.68700506449414,4
WF-5-ZX78,red,497732.5370606862,5405494.216488899,270.61550898713017,0.8359728118714671,10.690204282720973,77.48453950908255,401.51822596278,4
WF-5-ZX79,red,497757.5370606862,5405494.216488899,270.56983479320957,0.8357548919267659,10.638531900479933,77.33841729694106,402.1152625828209,4
WF-5-ZX80,red,497782.5370606862,5405494.216488899,270.52416059928896,0.8355369719820647,10.586859518238889,77.19229508479957,402.7122992028619,4
WF-5-ZX81,red,497807.5370606862,5405494.216488899,270.75487159786826,0.8366377364124071,10.796434881393852,77.80786347793968,400.44368224035105,4
WF-5-ZX82,red,497832.5370606862,5405494.216488899,271.01624256965323,0.837884785190474,11.034990989868106,78.5079277637058,397.8571724802455,4
WF-5-ZX83,red,497857.5370606862,5405494.216488899,271.3103217652899,0.8392878908952475,11.302611179171128,79.28887147317425,394.9805037357637,4
WF-5-ZX84,red,497882.5370606862,5405494.216488899,271.7344795074632,0.8413116251702227,11.685817387689456,80.3914675575194,390.94989098248277,4
WF-5-ZX85,red,497907.5370606862,5405494.216488899,272.15863724963646,0.8433353594451977,12.069023596207774,81.49406364186453,386.91927822920195,4
WF-5-ZX86,red,497932.5370606862,5405494.216488899,272.5952982321665,0.8454187489699594,12.458484455814117,82.59075175818685,382.96320521464355,4
WF-5-ZX87,red,497957.5370606862,5405494.216488899,273.0443772980626,0.847561387444908,12.854157367370195,83.68157214443784,379.0811642640236,4
WF-5-ZX88,red,497982.5370606862,5405494.216488899,273.49345636395856,0.8497040259198559,13.249830278926268,84.7723925306888,375.19912331340373,4
WF-5-ZX89,red,498007.5370606862,5405494.216488899,273.9286314987528,0.8517803261929281,13.621471654825204,85.74333381295547,371.87255698066815,4
WF-5-ZX90,red,498032.5370606862,5405494.216488899,274.36038458307365,0.8538402992364225,13.987198363327575,86.6847703212459,368.68270465817704,4
WF-5-ZX91,red,498057.5370606862,5405494.216488899,274.7921141579729,0.8559001601121603,14.350237867256915,87.61334271124471,365.5611970207176,4
WF-5-ZX92,red,498082.5370606862,5405494.216488899,275.22363959656076,0.8579590470161679,14.689943916164395,88.43021377095923,363.03313792460733,4
WF-5-ZX93,red,498107.5370606862,5405494.216488899,275.6551650351486,0.8600179339201754,15.02964996507189,89.24708483067377,360.50507882849683,4
WF-5-ZX94,red,498132.5370606862,5405494.216488899,276.10040234980625,0.8621422426963251,15.362839973156788,90.03942271155341,358.1905795101874,4
WF-5-ZX95,red,498157.5370606862,5405494.216488899,276.56586356619044,0.8643630434117429,15.686419351115536,90.7955761494529,356.1910634908092,4
WF-5-ZX96,red,498182.5370606862,5405494.216488899,277.03132478257464,0.8665838441271605,16.009998729074283,91.55172958735237,354.191547471431,4
WF-5-ZX97,red,498207.5370606862,5405494.216488899,277.5460079749006,0.8690394919051,16.32519884145544,92.30695166417371,352.50664974722457,4
WF-5-ZX98,red,498232.5370606862,5405494.216488899,278.0813039007832,0.8715934868101858,16.636889960842183,93.06178371403286,350.9535050249309,4
WF-5-ZX99,red,498257.5370606862,5405494.216488899,278.6171967114584,0.87415032956194,16.94850808344868,93.81689473885422,349.40274918788805,4
WF-5-ZX100,red,498282.5370606862,5405494.216488899,279.25875415176324,0.877211317614776,17.247203816601736,94.62139182012825,348.27489016179743,4
WF-5-ZX101,red,498307.5370606862,5405494.216488899,279.9003115920683,0.8802723056676129,17.545899549754807,95.4258889014023,347.1470311357068,4
WF-5-ZX102,red,498332.5370606862,5405494.216488899,280.58642326968294,0.883545870147033,17.83909732289734,96.26024313258768,346.1565924174564,4
WF-5-ZX103,red,498357.5370606862,5405494.216488899,281.37339325587305,0.8873006480894785,18.119849255178035,97.16218558479915,345.4772347691464,4
WF-5-ZX104,red,498382.5370606862,5405494.216488899,282.1603632420632,0.8910554260319242,18.40060118745874,98.06412803701065,344.79787712083623,4
WF-5-ZX105,red,498407.5370606862,5405494.216488899,283.06155446216485,0.8953551744016742,18.6651411912774,99.05452630382581,344.42450402338875,4
WF-5-ZX106,red,498432.5370606862,5405494.216488899,284.036641852663,0.9000074949349185,18.919192782503572,100.10215163538786,344.2490896218416,4
WF-5-ZX107,red,498457.5370606862,5405494.216488899,285.0117292431612,0.9046598154681629,19.173244373729737,101.14977696694989,344.0736752202945,4
WF-5-ZX108,red,498482.5370606862,5405494.216488899,286.1955437495087,0.9103080113007632,19.390733024390475,102.37167684073376,344.4257356457282,4
WF-5-ZX109,red,498507.5370606862,5405494.216488899,287.40051636334783,0.916057156339442,19.604515387904257,103.61124245709426,344.83126477858366,4
WF-5-ZX110,red,498532.5370606862,5405494.216488899,288.65842080496157,0.9220588488232192,19.805987047585262,104.89691771821131,345.3731337567323,4
WF-5-ZX111,red,498557.5370606862,5405494.216488899,290.1169663229234,0.9290178366308849,19.96079429057283,106.35737418645701,346.4318066023998,4
WF-5-ZX112,red,498582.5370606862,5405494.216488899,291.57551184088527,0.9359768244385506,20.115601533560405,107.8178306547027,347.4904794480672,4
WF-5-ZX113,red,498607.5370606862,5405494.216488899,293.1448622910037,0.9434644828721315,20.2302232378139,109.37651571088728,348.8803339737368,4
WF-5-ZX114,red,498632.5370606862,5405494.216488899,294.8208746070225,0.9514610446036919,20.306161965956413,111.02975652619196,350.5889870876421,4
WF-5-ZX115,red,498657.5370606862,5405494.216488899,296.4968869230414,0.9594576063352526,20.382100694098934,112.6829973414967,352.29764020154744,4
WF-5-ZX116,red,498682.5370606862,5405494.216488899,298.2143643488007,0.9676520056999713,20.38832590779078,114.36769038374234,354.3573916217493,4
WF-5-ZX117,red,498707.5370606862,5405494.216488899,299.94154873396803,0.9758927187459144,20.378231226052705,116.0597463750339,356.4993349625497,4
