ID,X,Y,Ti,Hi,Di,Mi
50-14,495394.96,5404813.13,6.996516365089617,100.13195557583644,299.79483426831183,0
50-15,495558.87,5404339.03,10.696360676642431,94.96552460358399,203.8480567905465,0
50-16,495724.71,5403865.27,67.87786737238224,62.1096652499601,178.55824439614832,0
52-17,495869.64,5404980.28,13.787253202218185,76.59884942068692,290.77660401637337,0
52-18,496022.31,5404502.09,10.802438843099559,118.00361709832347,229.71224033079937,4
52-19,496166.57,5404015.05,12.199581667065164,91.445568185978,192.80155455820483,0
54-16,496497.74,5404659.17,7.299661205137876,115.48496899530309,231.909098093961,0
54-17,496655.46,5404184.68,31.632076585747054,88.85049918662209,244.4626534248036,15.835807313952996
54-18,496814.18,5403710.73,23.183162331400297,95.82689997510062,163.46037774927933,0
56-18,496675.16,5405766.01,31.35688348996579,73.00938163099495,367.97156700493304,0
56-20,497136.01,5404331.36,42.302542426066445,153.68644247985495,96.34014280397436,4
56-22,497291.62,5403856.01,23.986753969365452,194.58296740663815,131.99082698946356,0
60-18,497934.73,5405121.27,7.779613353427024,85.03859004071307,393.3243889503244,4
60-20,498232.97,5404152.17,21.953776901034665,90.74516898742826,248.8583234878655,19.481153011911772
64-24,498879.63,5405400.98,19.677945541612143,126.4920940458836,372.1935098688027,0
BK12-2,497464.39,5404959.31,14.60483496032637,101.83285177536301,356.83871846581263,4
BK12-3,497621.5,5404458.17,47.71126722422848,62.24286425580121,311.53493637598046,4
BK12-4,497754,5403998.03,12.194059716264915,62.65869693390099,284.31600565322884,20.744470752296728
BK12-7,498083.15,5404638.49,19.176510551953626,46.220981428689576,388.73251817333505,0
BK12-8,498378.44,5403689.89,12.271841550530773,49.22906775544344,273.11533575653414,0
BK14-9,499027.9391,5404918.19,47.183947454547656,119.96733261235146,317.0020155563583,0
BK17-6,498782.26,5404074.31,33.90684523957599,41.61461319480937,284.1627637214279,23.14
BK20-1,498695.79,5404381,7.951356513242335,28.60157438033999,326.3661707269399,4
BK23-3,498046.92,5404790.11,11.424368794551016,111.04053318145104,349.5779966989163,4
BK23-4,498616.54,5404670.77,23.32672756065915,134.90001531923156,305.10055826176267,4
BK23-5,496173.39,5405602.25,9.64811541889802,164.53803905874395,200.28909911698577,4
BK23-6,496830.86,5405285.47,8.206169740141071,123.57734865078113,338.9048514908885,4
BK23-8,497760.29,5405592.22,9.273012685153304,73.24756997062292,417.5623351650098,4
BND-1,495394.96,5403689.89,38.97680814077955,83.40445225720815,211.37999341531156,0
BND-2,499027.9391,5403689.89,22.85316748544127,69.4792632033663,286.61893567941274,0
BND-3,499027.9391,5405766.01,21.245083040793368,107.82706450594564,339.57174223484174,0
BND-4,495394.96,5405766.01,16.478237061038186,108.06646106349348,267.2489380055088,0
BJ1,495601.8241,5404270.607,13.200146275778724,94.84693039488405,208.14380219984338,0
BJ2,495603.0531,5405808.912,16.13711708294668,113.23441761252559,264.2560668227804,0
BJ3,496085.1344,5404207.591,18.33256978994372,97.70666377175841,216.34034548582486,0
BJ4,496085.1344,5404272.579,17.565436718006495,101.7249939099088,223.30586171428237,0
BJ5,496170.8574,5403926.975,15.591730792946965,91.88699946313521,197.80285364523482,0
BJ6,496177.6283,5404207.591,18.024407900500726,97.67849475227635,216.1490501233559,0
BJ7,498958.8109,5405677.692,21.034339681631938,111.76101008974648,346.9132081643023,0
BJ8,498958.8109,5403926.114,26.876602680145464,57.96856609545037,288.6052537343561,0
WF-1-LOC1,496227.86411087646,5403988.216488899,13.821031472300946,92.00281974725524,196.0740350581178,23.14
WF-1-LOC2,498908.1849,5403988.216488899,29.40688774935989,51.45006515930595,287.53076899324424,23.14
WF-1-LOC3,498908.1849,5404296.216488899,19.76869905055231,55.75885743270614,306.7198683416294,22.295931902255102
WF-1-LOC4,496227.86411087646,5404296.216488899,18.22440720659409,101.96750004958542,226.32034619068986,23.14
WF-2-LOC1,495652.72694435687,5404326.216488899,12.850357472330987,95.5849868020762,209.8109388852635,4
WF-2-LOC2,498908.1849,5404326.216488899,18.742092280807306,56.24288957406324,309.0029499432027,4
WF-2-LOC3,498908.1849,5404634.216488899,24.693733595094322,95.42511079508823,312.78551295012903,4
WF-2-LOC4,495652.72694435687,5404634.216488899,13.64180591931023,99.10980427337157,252.0222689058826,4
WF-3-LOC1,495652.9969831333,5404664.216488899,13.410549166262346,98.75901592295227,256.6714208286426,4
WF-3-LOC2,498908.1849,5404664.216488899,26.138522378857342,98.9229969079597,313.1419807235094,4
WF-3-LOC3,498908.1849,5404972.216488899,39.90259666095707,114.8941503894783,319.1358719200176,4
WF-3-LOC4,495652.9969831333,5404972.216488899,13.272478099585761,90.50694370340163,279.70629203229424,4
WF-4-LOC1,495653.26702190976,5405002.216488899,13.438103265800128,90.27734835317139,279.68501568487244,4
WF-4-LOC2,498908.1849,5405002.216488899,38.52754470533409,114.17786334601232,320.35972273926853,4
WF-4-LOC3,498908.1849,5405310.216488899,20.978020280647094,122.39864421587012,363.62115184381116,4
WF-4-LOC4,495653.26702190976,5405310.216488899,14.82642484416715,102.29915721834007,268.86926114979417,4
WF-5-LOC1,495653.5370606862,5405340.216488899,14.917289814753467,103.87012726202526,267.64978278922706,4
WF-5-LOC2,498869.6696709239,5405340.216488899,20.079882018492583,124.85245340591017,369.00490036327074,4
WF-5-LOC3,498869.6696709239,5405648.216488899,20.729443311199798,113.31814718435541,350.52876697561703,4
WF-5-LOC4,495653.5370606862,5405648.216488899,15.451232065110453,114.98130952048754,260.46537898038235,4
WF-1-BJ1,496252.9138378776,5403988.216488899,14.80202335978527,92.50994156789466,198.4228696698766,23.14
WF-1-BJ2,496277.96356487874,5403988.216488899,15.905622150240838,93.09078860396752,201.08245731504235,23.14
WF-1-BJ3,496303.0132918799,5403988.216488899,17.00907323679986,93.67930836028991,203.7486126312661,23.14
WF-1-BJ4,496328.0630188811,5403988.216488899,18.11122101851368,94.33553041517075,206.47271954900918,23.14
WF-1-BJ5,496353.11274588224,5403988.216488899,19.213368800227506,94.99175247005157,209.19682646675224,23.14
WF-1-BJ6,496378.16247288336,5403988.216488899,20.23320667923622,95.58217165354839,211.64750218321853,23.03903057341715
WF-1-BJ7,496403.2121998845,5403988.216488899,21.133581847490643,96.07708605411258,213.7013261062038,22.669446935020478
WF-1-BJ8,496428.2619268857,5403988.216488899,22.033957015745067,96.57200045467678,215.7551500291891,22.299863296623794
WF-1-BJ9,496453.31165388686,5403988.216488899,22.786412402941025,96.91645076005761,217.26762268437454,21.946846318847513
WF-1-BJ10,496478.361380888,5403988.216488899,23.479638476750623,97.20065297026758,218.56333011950113,21.600462882080564
WF-1-BJ11,496503.41110788914,5403988.216488899,24.168839453834675,97.48266188326133,219.84480205812642,21.255466891148917
WF-1-BJ12,496528.4608348903,5403988.216488899,24.662941508513754,97.65836032658628,220.43627069592185,20.977721256138995
WF-1-BJ13,496553.5105618915,5403988.216488899,25.157043563192843,97.83405876991125,221.02773933371728,20.699975621129067
WF-1-BJ14,496578.5602888926,5403988.216488899,25.581351079782976,98.04354818450653,221.36836382603852,20.462573066857544
WF-1-BJ15,496603.61001589376,5403988.216488899,25.861591718750002,98.32278746572845,221.19120664376754,20.308444961200806
WF-1-BJ16,496628.65974289493,5403988.216488899,26.141832357717036,98.60202674695037,221.0140494614965,20.154316855544067
WF-1-BJ17,496653.7094698961,5403988.216488899,26.293997144327825,99.08925872634104,220.29305808609888,20.095581952546638
WF-1-BJ18,496678.7591968972,5403988.216488899,26.371744418932792,99.69734330072231,219.25607593764582,20.09227455343506
WF-1-BJ19,496703.8089238984,5403988.216488899,26.449491693537936,100.30542787510498,218.2190937891904,20.088967154323473
WF-1-BJ20,496728.85865089955,5403988.216488899,26.41384151843047,101.32276791238893,216.5523295945726,20.193422259655335
WF-1-BJ21,496753.9083779007,5403988.216488899,26.37077765896428,102.36686420240804,214.84439158769646,20.304922648595195
WF-1-BJ22,496778.95810490183,5403988.216488899,26.324200619984133,103.51895690898667,213.07818403848992,20.4271966417908
WF-1-BJ23,496804.007831903,5403988.216488899,26.266784019814367,105.00426167059979,211.13219169118025,20.582711504716677
WF-1-BJ24,496829.05755890417,5403988.216488899,26.20936741964459,106.48956643221292,209.18619934387056,20.73822636764256
WF-1-BJ25,496854.10728590534,5403988.216488899,26.17439789454555,108.23256371608251,207.2493039877257,20.885504693775598
WF-1-BJ26,496879.15701290645,5403988.216488899,26.157726436114856,110.1856228871786,205.3198241790583,21.026068884597752
WF-1-BJ27,496904.2067399076,5403988.216488899,26.141054977684128,112.1386820582792,203.3903443703864,21.166633075420226
WF-1-BJ28,496929.2564669088,5403988.216488899,26.149746594570132,114.55338277787531,201.4098641320039,21.254481844064
WF-1-BJ29,496954.30619390996,5403988.216488899,26.162668452491435,117.04507948465596,199.4208776652604,21.333538345235915
WF-1-BJ30,496979.35592091107,5403988.216488899,26.172307331639985,119.63705985689384,197.38689120114378,21.394954907409577
WF-1-BJ31,497004.40564791224,5403988.216488899,26.165112183167803,122.74326164547435,195.12215965725412,21.36591970584113
WF-1-BJ32,497029.4553749134,5403988.216488899,26.157917034695625,125.84946343405481,192.8574281133645,21.336884504272675
WF-1-BJ33,497054.5051019146,5403988.216488899,26.117851703204405,129.2565614731942,190.3814760594318,21.241094369576306
WF-1-BJ34,497079.5548289157,5403988.216488899,26.040620786664732,133.00387621219804,187.66670167143215,21.069825916334164
WF-1-BJ35,497104.60455591686,5403988.216488899,25.963389870124878,136.7511909512105,184.95192728342624,20.898557463091635
WF-1-BJ36,497129.654282918,5403988.216488899,25.826665725035674,140.7609945404687,181.9806608390882,20.633916417755266
WF-1-BJ37,497154.7040099192,5403988.216488899,25.67271629929826,144.84679743624892,178.93513136075302,20.34224088222757
WF-1-BJ38,497179.7537369203,5403988.216488899,25.51713503327217,148.85738616325455,175.95088197407546,20.051474139205553
WF-1-BJ39,497204.8034639215,5403988.216488899,25.343191063354478,152.02160804987255,173.65620262985848,19.770933818327205
WF-1-BJ40,497229.85319092264,5403988.216488899,25.169247093436788,155.18582993649056,171.3615232856415,19.490393497448853
WF-1-BJ41,497254.9029179238,5403988.216488899,25.007717230294062,157.17063381186313,170.23092383959477,19.288679951673092
WF-1-BJ42,497279.9526449249,5403988.216488899,24.865788654267092,157.29319246197792,170.93835146411539,19.211430153404834
WF-1-BJ43,497305.0023719261,5403988.216488899,24.723860078239795,157.41575111209298,171.64577908863762,19.1341803551364
WF-1-BJ44,497330.05209892726,5403988.216488899,24.55893168078005,154.80051834160267,175.36713530816888,19.228194472123107
WF-1-BJ45,497355.10182592843,5403988.216488899,24.3838571047903,150.97753182341577,180.41806087637872,19.39776023045759
WF-1-BJ46,497380.15155292954,5403988.216488899,24.208776269457175,147.15445636684692,185.46909287739737,19.56732920357367
WF-1-BJ47,497405.2012799307,5403988.216488899,23.85150985943998,140.7427242705277,193.6179775051517,19.83046819392648
WF-1-BJ48,497430.2510069319,5403988.216488899,23.49424344942279,134.33099217420866,201.76686213290586,20.093607184279286
WF-1-BJ49,497455.30073393305,5403988.216488899,23.04343916173606,127.6649156024053,210.20163188099792,20.338065365485917
WF-1-BJ50,497480.35046093416,5403988.216488899,22.380667512666175,120.42246581482239,219.28424949698024,20.540190730063134
WF-1-BJ51,497505.40018793533,5403988.216488899,21.717895863594737,113.18001602722242,228.3668671129839,20.742316094640824
WF-1-BJ52,497530.4499149365,5403988.216488899,20.832274749294378,106.01757185919192,237.0920243938381,20.86978299251683
WF-1-BJ53,497555.49964193767,5403988.216488899,19.80555696002362,98.90578308263252,245.59085640767094,20.949980037628396
WF-1-BJ54,497580.5493689388,5403988.216488899,18.77883917075524,91.79399430608957,254.08968842148408,21.030177082739783
WF-1-BJ55,497605.59909593995,5403988.216488899,17.51527699775143,85.46511279804805,261.02938258041644,21.007782212348623
WF-1-BJ56,497630.6488229411,5403988.216488899,16.230686444085627,79.20574221446252,267.83064768394667,20.976278652876328
WF-1-BJ57,497655.6985499423,5403988.216488899,15.003095001892772,73.46246450653295,273.95783365096867,20.936101646471194
WF-1-BJ58,497680.7482769434,5403988.216488899,13.972291258597085,69.5009817563194,277.75778189938507,20.865979828308813
WF-1-BJ59,497705.79800394457,5403988.216488899,12.941487515299007,65.53949900609668,281.55773014781016,20.79585801014627
WF-1-BJ60,497730.84773094574,5403988.216488899,12.426477137794945,63.536332383646226,283.49564489599703,20.761154515914214
WF-1-BJ61,497755.8974579469,5403988.216488899,12.367521616346288,63.264672288790074,283.7871844167431,20.757767241883975
WF-1-BJ62,497780.947184948,5403988.216488899,12.308566094897769,62.99301219393456,284.0787239374886,20.75437996785375
WF-1-BJ63,497805.9969119492,5403988.216488899,12.982530053071267,64.80427898969488,282.8931921949628,20.81470049579312
WF-1-BJ64,497831.04663895036,5403988.216488899,13.799356348170209,67.0215546466083,281.4197463522616,20.88743909382452
WF-1-BJ65,497856.0963659515,5403988.216488899,14.633180901765524,69.24818103570783,279.96190933518585,20.958832855064255
WF-1-BJ66,497881.14609295264,5403988.216488899,15.568864054658729,71.53083978147588,278.597605024141,21.022167955946674
WF-1-BJ67,497906.1958199538,5403988.216488899,16.50454720755412,73.81349852724925,277.23330071309306,21.08550305682924
WF-1-BJ68,497931.245546955,5403988.216488899,17.31571242768011,75.70843590973186,276.0477991647685,21.121235017474795
WF-1-BJ69,497956.29527395614,5403988.216488899,17.97416822270501,77.12786984326789,275.08158223268094,21.123114346753713
WF-1-BJ70,497981.34500095726,5403988.216488899,18.632624017728393,78.54730377680065,274.1153653005956,21.124993676032627
WF-1-BJ71,498006.3947279584,5403988.216488899,19.081600717370897,79.43964357274193,273.1910205662715,21.081973934248968
WF-1-BJ72,498031.4444549596,5403988.216488899,19.462708973477703,80.16121187165129,272.28024186766305,21.024407490019158
WF-1-BJ73,498056.49418196076,5403988.216488899,19.832832846251186,80.85899947427254,271.365536186455,20.96501240244912
WF-1-BJ74,498081.5439089619,5403988.216488899,20.03514314987295,81.1934782410747,270.39083615271977,20.87768027405348
WF-1-BJ75,498106.59363596304,5403988.216488899,20.23745345349517,81.5279570078776,269.41613611898237,20.79034814565763
WF-1-BJ76,498131.6433629642,5403988.216488899,20.399827456612265,81.75180546744997,268.5415595185171,20.708384473398603
WF-1-BJ77,498156.6930899654,5403988.216488899,20.493489621635714,81.78531051357325,267.83924887782666,20.6356574225647
WF-1-BJ78,498181.7428169665,5403988.216488899,20.587151786658936,81.81881555969647,267.13693823713794,20.562930371730964
WF-1-BJ79,498206.79254396766,5403988.216488899,20.62947669475752,81.54353356558391,266.9966091587173,20.528127371723315
WF-1-BJ80,498231.84227096883,5403988.216488899,20.646938563910552,81.11870356935465,267.12845218894364,20.51169128902187
WF-1-BJ81,498256.89199797,5403988.216488899,20.664400433063587,80.6938735731254,267.26029521917,20.495255206320422
WF-1-BJ82,498281.9417249711,5403988.216488899,20.653265314037213,79.71593515619173,268.3558147116598,20.547198548170986
WF-1-BJ83,498306.9914519723,5403988.216488899,20.641542255670693,78.72662511515867,269.4711468956062,20.600547735752592
WF-1-BJ84,498332.04117897345,5403988.216488899,20.64906336387412,77.62380107058596,270.7367156774872,20.67105099323739
WF-1-BJ85,498357.0909059746,5403988.216488899,20.70462884384065,76.2375815894504,272.37736035248935,20.78438055388706
WF-1-BJ86,498382.14063297573,5403988.216488899,20.76019432380705,74.851362108318,274.0180050274877,20.897710114536476
WF-1-BJ87,498407.1903599769,5403988.216488899,20.921740792043757,73.3480375695057,275.6600559904759,21.04410786597063
WF-1-BJ88,498432.24008697807,5403988.216488899,21.15628747400276,71.76405050453758,277.3030756113831,21.2132831460359
WF-1-BJ89,498457.28981397924,5403988.216488899,21.390834155961755,70.18006343956942,278.9460952322903,21.382458426101163
WF-1-BJ90,498482.33954098035,5403988.216488899,21.871255208835045,68.41244984162728,280.3244016621574,21.608513812669976
WF-1-BJ91,498507.3892679815,5403988.216488899,22.379520333170056,66.62404143579894,281.6727306162121,21.841010593453312
WF-1-BJ92,498532.4389949827,5403988.216488899,22.956517232934658,64.77014869377477,282.92222995175007,22.087416941579384
WF-1-BJ93,498557.48872198386,5403988.216488899,23.801019150070935,62.66139001263941,283.7870830497519,22.387959517533
WF-1-BJ94,498582.53844898497,5403988.216488899,24.64552106720527,60.55263133150888,284.65193614775177,22.68850209348593
WF-1-BJ95,498607.58817598614,5403988.216488899,25.628767205248714,58.31996680971379,285.2118250154271,23.00989017417058
WF-1-BJ96,498632.6379029873,5403988.216488899,26.74502097926512,55.96851951742472,285.47935884974066,23.14
WF-1-BJ97,498657.6876299885,5403988.216488899,27.861274753281563,53.61707222513555,285.7468926840543,23.14
WF-1-BJ98,498682.7373569896,5403988.216488899,28.887152302268312,51.586463036480396,285.66898293020296,23.14
WF-1-BJ99,498707.78708399076,5403988.216488899,29.89274512958722,49.627865171942005,285.51353921167697,23.14
WF-1-BJ100,498732.8368109919,5403988.216488899,30.815999726253764,47.835151530304856,285.37211160803156,23.14
WF-1-BJ101,498757.8865379931,5403988.216488899,31.151276151297356,47.22701887018488,285.33077322825466,23.14
WF-1-BJ102,498782.9362649942,5403988.216488899,31.48655257634016,46.61888621006632,285.289434848478,23.14
WF-1-BJ103,498807.9859919954,5403988.216488899,31.507194937110686,46.64907227660834,285.43976745874454,23.14
WF-1-BJ104,498833.03571899654,5403988.216488899,31.109015711195653,47.52894911814435,285.8452407460293,23.14
WF-1-BJ105,498858.0854459977,5403988.216488899,30.710836485280645,48.40882595968029,286.25071403331395,23.14
WF-1-BJ106,498883.1351729988,5403988.216488899,30.097606839128154,49.83162887269706,286.8549341417469,23.14
WF-1-BJ107,498908.1849,5404013.883155566,29.954395144390745,50.07707933030747,287.48528540330534,23.14
WF-1-BJ108,498908.1849,5404039.549822232,30.29137511599079,49.14274684328599,287.5188593186563,23.14
WF-1-BJ109,498908.1849,5404065.216488899,30.493650129563868,48.44461170848226,287.687448808358,23.14
WF-1-BJ110,498908.1849,5404090.883155566,30.064937018734188,48.852877751895036,288.48848141866955,23.14
WF-1-BJ111,498908.1849,5404116.549822232,29.636223907920062,49.26114379529299,289.28951402895206,23.14
WF-1-BJ112,498908.1849,5404142.216488899,28.457436236830798,50.51103643528873,291.1859461322414,23.14
WF-1-BJ113,498908.1849,5404167.883155566,27.209275705711516,51.8387693956682,293.1836894914105,23.14
WF-1-BJ114,498908.1849,5404193.549822232,25.719149416764605,53.01818938088075,295.7176454457933,23.14
WF-1-BJ115,498908.1849,5404219.216488899,24.101439135911903,54.119406724674015,298.5343362136118,23.14
WF-1-BJ116,498908.1849,5404244.883155566,22.55724519791902,54.94644510122605,301.32501131229463,22.872066849058534
WF-1-BJ117,498908.1849,5404270.549822232,21.126041943889142,55.352085080923985,304.0757017199408,22.57709135778613
WF-1-BJ118,498883.1351729988,5404296.216488899,19.018042437903713,53.514646618598995,307.83087445818455,22.17933404976657
WF-1-BJ119,498858.0854459977,5404296.216488899,18.167394657561548,51.1609623182492,309.1174600840229,22.04493661706302
WF-1-BJ120,498833.03571899654,5404296.216488899,17.03924917391587,48.503464774120694,310.8913178529611,21.86114139510116
WF-1-BJ121,498807.9859919954,5404296.216488899,15.911103690270128,45.84596722999204,312.6651756218994,21.677346173139288
WF-1-BJ122,498782.9362649942,5404296.216488899,14.808255674617074,43.402456026272844,314.4173777626465,21.495571623422016
WF-1-BJ123,498757.8865379931,5404296.216488899,13.724412040362816,41.11969917267441,316.15331140499137,21.315315076456436
WF-1-BJ124,498732.8368109919,5404296.216488899,12.64056840610601,38.836942319070594,317.88924504734035,21.135058529490433
WF-1-BJ125,498707.78708399076,5404296.216488899,12.42046429260843,38.829203241197845,318.0960398156046,21.085565801107812
WF-1-BJ126,498682.7373569896,5404296.216488899,12.321314982054618,39.14004901459507,318.0886997819487,21.054384741380833
WF-1-BJ127,498657.6876299885,5404296.216488899,12.39776932080087,40.0141421916063,317.71841796634436,21.045990478727774
WF-1-BJ128,498632.6379029873,5404296.216488899,13.256605354637964,43.39771885687587,315.7310911308199,21.139120147902993
WF-1-BJ129,498607.58817598614,5404296.216488899,14.115441388475023,46.781295522145314,313.74376429529553,21.232249817078213
WF-1-BJ130,498582.53844898497,5404296.216488899,15.02363098180368,50.590184249203716,311.4141874102541,21.3154458062293
WF-1-BJ131,498557.48872198386,5404296.216488899,15.983302740876189,54.84272863724983,308.7275993195966,21.38827967830622
WF-1-BJ132,498532.4389949827,5404296.216488899,16.942974499950907,59.095273025305694,306.0410112289329,21.461113550383306
WF-1-BJ133,498507.3892679815,5404296.216488899,17.68134141067824,62.80840452166246,303.2840774712184,21.472558481530534
WF-1-BJ134,498482.33954098035,5404296.216488899,18.362847050960855,66.38294121295588,300.5090693512446,21.468230359359705
WF-1-BJ135,498457.28981397924,5404296.216488899,19.018297086573735,69.85657903321676,297.7273676414122,21.457020388008445
WF-1-BJ136,498432.24008697807,5404296.216488899,19.443665633721928,72.4392391645973,294.8865588358479,21.385040915315606
WF-1-BJ137,498407.1903599769,5404296.216488899,19.869034180870123,75.02189929597786,292.0457500302835,21.31306144262277
WF-1-BJ138,498382.14063297573,5404296.216488899,20.22577917834636,77.24373774714701,289.26943520852626,21.22840068300028
WF-1-BJ139,498357.0909059746,5404296.216488899,20.482897185132504,78.94173885170414,286.58675211458564,21.125329356438375
WF-1-BJ140,498332.04117897345,5404296.216488899,20.740015191919245,80.63973995626517,283.90406902063893,21.02225802987624
WF-1-BJ141,498306.9914519723,5404296.216488899,20.916509565432623,81.76776889985123,281.9492724405524,20.940971390349315
WF-1-BJ142,498281.9417249711,5404296.216488899,21.060710153612785,82.66749557194294,280.2860307045133,20.868410604249032
WF-1-BJ143,498256.89199797,5404296.216488899,21.20348682685128,83.55272225258697,278.6617102787718,20.797593872463988
WF-1-BJ144,498231.84227096883,5404296.216488899,21.277005200862206,83.73267875368532,278.9304971422442,20.81160681141039
WF-1-BJ145,498206.79254396766,5404296.216488899,21.350523574873144,83.91263525478368,279.19928400571655,20.825619750356797
WF-1-BJ146,498181.7428169665,5404296.216488899,21.422701889837274,83.94721577792608,279.96543305828385,20.865400431458347
WF-1-BJ147,498156.6930899654,5404296.216488899,21.49211324796501,83.68162366539994,281.7585366413126,20.958386402640677
WF-1-BJ148,498131.6433629642,5404296.216488899,21.561524606092902,83.41603155287319,283.5516402243456,21.051372373823227
WF-1-BJ149,498106.59363596304,5404296.216488899,21.67548417158018,83.09729219146202,285.4138597128129,21.16040025719291
WF-1-BJ150,498081.5439089619,5404296.216488899,21.815335790684834,82.74766289082996,287.31625035148784,21.2787519287708
WF-1-BJ151,498056.49418196076,5404296.216488899,21.955187409789165,82.3980335901987,289.2186409901585,21.397103600348423
WF-1-BJ152,498031.4444549596,5404296.216488899,22.21382175009979,82.14035441353877,290.3653814901276,21.502170116243494
WF-1-BJ153,498006.3947279584,5404296.216488899,22.48023111688593,81.88869391233138,291.46266025210133,21.60636704070206
WF-1-BJ154,497981.34500095726,5404296.216488899,22.7891438898359,81.65817684096564,292.3450682476291,21.703204789664674
WF-1-BJ155,497956.29527395614,5404296.216488899,23.229245395132743,81.49291994540168,292.5642676673545,21.777328102501258
WF-1-BJ156,497931.245546955,5404296.216488899,23.669346900430597,81.32766304983735,292.7834670870803,21.851451415338012
WF-1-BJ157,497906.1958199538,5404296.216488899,24.232027587443966,81.16448437818516,292.70499961723056,21.90599166496282
WF-1-BJ158,497881.14609295264,5404296.216488899,24.89465826966996,81.00300027217756,292.3838171628977,21.944564055715592
WF-1-BJ159,497856.0963659515,5404296.216488899,25.557288951894417,80.84151616617031,292.06263470856544,21.983136446468272
WF-1-BJ160,497831.04663895036,5404296.216488899,26.428589563866872,80.63437567729656,291.60011168575403,21.992069042919827
WF-1-BJ161,497805.9969119492,5404296.216488899,27.334713209246605,80.41961600846845,291.1140016164337,21.99605532272484
WF-1-BJ162,497780.947184948,5404296.216488899,28.262125645776592,80.20628351839116,290.62454734295665,21.996675932226008
WF-1-BJ163,497755.8974579469,5404296.216488899,29.298754899468154,80.00027281185709,290.1179364666765,21.98002981222551
WF-1-BJ164,497730.84773094574,5404296.216488899,30.33538415316212,79.79426210532256,289.61132559039527,21.96338369222497
WF-1-BJ165,497705.79800394457,5404296.216488899,31.268257382196897,79.75234390422634,288.91027098473324,21.956479285189374
WF-1-BJ166,497680.7482769434,5404296.216488899,32.08378361126046,79.89601264416977,287.9893025149753,21.960592655625224
WF-1-BJ167,497655.6985499423,5404296.216488899,32.899309840322125,80.0396813841129,287.0683340452195,21.964706026061062
WF-1-BJ168,497630.6488229411,5404296.216488899,33.26025961055777,80.91579634683349,285.05460950336567,22.033484842979576
WF-1-BJ169,497605.59909593995,5404296.216488899,33.489542338619216,82.00406269978082,282.7243706391432,22.1209938600743
WF-1-BJ170,497580.5493689388,5404296.216488899,33.678358882007586,83.19693312390841,280.20365744702355,22.218246032940247
WF-1-BJ171,497555.49964193767,5404296.216488899,33.41140145378332,85.5679678191097,275.53761620836536,22.425236171906704
WF-1-BJ172,497530.4499149365,5404296.216488899,33.14444402555844,87.93900251431644,270.87157496969644,22.632226310873644
WF-1-BJ173,497505.40018793533,5404296.216488899,32.86492613279297,90.74222309643393,265.16120603747805,22.88490550534202
WF-1-BJ174,497480.35046093416,5404296.216488899,32.56557011977071,94.22804228548303,257.80141575582024,23.14
WF-1-BJ175,497455.30073393305,5404296.216488899,32.266214106749146,97.71386147452391,250.4416254741798,23.14
WF-1-BJ176,497430.2510069319,5404296.216488899,32.23210925745038,101.78760337089211,241.05642865557817,23.14
WF-1-BJ177,497405.2012799307,5404296.216488899,32.31505559349445,106.12078635251562,230.77745164531822,23.14
WF-1-BJ178,497380.15155292954,5404296.216488899,32.39800192953852,110.45396933413927,220.49847463505807,23.14
WF-1-BJ179,497355.10182592843,5404296.216488899,33.10135376249828,115.5479352678307,206.91284271036426,23.14
WF-1-BJ180,497330.05209892726,5404296.216488899,33.804726910710905,120.64192733972887,193.32709717900474,23.14
WF-1-BJ181,497305.0023719261,5404296.216488899,34.6994151757866,125.88835986406941,178.93133552794168,23.14
WF-1-BJ182,497279.9526449249,5404296.216488899,36.02778529577564,131.48035137644464,162.6993922982221,23.14
WF-1-BJ183,497254.9029179238,5404296.216488899,37.35615541576161,137.07234288880693,146.4674490685401,23.14
WF-1-BJ184,497229.85319092264,5404296.216488899,38.70477470284313,142.00929395159878,131.79533888543784,23.14
WF-1-BJ185,497204.8034639215,5404296.216488899,40.06621841930572,146.53138745757968,118.11111964428294,23.14
WF-1-BJ186,497179.7537369203,5404296.216488899,41.4276621357683,151.0534809635605,104.42690040312819,23.14
WF-1-BJ187,497154.7040099192,5404296.216488899,41.70867301662435,151.98071519147237,101.57408233663593,23.14
WF-1-BJ188,497129.654282918,5404296.216488899,41.89366896192584,152.58848469141915,99.6838195086347,23.14
WF-1-BJ189,497104.60455591686,5404296.216488899,41.75302583051003,152.26028646849426,100.57539478464506,23.14
WF-1-BJ190,497079.5548289157,5404296.216488899,40.48767997805321,148.6994128082959,111.0749720136692,23.14
WF-1-BJ191,497054.5051019146,5404296.216488899,39.222334125599296,145.13853914810582,121.57454924266925,23.14
WF-1-BJ192,497029.4553749134,5404296.216488899,37.743081522078725,140.8629360143241,133.7820312914744,23.14
WF-1-BJ193,497004.40564791224,5404296.216488899,36.07464438003225,135.9552080646666,147.50002754130253,23.14
WF-1-BJ194,496979.35592091107,5404296.216488899,34.40620723798574,131.0474801150091,161.2180237911308,23.14
WF-1-BJ195,496954.30619390996,5404296.216488899,33.06363728938698,126.5806876842551,172.75701972408868,23.14
WF-1-BJ196,496929.2564669088,5404296.216488899,31.78461809066568,122.19988667403977,183.87106614723874,23.14
WF-1-BJ197,496904.2067399076,5404296.216488899,30.588803501948792,117.94306746215389,194.49891252517355,23.14
WF-1-BJ198,496879.15701290645,5404296.216488899,29.891855236126524,114.42960061782524,202.21167007888496,23.14
WF-1-BJ199,496854.10728590534,5404296.216488899,29.19490697030586,110.9161337735047,209.9244276325786,22.75367635523609
WF-1-BJ200,496829.05755890417,5404296.216488899,28.72916568354367,107.7645565381809,216.4122607208865,22.006232010404307
WF-1-BJ201,496804.007831903,5404296.216488899,28.54705657005505,105.05692583381582,221.3974229571694,21.29581994739326
WF-1-BJ202,496778.95810490183,5404296.216488899,28.364947456566437,102.34929512945077,226.38258519345226,20.585407884382217
WF-1-BJ203,496753.9083779007,5404296.216488899,28.38387871081563,100.34847325660094,229.71181273837698,20.012907345996208
WF-1-BJ204,496728.85865089955,5404296.216488899,28.467968589947027,98.57673319469824,232.50433997482338,19.485104921728915
WF-1-BJ205,496703.8089238984,5404296.216488899,28.541668569131794,96.87797320634442,235.18245707819688,18.980873283540003
WF-1-BJ206,496678.7591968972,5404296.216488899,28.456447814750227,96.2954941142154,236.11059175933707,18.83717318401383
WF-1-BJ207,496653.7094698961,5404296.216488899,28.371227060368852,95.71301502208773,237.03872644047516,18.69347308448799
WF-1-BJ208,496628.65974289493,5404296.216488899,28.120092691149086,95.4953099122957,237.50122675484846,18.701194847880416
WF-1-BJ209,496603.61001589376,5404296.216488899,27.583413601806296,95.9053970713669,237.16234958692303,18.969520380949962
WF-1-BJ210,496578.5602888926,5404296.216488899,27.046734512463512,96.31548423043813,236.82347241899754,19.23784591401951
WF-1-BJ211,496553.5105618915,5404296.216488899,26.31833443445527,96.94162674159122,236.1513731719092,19.628507743370754
WF-1-BJ212,496528.4608348903,5404296.216488899,25.497053341277457,97.67243927647907,235.31784139098812,20.07843652867594
WF-1-BJ213,496503.41110788914,5404296.216488899,24.67577224809965,98.40325181136689,234.4843096100671,20.52836531398112
WF-1-BJ214,496478.361380888,5404296.216488899,23.86588936841944,98.98205917189468,233.59465319188905,20.946183152080888
WF-1-BJ215,496453.31165388686,5404296.216488899,23.056241645918185,99.55773050520848,232.70383886319803,21.363338507440634
WF-1-BJ216,496428.2619268857,5404296.216488899,22.288276561348326,100.06496365214886,231.8292710048647,21.750164470323853
WF-1-BJ217,496403.2121998845,5404296.216488899,21.624410044272835,100.40127870184865,230.99527721705937,22.061245555569116
WF-1-BJ218,496378.16247288336,5404296.216488899,20.960543527197338,100.73759375154845,230.16128342925404,22.372326640814386
WF-1-BJ219,496353.11274588224,5404296.216488899,20.38745817584023,100.99213815599435,229.3879358801333,22.620403730474425
WF-1-BJ220,496328.0630188811,5404296.216488899,19.87692111984594,101.19034252084096,228.6563736376863,22.825071017079274
WF-1-BJ221,496303.0132918799,5404296.216488899,19.36638406385165,101.38854688568757,227.92481139523937,23.029738303684116
WF-1-BJ222,496277.96356487874,5404296.216488899,18.96980623561941,101.57802200245915,227.3597606840285,23.14
WF-1-BJ223,496252.9138378776,5404296.216488899,18.586143438235357,101.76650783112807,226.8135807707751,23.14
WF-1-BJ224,496227.86411087646,5404270.549822232,18.440337860568356,100.75270985475458,224.04560894033324,23.14
WF-1-BJ225,496227.86411087646,5404244.883155566,18.618942246606363,99.53769382997288,221.6745703691036,23.14
WF-1-BJ226,496227.86411087646,5404219.216488899,18.524313102207536,98.35098144672456,218.80009683344363,23.14
WF-1-BJ227,496227.86411087646,5404193.549822232,18.25190708975579,97.18268456594393,215.5980679970698,23.14
WF-1-BJ228,496227.86411087646,5404167.883155566,17.79920042701921,96.05413164461017,212.18600437329468,23.14
WF-1-BJ229,496227.86411087646,5404142.216488899,17.00454974085429,95.00095398873148,208.37560530144918,23.14
WF-1-BJ230,496227.86411087646,5404116.549822232,16.193931246151795,93.97437684436473,204.61181919169454,23.14
WF-1-BJ231,496227.86411087646,5404090.883155566,15.21066530748495,93.23541025790485,201.3520226397545,23.14
WF-1-BJ232,496227.86411087646,5404065.216488899,14.227399368782436,92.49644367141815,198.0922260876962,23.14
WF-1-BJ233,496227.86411087646,5404039.549822232,13.802631589982028,92.19450467174474,196.7158130769913,23.14
WF-1-BJ234,496227.86411087646,5404013.883155566,13.497093426275848,91.98586343865631,195.74146959995974,23.14
WF-2-BJ1,495677.76892863103,5404326.216488899,13.723510101837675,95.93724681836136,212.27365310936045,4
WF-2-BJ2,495702.8109129052,5404326.216488899,14.536799908802724,96.41058179855268,214.66931404968997,4
WF-2-BJ3,495727.8528971794,5404326.216488899,15.254954702884508,97.07633116486889,216.95841277420277,4
WF-2-BJ4,495752.8948814536,5404326.216488899,15.973109496967963,97.74208053118667,219.24751149872088,4
WF-2-BJ5,495777.93686572777,5404326.216488899,16.385099889493624,98.57173925589417,220.9838773145176,4
WF-2-BJ6,495802.97885000193,5404326.216488899,16.660516203299416,99.4745148077118,222.4736795605382,4
WF-2-BJ7,495828.0208342761,5404326.216488899,16.935932517105204,100.37729035952943,223.9634818065588,4
WF-2-BJ8,495853.0628185503,5404326.216488899,16.856767241108763,101.34899583488675,224.7545788287444,4
WF-2-BJ9,495878.10480282444,5404326.216488899,16.77647485778898,102.32092041756339,225.54345487895267,4
WF-2-BJ10,495903.14678709867,5404326.216488899,16.6591391115278,103.23589085666197,226.19780806060146,4
WF-2-BJ11,495928.18877137284,5404326.216488899,16.456242808113956,104.01931200136437,226.54144831906774,4
WF-2-BJ12,495953.230755647,5404326.216488899,16.253346504700108,104.8027331460668,226.88508857753402,4
WF-2-BJ13,495978.2727399212,5404326.216488899,16.113282899047025,105.30973152654018,227.0852300294955,4
WF-2-BJ14,496003.31472419534,5404326.216488899,16.013824167437456,105.63809502542667,227.19263710634374,4
WF-2-BJ15,496028.3567084695,5404326.216488899,15.91436543582789,105.96645852431314,227.30004418319197,4
WF-2-BJ16,496053.39869274374,5404326.216488899,15.998539770247561,105.83639416814643,227.33305710140257,4
WF-2-BJ17,496078.4406770179,5404326.216488899,16.100267037722418,105.66251007066398,227.35895890550648,4
WF-2-BJ18,496103.4826612921,5404326.216488899,16.235224897242112,105.43367066504848,227.39798255301753,4
WF-2-BJ19,496128.52464556624,5404326.216488899,16.489344254463187,105.00776715612298,227.4840597862993,4
WF-2-BJ20,496153.5666298404,5404326.216488899,16.743463611684255,104.58186364719745,227.57013701958107,4
WF-2-BJ21,496178.6086141146,5404326.216488899,17.037861799486887,104.17013133664878,227.7452390324582,4
WF-2-BJ22,496203.6505983888,5404326.216488899,17.368942133685508,103.77130481223918,228.0014163881591,4
WF-2-BJ23,496228.692582663,5404326.216488899,17.700022467883365,103.37247828783049,228.2575937438594,4
WF-2-BJ24,496253.73456693714,5404326.216488899,18.076998064088098,103.07331748970424,228.66986567834113,4
WF-2-BJ25,496278.7765512113,5404326.216488899,18.46346237250794,102.79476229122058,229.1144097139425,4
WF-2-BJ26,496303.8185354855,5404326.216488899,18.860319568326837,102.52369334204505,229.5757369525551,4
WF-2-BJ27,496328.86051975965,5404326.216488899,19.32435364524805,102.30101353251528,230.14554638576055,4
WF-2-BJ28,496353.9025040339,5404326.216488899,19.78838772217035,102.07833372298501,230.71535581896728,4
WF-2-BJ29,496378.94448830804,5404326.216488899,20.302467419311878,101.82626739816116,231.30723823646252,4
WF-2-BJ30,496403.9864725822,5404326.216488899,20.880425822646085,101.53669184539223,231.92729482128814,4
WF-2-BJ31,496429.0284568564,5404326.216488899,21.458384225980307,101.24711629262328,232.54735140611376,4
WF-2-BJ32,496454.07044113055,5404326.216488899,22.12562481096488,100.84298066907921,233.16388582930813,4
WF-2-BJ33,496479.1124254047,5404326.216488899,22.82349019180397,100.39954964845012,233.77921211131545,4
WF-2-BJ34,496504.1544096789,5404326.216488899,23.52232312319709,99.95232592181551,234.38866081213058,4
WF-2-BJ35,496529.1963939531,5404326.216488899,24.239577325958233,99.43289256618468,234.8862057807143,4
WF-2-BJ36,496554.2383782273,5404326.216488899,24.956831528717693,98.91345921055506,235.3837507492968,4
WF-2-BJ37,496579.28036250145,5404326.216488899,25.602255561765134,98.49869537045575,235.7177094664616,4
WF-2-BJ38,496604.3223467756,5404326.216488899,26.117290655848656,98.27393173676802,235.75472000938487,4
WF-2-BJ39,496629.3643310498,5404326.216488899,26.632325749932175,98.04916810308032,235.79173055230808,4
WF-2-BJ40,496654.40631532395,5404326.216488899,26.93655973289826,98.34923481988126,235.13321109560508,4
WF-2-BJ41,496679.4482995982,5404326.216488899,27.132449064627444,98.91904661051666,234.11721271084681,4
WF-2-BJ42,496704.49028387235,5404326.216488899,27.328338396356166,99.48885840115074,233.10121432609088,4
WF-2-BJ43,496729.5322681465,5404326.216488899,27.42182619776957,101.0086375336344,230.5235691139053,4
WF-2-BJ44,496754.5742524207,5404326.216488899,27.51169046851956,102.5620317476684,227.89066422789278,4
WF-2-BJ45,496779.61623669486,5404326.216488899,27.66600005348611,104.35542480469104,224.68439221812235,4
WF-2-BJ46,496804.658220969,5404326.216488899,27.993555065624058,106.79399591041552,219.9367632689212,4
WF-2-BJ47,496829.70020524325,5404326.216488899,28.321110077762782,109.23256701614574,215.1891343197089,4
WF-2-BJ48,496854.7421895174,5404326.216488899,28.918166003202913,112.1759863575747,208.807457378118,4
WF-2-BJ49,496879.7841737916,5404326.216488899,29.713248987033587,115.49036403760536,201.22509538786784,4
WF-2-BJ50,496904.82615806576,5404326.216488899,30.50833197086427,118.80474171763606,193.64273339761766,4
WF-2-BJ51,496929.8681423399,5404326.216488899,31.79347338278184,122.99297250081193,182.85146642093446,4
WF-2-BJ52,496954.9101266141,5404326.216488899,33.144338749285225,127.29839968011964,171.62983866783964,4
WF-2-BJ53,496979.9521108883,5404326.216488899,34.56638019293811,131.72913046714672,159.8657912723716,4
WF-2-BJ54,497004.9940951625,5404326.216488899,36.297759920457906,136.70444314917125,145.7443343647973,4
WF-2-BJ55,497030.03607943666,5404326.216488899,38.02913964797775,141.67975583119585,131.62287745722276,4
WF-2-BJ56,497055.0780637108,5404326.216488899,39.55231243591407,146.02424926765386,119.05097350800418,4
WF-2-BJ57,497080.120047985,5404326.216488899,40.86081622179614,149.7183448922364,108.07671557320705,4
WF-2-BJ58,497105.16203225916,5404326.216488899,42.169320007678195,153.4124405168189,97.10245763840996,4
WF-2-BJ59,497130.2040165334,5404326.216488899,42.280475974647956,153.6510699684548,96.44531414667817,4
WF-2-BJ60,497155.24600080756,5404326.216488899,42.08791657171385,153.0131970618537,98.40517649061204,4
WF-2-BJ61,497180.2879850817,5404326.216488899,41.77148229471955,151.94643518469226,101.65190206526833,4
WF-2-BJ62,497205.3299693559,5404326.216488899,40.37594600408966,147.14352459077855,116.10878396970219,4
WF-2-BJ63,497230.37195363006,5404326.216488899,38.98040971345976,142.3406139968648,130.56566587413616,4
WF-2-BJ64,497255.41393790423,5404326.216488899,37.61581567162246,137.06546304421286,146.13507613307914,4
WF-2-BJ65,497280.45592217846,5404326.216488899,36.29606608133395,131.10589642317666,163.31686835654892,4
WF-2-BJ66,497305.4979064526,5404326.216488899,34.976316491048514,125.14632980215433,180.49866057997872,4
WF-2-BJ67,497330.5398907268,5404326.216488899,34.165837763960035,119.55114182471355,195.68858148551806,4
WF-2-BJ68,497355.58187500096,5404326.216488899,33.559764666662744,114.10220420539494,210.07902662949414,4
WF-2-BJ69,497380.62385927513,5404326.216488899,32.967709391266006,108.66743610032407,224.40412399960076,4
WF-2-BJ70,497405.6658435493,5404326.216488899,33.10351836451471,103.96840874833342,235.33609020669968,4
WF-2-BJ71,497430.70782782347,5404326.216488899,33.23932733776343,99.26938139634277,246.26805641379855,4
WF-2-BJ72,497455.7498120977,5404326.216488899,33.54108100217986,94.83892190468266,256.20584115159807,4
WF-2-BJ73,497480.79179637186,5404326.216488899,34.18874573642738,90.96829108389716,264.07125844428174,4
WF-2-BJ74,497505.83378064603,5404326.216488899,34.8364104706749,87.09766026311164,271.93667573696547,4
WF-2-BJ75,497530.8757649202,5404326.216488899,35.46918718557295,84.02522448576447,277.8922854496977,4
WF-2-BJ76,497555.91774919437,5404326.216488899,36.0932017173106,81.42255778945784,282.72389851628,4
WF-2-BJ77,497580.95973346854,5404326.216488899,36.71721624904825,78.81989109315123,287.5555115828623,4
WF-2-BJ78,497606.00171774277,5404326.216488899,36.62654791512185,77.81230998107691,289.7098014550614,4
WF-2-BJ79,497631.04370201693,5404326.216488899,36.48604552552774,76.9159524446898,291.6774045050014,4
WF-2-BJ80,497656.0856862911,5404326.216488899,36.12206238409109,76.32332293182537,293.2555049269596,4
WF-2-BJ81,497681.12767056527,5404326.216488899,35.050868700145514,76.6918485006388,293.6010143424322,4
WF-2-BJ82,497706.16965483944,5404326.216488899,33.979675016199906,77.06037406945225,293.94652375790486,4
WF-2-BJ83,497731.2116391136,5404326.216488899,32.733599534467416,77.58300710087028,294.2019681398432,4
WF-2-BJ84,497756.25362338783,5404326.216488899,31.341775089835505,78.23407547052062,294.382351049422,4
WF-2-BJ85,497781.295607662,5404326.216488899,29.949950645206812,78.88514384016949,294.5627339590005,4
WF-2-BJ86,497806.3375919362,5404326.216488899,28.73736676749185,79.34743312940792,295.0031312929495,4
WF-2-BJ87,497831.37957621034,5404326.216488899,27.556230745865783,79.77660102511608,295.48914830072243,4
WF-2-BJ88,497856.4215604845,5404326.216488899,26.429058233752976,80.16881006165117,295.98295081348624,4
WF-2-BJ89,497881.4635447587,5404326.216488899,25.593742990167186,80.36113010313358,296.5188605991316,4
WF-2-BJ90,497906.5055290329,5404326.216488899,24.758427746579457,80.55345014461645,297.05477038477807,4
WF-2-BJ91,497931.5475133071,5404326.216488899,24.059568348385223,80.70221351590926,297.40223681333737,4
WF-2-BJ92,497956.58949758124,5404326.216488899,23.520027031328127,80.80012259733697,297.52968750004396,4
WF-2-BJ93,497981.6314818554,5404326.216488899,22.980485714271044,80.89803167876467,297.6571381867506,4
WF-2-BJ94,498006.6734661296,5404326.216488899,22.606689969641216,81.03430511454542,297.18728903355975,4
WF-2-BJ95,498031.71545040375,5404326.216488899,22.28334070502599,81.18225516169383,296.53564513318594,4
WF-2-BJ96,498056.757434678,5404326.216488899,21.970493545990223,81.33716280470028,295.82981648610337,4
WF-2-BJ97,498081.79941895214,5404326.216488899,21.793075640968226,81.5817916954633,294.4252517837243,4
WF-2-BJ98,498106.8414032263,5404326.216488899,21.61565773594623,81.82642058622628,293.02068708134533,4
WF-2-BJ99,498131.8833875005,5404326.216488899,21.467803481124317,82.05358746884427,291.6028506757199,4
WF-2-BJ100,498156.92537177465,5404326.216488899,21.368746965380772,82.25193157377828,290.16310800656595,4
WF-2-BJ101,498181.9673560488,5404326.216488899,21.26969044963722,82.4502756787123,288.723365337412,4
WF-2-BJ102,498207.009340323,5404326.216488899,21.17431588360565,82.4160357287508,288.00125029334106,4
WF-2-BJ103,498232.0513245972,5404326.216488899,21.080653531418186,82.27363741979073,287.612852994175,4
WF-2-BJ104,498257.0933088714,5404326.216488899,20.986991179230944,82.13123911083099,287.2244556950098,4
WF-2-BJ105,498282.13529314555,5404326.216488899,20.83338640266534,81.40166842232688,288.2566079638842,4
WF-2-BJ106,498307.1772774197,5404326.216488899,20.679046665168798,80.66489834602419,289.3061777537179,4
WF-2-BJ107,498332.2192616939,5404326.216488899,20.490056998718018,79.7050513558238,290.621027823526,4
WF-2-BJ108,498357.26124596805,5404326.216488899,20.21753657356237,78.20743172279866,292.5753904038779,4
WF-2-BJ109,498382.3032302423,5404326.216488899,19.945016148406097,76.7098120897701,294.5297529842344,4
WF-2-BJ110,498407.34521451645,5404326.216488899,19.551338768481198,74.61149890154859,296.699428402669,4
WF-2-BJ111,498432.3871987906,5404326.216488899,19.07638454847423,72.11021690219269,299.0135441228739,4
WF-2-BJ112,498457.4291830648,5404326.216488899,18.601430328467217,69.60893490283661,301.3276598430791,4
WF-2-BJ113,498482.47116733895,5404326.216488899,17.82273952272119,65.89708485937436,303.8758386189013,4
WF-2-BJ114,498507.5131516131,5404326.216488899,17.011722401294378,62.0563955302145,306.4489284412696,4
WF-2-BJ115,498532.55513588735,5404326.216488899,16.114682289803454,57.95282723522929,309.0812128890608,4
WF-2-BJ116,498557.5971201615,5404326.216488899,14.89229993003153,52.85504060741958,311.9373736808966,4
WF-2-BJ117,498582.6391044357,5404326.216488899,13.669917570259653,47.75725397961007,314.7935344727323,4
WF-2-BJ118,498607.68108870985,5404326.216488899,12.473097240149764,43.018763525070014,317.38641078510017,4
WF-2-BJ119,498632.723072984,5404326.216488899,11.300405566315675,38.619421955836245,319.7307661156902,4
WF-2-BJ120,498657.7650572582,5404326.216488899,10.127713892481566,34.22008038660239,322.07512144628026,4
WF-2-BJ121,498682.8070415324,5404326.216488899,9.955349542957096,33.27002542955413,322.51037773445483,4
WF-2-BJ122,498707.8490258066,5404326.216488899,10.002970946289675,33.07851609428629,322.52579685541554,4
WF-2-BJ123,498732.89101008076,5404326.216488899,10.20521932622674,33.331329852043424,322.28119141576735,4
WF-2-BJ124,498757.9329943549,5404326.216488899,11.48948869506545,36.693348245783866,320.21703263305335,4
WF-2-BJ125,498782.9749786291,5404326.216488899,12.773758063904161,40.05536663952431,318.15287385033946,4
WF-2-BJ126,498808.01696290326,5404326.216488899,14.085123727529954,43.50056136839983,316.0767557660872,4
WF-2-BJ127,498833.0589471775,5404326.216488899,15.432357321029485,47.05585834480355,313.98480690525173,4
WF-2-BJ128,498858.10093145166,5404326.216488899,16.779590914525897,50.61115532119903,311.8928580444212,4
WF-2-BJ129,498883.1429157258,5404326.216488899,17.816582668527086,53.53964139921855,310.3493633719893,4
WF-2-BJ130,498908.1849,5404351.883155566,17.893081063226823,56.70596052473851,310.91269925899525,4
WF-2-BJ131,498908.1849,5404377.549822232,17.715261582517464,58.29015887196441,311.82500540503224,4
WF-2-BJ132,498908.1849,5404403.216488899,17.537442101801645,59.87435721924784,312.7373115511024,4
WF-2-BJ133,498908.1849,5404428.883155566,17.843566018110526,62.79124037491427,313.04077792535395,4
WF-2-BJ134,498908.1849,5404454.549822232,18.285190158907227,66.08126446355179,313.17377410354993,4
WF-2-BJ135,498908.1849,5404480.216488899,18.923234471248435,69.97343615283249,313.14876576439576,4
WF-2-BJ136,498908.1849,5404505.883155566,19.742102682780978,74.41994335749398,312.97829887739675,4
WF-2-BJ137,498908.1849,5404531.549822232,20.601559247831965,78.88483747859472,312.82159655125974,4
WF-2-BJ138,498908.1849,5404557.216488899,21.576483869473275,83.40203974592347,312.70405243067296,4
WF-2-BJ139,498908.1849,5404582.883155566,22.5514084911146,87.91924201325229,312.58650831008623,4
WF-2-BJ140,498908.1849,5404608.549822232,23.62254717407111,91.67236595847541,312.68595679806174,4
WF-2-BJ141,498883.1429157258,5404634.216488899,24.088113373759512,96.15283726942785,312.6240998009219,4
WF-2-BJ142,498858.10093145166,5404634.216488899,23.532276951388976,97.29340706095857,312.39008270815265,4
WF-2-BJ143,498833.0589471775,5404634.216488899,23.114983053671438,99.58287180706665,311.95401728138467,4
WF-2-BJ144,498808.01696290326,5404634.216488899,22.69768915595293,101.87233655318003,311.5179518546157,4
WF-2-BJ145,498782.9749786291,5404634.216488899,22.480698555101085,105.45066011090181,310.8317916152315,4
WF-2-BJ146,498757.9329943549,5404634.216488899,22.415026338060606,110.00264728468042,309.9566981758609,4
WF-2-BJ147,498732.89101008076,5404634.216488899,22.349354121020127,114.55463445845902,309.08160473649025,4
WF-2-BJ148,498707.8490258066,5404634.216488899,22.53467243483245,119.896562028717,308.0050182246647,4
WF-2-BJ149,498682.8070415324,5404634.216488899,22.755858728416136,125.35137659142508,306.89963720245544,4
WF-2-BJ150,498657.7650572582,5404634.216488899,22.949389825263825,130.04750448154934,305.95140947705283,4
WF-2-BJ151,498632.723072984,5404634.216488899,23.017166192109645,131.29370436800212,305.71779501574787,4
WF-2-BJ152,498607.68108870985,5404634.216488899,23.08494255895547,132.53990425445485,305.4841805544429,4
WF-2-BJ153,498582.6391044357,5404634.216488899,22.96961232484971,130.99671736938635,306.0164068341745,4
WF-2-BJ154,498557.5971201615,5404634.216488899,22.66029796202459,126.49843897083416,307.359968959341,4
WF-2-BJ155,498532.55513588735,5404634.216488899,22.350983599199463,122.0001605722818,308.7035310845076,4
WF-2-BJ156,498507.5131516131,5404634.216488899,21.963904365068505,116.60865383848146,310.8399215586374,4
WF-2-BJ157,498482.47116733895,5404634.216488899,21.55626350149515,110.98097067015229,313.18594193955505,4
WF-2-BJ158,498457.4291830648,5404634.216488899,21.15495610627596,105.47537673704063,315.597622662735,4
WF-2-BJ159,498432.3871987906,5404634.216488899,20.813157690452268,101.11692768201016,318.6262449629919,4
WF-2-BJ160,498407.34521451645,5404634.216488899,20.471359274628597,96.75847862698001,321.65486726324855,4
WF-2-BJ161,498382.3032302423,5404634.216488899,20.156184508875405,92.79250823487276,325.0388821755008,4
WF-2-BJ162,498357.26124596805,5404634.216488899,19.88069682204991,89.4115940477436,328.9526702257602,4
WF-2-BJ163,498332.2192616939,5404634.216488899,19.605209135225042,86.03067986062216,332.8664582760105,4
WF-2-BJ164,498307.1772774197,5404634.216488899,19.377046920194115,82.65351754184596,337.66932260749036,4
WF-2-BJ165,498282.13529314555,5404634.216488899,19.16851608719312,79.27791155960506,342.8409903648839,4
WF-2-BJ166,498257.0933088714,5404634.216488899,18.96160012608058,75.888367013829,348.032401605874,4
WF-2-BJ167,498232.0513245972,5404634.216488899,18.88639094281195,71.3620119853604,354.83406479720327,4
WF-2-BJ168,498207.009340323,5404634.216488899,18.811181759543153,66.83565695688121,361.6357279885483,4
WF-2-BJ169,498181.9673560488,5404634.216488899,18.804427322359057,61.87391228438532,368.66997380561827,4
WF-2-BJ170,498156.92537177465,5404634.216488899,18.94487817350079,55.97590443440347,376.204365988573,4
WF-2-BJ171,498131.8833875005,5404634.216488899,19.085329024642515,50.077896584421715,383.73875817152754,4
WF-2-BJ172,498106.8414032263,5404634.216488899,19.15624500297634,47.415586362365055,387.11114692229427,4
WF-2-BJ173,498081.79941895214,5404634.216488899,19.185033934130807,46.71359304498291,387.9620251292395,4
WF-2-BJ174,498056.757434678,5404634.216488899,19.21382286528528,46.011599727600746,388.8129033361847,4
WF-2-BJ175,498031.71545040375,5404634.216488899,19.07290312819803,52.000090965228694,381.78999352105984,4
WF-2-BJ176,498006.6734661296,5404634.216488899,18.91882302657442,58.50740788560417,374.156496623225,4
WF-2-BJ177,497981.6314818554,5404634.216488899,18.879264943200113,64.52827083028698,366.6885153631029,4
WF-2-BJ178,497956.58949758124,5404634.216488899,19.215977264911754,68.95085392199842,359.7643477468745,4
WF-2-BJ179,497931.5475133071,5404634.216488899,19.5526895866234,73.37343701370993,352.84018013064576,4
WF-2-BJ180,497906.5055290329,5404634.216488899,20.158172095100245,76.39915708937707,346.8529314892187,4
WF-2-BJ181,497881.4635447587,5404634.216488899,20.993856114853347,78.22846479057077,341.6681534139412,4
WF-2-BJ182,497856.4215604845,5404634.216488899,21.8295401346045,80.05777249176019,336.4833753386758,4
WF-2-BJ183,497831.37957621034,5404634.216488899,22.924065223479776,80.78385178984928,332.32596226203157,4
WF-2-BJ184,497806.3375919362,5404634.216488899,24.066449228347093,81.30594755610254,328.3585058075289,4
WF-2-BJ185,497781.295607662,5404634.216488899,25.21543021482505,81.73974201771037,324.5522961259493,4
WF-2-BJ186,497756.25362338783,5404634.216488899,26.402011434541976,81.67025333470144,321.6651304297544,4
WF-2-BJ187,497731.2116391136,5404634.216488899,27.588592654261653,81.60076465169234,318.777964733553,4
WF-2-BJ188,497706.16965483944,5404634.216488899,28.62044990752036,81.54339802551289,316.2701438761348,4
WF-2-BJ189,497681.12767056527,5404634.216488899,29.466656402946874,81.5005764571444,314.2174926890056,4
WF-2-BJ190,497656.0856862911,5404634.216488899,30.312862898373364,81.45775488877595,312.1648415018764,4
WF-2-BJ191,497631.04370201693,5404634.216488899,30.666289481722252,81.87355301986076,310.3038764956474,4
WF-2-BJ192,497606.00171774277,5404634.216488899,30.863996065686905,82.43427641588863,308.50348492441475,4
WF-2-BJ193,497580.95973346854,5404634.216488899,31.025474497466416,83.04374399700949,306.6767587115596,4
WF-2-BJ194,497555.91774919437,5404634.216488899,30.667395785548642,84.3522643326915,304.4723607060836,4
WF-2-BJ195,497530.8757649202,5404634.216488899,30.30931707363088,85.66078466837354,302.26796270060754,4
WF-2-BJ196,497505.83378064603,5404634.216488899,29.88530862470646,87.13125841346515,299.7835603214676,4
WF-2-BJ197,497480.79179637186,5404634.216488899,29.349277500348965,88.87691078115209,296.8233963134345,4
WF-2-BJ198,497455.7498120977,5404634.216488899,28.813246375991476,90.62256314883909,293.8632323054014,4
WF-2-BJ199,497430.70782782347,5404634.216488899,28.349882344147655,92.43144728828301,290.38016904345164,4
WF-2-BJ200,497405.6658435493,5404634.216488899,27.921379059118337,94.2706657470046,286.64625415295865,4
WF-2-BJ201,497380.62385927513,5404634.216488899,27.492875774089025,96.1098842057262,282.91233926246565,4
WF-2-BJ202,497355.58187500096,5404634.216488899,27.246046049458556,97.85251271857982,278.6676849955499,4
WF-2-BJ203,497330.5398907268,5404634.216488899,27.002715147058254,99.59328102101493,274.4131944801446,4
WF-2-BJ204,497305.4979064526,5404634.216488899,26.79718059028235,101.26982597330246,270.15827898375744,4
WF-2-BJ205,497280.45592217846,5404634.216488899,26.685814562922598,102.786360259541,265.9023046592363,4
WF-2-BJ206,497255.41393790423,5404634.216488899,26.574448535562595,104.30289454578308,261.6463303347052,4
WF-2-BJ207,497230.37195363006,5404634.216488899,26.479957850756918,105.61060785926966,257.7825073083525,4
WF-2-BJ208,497205.3299693559,5404634.216488899,26.39711099321858,106.77423667025022,254.18926498066742,4
WF-2-BJ209,497180.2879850817,5404634.216488899,26.31426413568024,107.93786548123076,250.5960226529824,4
WF-2-BJ210,497155.24600080756,5404634.216488899,26.168178749079633,108.69936599865315,248.06042793634762,4
WF-2-BJ211,497130.2040165334,5404634.216488899,26.01483393313467,109.41470443770748,245.6462452483843,4
WF-2-BJ212,497105.16203225916,5404634.216488899,25.835559425588855,110.04075118932039,243.4907137844653,4
WF-2-BJ213,497080.120047985,5404634.216488899,25.554061379956764,110.31478017100245,242.35487216724178,4
WF-2-BJ214,497055.0780637108,5404634.216488899,25.27256333432467,110.58880915268449,241.21903055001823,4
WF-2-BJ215,497030.03607943666,5404634.216488899,24.920950115699817,110.69889085151684,240.56962387497185,4
WF-2-BJ216,497004.9940951625,5404634.216488899,24.501332362430972,110.64996048205563,240.392009259552,4
WF-2-BJ217,496979.9521108883,5404634.216488899,24.081714609162134,110.60103011259442,240.2143946441322,4
WF-2-BJ218,496954.9101266141,5404634.216488899,23.5595807937054,110.43015789119971,240.40688548410387,4
WF-2-BJ219,496929.8681423399,5404634.216488899,23.013858914530015,110.23122789903113,240.68453440446385,4
WF-2-BJ220,496904.82615806576,5404634.216488899,22.45327339591674,110.03457050311687,240.9624422088287,4
WF-2-BJ221,496879.7841737916,5404634.216488899,21.781859917779535,109.85485829796407,241.2422803335656,4
WF-2-BJ222,496854.7421895174,5404634.216488899,21.110446439642335,109.6751460928113,241.52211845830254,4
WF-2-BJ223,496829.70020524325,5404634.216488899,20.372997410794827,109.56492554503772,241.66963162106575,4
WF-2-BJ224,496804.658220969,5404634.216488899,19.545678637015154,109.54927826054842,241.63705980759164,4
WF-2-BJ225,496779.61623669486,5404634.216488899,18.718359863237424,109.53363097605916,241.60448799411762,4
WF-2-BJ226,496754.5742524207,5404634.216488899,17.73915381862205,109.72643690132057,241.20757715209174,4
WF-2-BJ227,496729.5322681465,5404634.216488899,16.703447449268293,109.99678503257938,240.67513636529483,4
WF-2-BJ228,496704.49028387235,5404634.216488899,15.660386547010724,110.27919637713858,240.12415717598725,4
WF-2-BJ229,496679.4482995982,5404634.216488899,14.409485420932626,110.90251597313092,239.04927989859004,4
WF-2-BJ230,496654.40631532395,5404634.216488899,13.158584294851634,111.52583556912468,237.9744026211903,4
WF-2-BJ231,496629.3643310498,5404634.216488899,11.911799162783115,112.2198782742014,236.81574930599373,4
WF-2-BJ232,496604.3223467756,5404634.216488899,10.673022327392486,113.05152361869227,235.49409687961415,4
WF-2-BJ233,496579.28036250145,5404634.216488899,9.434245492001871,113.88316896318312,234.1724444532346,4
WF-2-BJ234,496554.2383782273,5404634.216488899,8.596335310226543,114.48951125805885,233.23626816738218,4
WF-2-BJ235,496529.1963939531,5404634.216488899,7.979259196048355,114.97173599803241,232.51244744492365,4
WF-2-BJ236,496504.1544096789,5404634.216488899,7.362183081868718,115.45396073800711,231.78862672246336,4
WF-2-BJ237,496479.1124254047,5404634.216488899,7.721995330850545,115.09978992620782,232.26539668904098,4
WF-2-BJ238,496454.07044113055,5404634.216488899,8.13311722389523,114.7016886514451,232.80522593981397,4
WF-2-BJ239,496429.0284568564,5404634.216488899,8.674393284300294,114.16137263460821,233.52165005556006,4
WF-2-BJ240,496403.9864725822,5404634.216488899,9.595115074499569,113.20645001939478,234.75291106647884,4
WF-2-BJ241,496378.94448830804,5404634.216488899,10.515836864698834,112.25152740418133,235.9841720773976,4
WF-2-BJ242,496353.9025040339,5404634.216488899,11.33041822781299,111.37025944742129,237.07896719893162,4
WF-2-BJ243,496328.86051975965,5404634.216488899,12.061844126134352,110.54669605739393,238.06684844446391,4
WF-2-BJ244,496303.8185354855,5404634.216488899,12.793270024454003,109.7231326673685,239.0547296899939,4
WF-2-BJ245,496278.7765512113,5404634.216488899,13.168794490290015,109.30755534165614,239.5179549603778,4
WF-2-BJ246,496253.73456693714,5404634.216488899,13.489257699153846,108.95509724918611,239.9000110787639,4
WF-2-BJ247,496228.692582663,5404634.216488899,13.752118409073068,108.68651834065223,240.18694365221108,4
WF-2-BJ248,496203.6505983888,5404634.216488899,13.736365781230468,108.82364855643344,240.01378006940212,4
WF-2-BJ249,496178.6086141146,5404634.216488899,13.72061315338783,108.96077877221502,239.8406164865928,4
WF-2-BJ250,496153.5666298404,5404634.216488899,13.629308451489758,109.22222922525823,239.54012843859323,4
WF-2-BJ251,496128.52464556624,5404634.216488899,13.455043795226466,109.62018951391966,239.09983176252027,4
WF-2-BJ252,496103.4826612921,5404634.216488899,13.280779138963172,110.0181498025811,238.65953508644725,4
WF-2-BJ253,496078.4406770179,5404634.216488899,13.150152257393973,110.23764376445543,238.41363654824139,4
WF-2-BJ254,496053.39869274374,5404634.216488899,13.03169465127512,110.40736878406561,238.2219498598222,4
WF-2-BJ255,496028.3567084695,5404634.216488899,12.929283531506567,110.51936399832516,238.08943410906733,4
WF-2-BJ256,496003.31472419534,5404634.216488899,12.994745523214592,110.02740880017171,238.57594542740128,4
WF-2-BJ257,495978.2727399212,5404634.216488899,13.06020751492262,109.53545360201825,239.0624567457352,4
WF-2-BJ258,495953.230755647,5404634.216488899,13.172070957123116,108.82897241036106,239.7615075215144,4
WF-2-BJ259,495928.18877137284,5404634.216488899,13.355736821646865,107.79052991530949,240.78944559977822,4
WF-2-BJ260,495903.14678709867,5404634.216488899,13.539402686170613,106.75208742025792,241.817383678042,4
WF-2-BJ261,495878.10480282444,5404634.216488899,13.704284838444579,105.66122231096489,242.89457258494323,4
WF-2-BJ262,495853.0628185503,5404634.216488899,13.861034600123505,104.5476608800258,243.99308459188916,4
WF-2-BJ263,495828.0208342761,5404634.216488899,14.017438351166419,103.43486881939198,245.09108105751437,4
WF-2-BJ264,495802.97885000193,5404634.216488899,14.064989112912114,102.56411630577401,246.02689113917071,4
WF-2-BJ265,495777.93686572777,5404634.216488899,14.112539874657813,101.69336379215603,246.96270122082709,4
WF-2-BJ266,495752.8948814536,5404634.216488899,14.121823289429967,100.91885029016653,247.8903342656601,4
WF-2-BJ267,495727.8528971794,5404634.216488899,14.045321030265043,100.3600802123874,248.79963647049252,4
WF-2-BJ268,495702.8109129052,5404634.216488899,13.968818771100297,99.80131013460958,249.70893867532283,4
WF-2-BJ269,495677.76892863103,5404634.216488899,13.826134540405077,99.40457706377731,250.80640388098755,4
WF-2-BJ270,495652.72694435687,5404608.549822232,13.799495761274619,99.22527270610287,247.73289049680824,4
WF-2-BJ271,495652.72694435687,5404582.883155566,13.957122111675847,99.34059007508121,243.4434211196772,4
WF-2-BJ272,495652.72694435687,5404557.216488899,13.986783799932049,99.15144457758056,238.97060899535862,4
WF-2-BJ273,495652.72694435687,5404531.549822232,14.016445488188246,98.96229908007992,234.49779687104007,4
WF-2-BJ274,495652.72694435687,5404505.883155566,13.90527071479343,98.5607606079562,230.01700409104342,4
WF-2-BJ275,495652.72694435687,5404480.216488899,13.744590300885216,98.08456355574879,225.53340601831695,4
WF-2-BJ276,495652.72694435687,5404454.549822232,13.502305125862241,97.56569721049996,221.3417909961769,4
WF-2-BJ277,495652.72694435687,5404428.883155566,13.171376683852912,97.00048129590792,217.46734290363796,4
WF-2-BJ278,495652.72694435687,5404403.216488899,12.866979366428854,96.4799030560403,213.98407790373582,4
WF-2-BJ279,495652.72694435687,5404377.549822232,12.657338811301724,96.11874970296122,211.89793586411298,4
WF-2-BJ280,495652.72694435687,5404351.883155566,12.447698256182203,95.7575963498953,209.81179382456585,4
WF-3-BJ1,495678.03689018614,5404664.216488899,13.64482350031162,98.92496785199101,255.1808566557147,4
WF-3-BJ2,495703.07679723896,5404664.216488899,13.830794007029521,99.18185317872684,253.86926246674503,4
WF-3-BJ3,495728.1167042918,5404664.216488899,13.943355645010252,99.57693289344718,252.82965467691002,4
WF-3-BJ4,495753.1566113446,5404664.216488899,14.055917282990983,99.97201260816753,251.79004688707505,4
WF-3-BJ5,495778.1965183974,5404664.216488899,14.087169489644538,100.56298232294483,250.80874063581348,4
WF-3-BJ6,495803.23642545025,5404664.216488899,14.083897672006232,101.23712702751254,249.8521892463325,4
WF-3-BJ7,495828.27633250307,5404664.216488899,14.079996984109618,101.91289940966553,248.89491214173958,4
WF-3-BJ8,495853.3162395559,5404664.216488899,13.9873303871858,102.81842074011504,247.83519934272414,4
WF-3-BJ9,495878.3561466087,5404664.216488899,13.894663790261976,103.72394207056456,246.77548654370872,4
WF-3-BJ10,495903.39605366153,5404664.216488899,13.794811266995673,104.62436575427915,245.73288230407013,4
WF-3-BJ11,495928.43596071436,5404664.216488899,13.679121586185381,105.51355466733276,244.7279838433789,4
WF-3-BJ12,495953.4758677672,5404664.216488899,13.56343190537509,106.40274358038636,243.72308538268766,4
WF-3-BJ13,495978.51577482,5404664.216488899,13.494732720248225,107.06172375559517,242.97817710791773,4
WF-3-BJ14,496003.5556818728,5404664.216488899,13.45517776327772,107.57792493088584,242.39451874521419,4
WF-3-BJ15,496028.59558892564,5404664.216488899,13.415622806307216,108.09412610617653,241.8108603825106,4
WF-3-BJ16,496053.63549597847,5404664.216488899,13.482909850605415,108.18046877416725,241.7165961320013,4
WF-3-BJ17,496078.6754030313,5404664.216488899,13.559199722143337,108.23059027601738,241.66356969613327,4
WF-3-BJ18,496103.7153100841,5404664.216488899,13.640288518769962,108.24292752839045,241.6570337531533,4
WF-3-BJ19,496128.75521713693,5404664.216488899,13.737684717046893,108.12686875021754,241.80847884268198,4
WF-3-BJ20,496153.79512418975,5404664.216488899,13.835080915323823,108.01080997204463,241.9599239322106,4
WF-3-BJ21,496178.8350312426,5404664.216488899,13.853306052632957,108.00171712637544,241.9927956696252,4
WF-3-BJ22,496203.87493829534,5404664.216488899,13.802010967110952,108.08655122032398,241.92154797551973,4
WF-3-BJ23,496228.91484534816,5404664.216488899,13.750715881588828,108.17138531427273,241.85030028141415,4
WF-3-BJ24,496253.954752401,5404664.216488899,13.441348088979648,108.59164197963096,241.3551476183955,4
WF-3-BJ25,496278.9946594538,5404664.216488899,13.081919795857047,109.07696333934527,240.7777665975105,4
WF-3-BJ26,496304.0345665066,5404664.216488899,12.668216529843356,109.61885967245422,240.11743438894896,4
WF-3-BJ27,496329.07447355945,5404664.216488899,11.928231012697907,110.50086505939831,238.95842850433684,4
WF-3-BJ28,496354.1143806123,5404664.216488899,11.18824549555243,111.38287044634244,237.79942261972457,4
WF-3-BJ29,496379.1542876651,5404664.216488899,10.374150178827126,112.30129152121819,236.54499536369823,4
WF-3-BJ30,496404.1941947179,5404664.216488899,9.46863137715668,113.2646357927058,235.17285419719866,4
WF-3-BJ31,496429.23410177074,5404664.216488899,8.563112575486242,114.22798006419342,233.800713030699,4
WF-3-BJ32,496454.27400882356,5404664.216488899,8.037275429066773,114.76272161534189,233.0156612373657,4
WF-3-BJ33,496479.3139158764,5404664.216488899,7.636124682881212,115.15671122446088,232.423407962326,4
WF-3-BJ34,496504.3538229292,5404664.216488899,7.29244038907454,115.50054070943975,231.91259920553205,4
WF-3-BJ35,496529.393729982,5404664.216488899,7.88430856596263,115.02776457275513,232.72770525842452,4
WF-3-BJ36,496554.43363703485,5404664.216488899,8.47617674285071,114.55498843607054,233.5428113113169,4
WF-3-BJ37,496579.47354408767,5404664.216488899,9.28623336500674,113.95331371835655,234.62160747317893,4
WF-3-BJ38,496604.5134511405,5404664.216488899,10.479247784051045,113.12540008797961,236.16322458354819,4
WF-3-BJ39,496629.5533581933,5404664.216488899,11.67226220309535,112.29748645760267,237.70484169391742,4
WF-3-BJ40,496654.59326524613,5404664.216488899,12.874943979738077,111.58854050711194,239.13201888161754,4
WF-3-BJ41,496679.63317229896,5404664.216488899,14.082429676665905,110.9387121846656,240.5023283823271,4
WF-3-BJ42,496704.6730793518,5404664.216488899,15.289915373593708,110.28888386221925,241.8726378830366,4
WF-3-BJ43,496729.7129864046,5404664.216488899,16.292825959871102,109.94617571339941,242.76289542353794,4
WF-3-BJ44,496754.7528934574,5404664.216488899,17.290085922148613,109.61195061326731,243.63989332009277,4
WF-3-BJ45,496779.79280051024,5404664.216488899,18.229116098653726,109.34713453398061,244.39302201812535,4
WF-3-BJ46,496804.83270756307,5404664.216488899,19.0170705399387,109.26239843809131,244.82477515226654,4
WF-3-BJ47,496829.8726146159,5404664.216488899,19.80502498122367,109.17766234220203,245.2565282864077,4
WF-3-BJ48,496854.9125216687,5404664.216488899,20.4990016651433,109.17084566859944,245.54318550502802,4
WF-3-BJ49,496879.95242872153,5404664.216488899,21.125838940938742,109.21969603835237,245.72618357958692,4
WF-3-BJ50,496904.99233577435,5404664.216488899,21.752676216734173,109.26854640810528,245.90918165414578,4
WF-3-BJ51,496930.0322428272,5404664.216488899,22.264189371725017,109.32165896427175,246.13326341501,4
WF-3-BJ52,496955.07214988,5404664.216488899,22.761211504900523,109.37530708434167,246.3625075355813,4
WF-3-BJ53,496980.1120569328,5404664.216488899,23.234440577185413,109.40326351789062,246.67421496139798,4
WF-3-BJ54,497005.15196398564,5404664.216488899,23.608472831556327,109.3241074802263,247.32972420038274,4
WF-3-BJ55,497030.19187103846,5404664.216488899,23.982505085927244,109.24495144256197,247.98523343936742,4
WF-3-BJ56,497055.2317780913,5404664.216488899,24.294039377803074,109.03548072718996,249.04470746316665,4
WF-3-BJ57,497080.2716851441,5404664.216488899,24.542709400701042,108.69493154743084,250.51051394767865,4
WF-3-BJ58,497105.31159219693,5404664.216488899,24.79137942359901,108.3543823676717,251.97632043219076,4
WF-3-BJ59,497130.35149924975,5404664.216488899,24.949596941116205,107.74027498733099,254.2678222581188,4
WF-3-BJ60,497155.3914063026,5404664.216488899,25.085711010615448,107.05931949215937,256.76109532278497,4
WF-3-BJ61,497180.4313133554,5404664.216488899,25.21456630604107,106.34201753229812,259.35382006544063,4
WF-3-BJ62,497205.4712204082,5404664.216488899,25.283906101370533,105.32670684523443,262.76196023374655,4
WF-3-BJ63,497230.51112746104,5404664.216488899,25.353245896699995,104.31139615817077,266.17010040205236,4
WF-3-BJ64,497255.55103451386,5404664.216488899,25.426186517962766,103.19123453355547,269.77367058280095,4
WF-3-BJ65,497280.5909415666,5404664.216488899,25.50422838051834,101.92253200689623,273.6541038132484,4
WF-3-BJ66,497305.63084861945,5404664.216488899,25.5822702430741,100.65382948023407,277.5345370437049,4
WF-3-BJ67,497330.67075567227,5404664.216488899,25.724142467910767,99.27704450918588,281.34088386928966,4
WF-3-BJ68,497355.7106627251,5404664.216488899,25.890976560586612,97.85799219707792,285.11825804015336,4
WF-3-BJ69,497380.7505697779,5404664.216488899,26.060937334927225,96.43756718939208,288.88242306555844,4
WF-3-BJ70,497405.79047683073,5404664.216488899,26.358284448355185,94.96121622470426,292.10842499575847,4
WF-3-BJ71,497430.83038388356,5404664.216488899,26.65563156178313,93.48486526001642,295.3344269259585,4
WF-3-BJ72,497455.8702909364,5404664.216488899,26.97581327291065,92.0326682882615,298.32619192303036,4
WF-3-BJ73,497480.9101979892,5404664.216488899,27.342557931160492,90.62972469554686,300.84031496315424,4
WF-3-BJ74,497505.950105042,5404664.216488899,27.70930258941034,89.2267811028322,303.3544380032781,4
WF-3-BJ75,497530.99001209484,5404664.216488899,27.985318064085064,88.0169328818746,305.50599913175154,4
WF-3-BJ76,497556.02991914767,5404664.216488899,28.208984737241586,86.9184965671183,307.4483697792444,4
WF-3-BJ77,497581.0698262005,5404664.216488899,28.43265141039811,85.820060252362,309.3907404267373,4
WF-3-BJ78,497606.1097332533,5404664.216488899,28.270523956054284,85.20439642023416,311.1593296630041,4
WF-3-BJ79,497631.14964030613,5404664.216488899,28.083425062782062,84.61998118083213,312.91667048570525,4
WF-3-BJ80,497656.18954735895,5404664.216488899,27.77714728947649,84.14248297380772,314.7560849558522,4
WF-3-BJ81,497681.2294544118,5404664.216488899,27.10219246106245,83.99573008530697,316.84939231905116,4
WF-3-BJ82,497706.2693614646,5404664.216488899,26.427237632648417,83.84897719680622,318.9426996822501,4
WF-3-BJ83,497731.3092685174,5404664.216488899,25.58956865758873,83.74462969868958,321.4497696400934,4
WF-3-BJ84,497756.34917557024,5404664.216488899,24.6184331981585,83.67506527561349,324.2962288889704,4
WF-3-BJ85,497781.38908262306,5404664.216488899,23.647297738728305,83.60550085253738,327.14268813784724,4
WF-3-BJ86,497806.4289896759,5404664.216488899,22.6596330651641,83.24429237469462,330.7575238027524,4
WF-3-BJ87,497831.4688967287,5404664.216488899,21.669152934807876,82.83340753425009,334.5032386844065,4
WF-3-BJ88,497856.50880378153,5404664.216488899,20.712236812070454,82.28459821203612,338.3882792914534,4
WF-3-BJ89,497881.54871083435,5404664.216488899,19.932134140122827,81.00920987556952,343.0072805914631,4
WF-3-BJ90,497906.5886178872,5404664.216488899,19.152031468175192,79.7338215391029,347.62628189147284,4
WF-3-BJ91,497931.62852494,5404664.216488899,18.57141653152815,77.52853274003631,352.75282484430033,4
WF-3-BJ92,497956.6684319928,5404664.216488899,18.220665611542426,74.2517462115162,358.4641935397419,4
WF-3-BJ93,497981.70833904564,5404664.216488899,17.8699146915567,70.97495968299617,364.1755622351834,4
WF-3-BJ94,498006.74824609846,5404664.216488899,17.938637727176356,65.80551815342038,370.3926373345609,4
WF-3-BJ95,498031.7881531513,5404664.216488899,18.13286414897381,60.069808782123616,376.7610159064368,4
WF-3-BJ96,498056.8280602041,5404664.216488899,18.3173162056641,54.7591174526174,382.6241143937606,4
WF-3-BJ97,498081.8679672569,5404664.216488899,18.38085628592916,54.70603322965177,382.2367390138038,4
WF-3-BJ98,498106.90787430975,5404664.216488899,18.444396366194212,54.65294900668615,381.849363633847,4
WF-3-BJ99,498131.94778136257,5404664.216488899,18.456627536173514,56.444872787111436,379.2120205863722,4
WF-3-BJ100,498156.9876884154,5404664.216488899,18.38510013721935,61.24865609006729,372.9017468348869,4
WF-3-BJ101,498182.0275954682,5404664.216488899,18.313572738265187,66.05243939302323,366.59147308340147,4
WF-3-BJ102,498207.06750252104,5404664.216488899,18.386346548563697,70.2195053926982,360.44741486302945,4
WF-3-BJ103,498232.10740957386,5404664.216488899,18.52549024587368,74.09371968519832,354.3798058011693,4
WF-3-BJ104,498257.1473166267,5404664.216488899,18.664633943183667,77.9679339776986,348.31219673930883,4
WF-3-BJ105,498282.1872236795,5404664.216488899,18.931533711447333,81.12207223690385,343.37141367533707,4
WF-3-BJ106,498307.2271307323,5404664.216488899,19.199718306134113,84.26896878377937,338.44196295593036,4
WF-3-BJ107,498332.26703778515,5404664.216488899,19.487494602478783,87.49317813181963,333.80158087654786,4
WF-3-BJ108,498357.30694483797,5404664.216488899,19.82206320418922,90.90203934236573,329.8516027402143,4
WF-3-BJ109,498382.34685189073,5404664.216488899,20.156631805898883,94.31090055290395,325.9016246038898,4
WF-3-BJ110,498407.38675894355,5404664.216488899,20.52775545667774,98.39311581820127,322.3977325095676,4
WF-3-BJ111,498432.4266659964,5404664.216488899,20.923227783139975,102.92384038432152,319.1909704873044,4
WF-3-BJ112,498457.4665730492,5404664.216488899,21.31870010960221,107.45456495044178,315.9842084650413,4
WF-3-BJ113,498482.506480102,5404664.216488899,21.750805783689174,113.13764425847702,313.3711005488183,4
WF-3-BJ114,498507.54638715484,5404664.216488899,22.18674380284694,118.94127550351331,310.82009690464673,4
WF-3-BJ115,498532.58629420766,5404664.216488899,22.594791391471773,124.47956322613362,308.50076370483225,4
WF-3-BJ116,498557.6262012605,5404664.216488899,22.898156178429772,129.02192142024228,307.05097287906096,4
WF-3-BJ117,498582.6661083133,5404664.216488899,23.20152096538778,133.56427961435102,305.60118205328956,4
WF-3-BJ118,498607.70601536613,5404664.216488899,23.326264292158534,135.18055748080693,305.0231127239291,4
WF-3-BJ119,498632.74592241895,5404664.216488899,23.283101559104594,134.04628892338002,305.2644708114837,4
WF-3-BJ120,498657.7858294718,5404664.216488899,23.239938826050643,132.91202036595303,305.5058288990383,4
WF-3-BJ121,498682.8257365246,5404664.216488899,23.128641425030317,128.4029278843961,306.5034354499173,4
WF-3-BJ122,498707.8656435774,5404664.216488899,23.00244278956157,123.15575236792344,307.66643556606334,4
WF-3-BJ123,498732.90555063024,5404664.216488899,22.915806833557834,118.00306419681328,308.8045085493474,4
WF-3-BJ124,498757.94545768306,5404664.216488899,23.10452685375214,113.50800729771296,309.76908885984363,4
WF-3-BJ125,498782.9853647359,5404664.216488899,23.293246873946444,109.01295039861267,310.7336691703398,4
WF-3-BJ126,498808.0252717887,5404664.216488899,23.636602765715963,105.45613014153065,311.5122400400079,4
WF-3-BJ127,498833.0651788415,5404664.216488899,24.184346765914405,103.13941291207998,312.04495516240684,4
WF-3-BJ128,498858.10508589435,5404664.216488899,24.73209076611286,100.82269568262922,312.57767028480583,4
WF-3-BJ129,498883.1449929472,5404664.216488899,25.41164228097381,99.66479597498694,312.897963110793,4
WF-3-BJ130,498908.1849,5404689.883155566,27.422049600658834,101.69701695362687,313.50604032873923,4
WF-3-BJ131,498908.1849,5404715.549822232,28.954264472039096,104.03813442950883,314.006194859317,4
WF-3-BJ132,498908.1849,5404741.216488899,30.62206231381689,106.14323609867989,314.5805475025121,4
WF-3-BJ133,498908.1849,5404766.883155566,32.41454034469748,108.13104298299251,315.16443780328814,4
WF-3-BJ134,498908.1849,5404792.549822232,34.40485558717137,109.93273150035009,315.7634620527092,4
WF-3-BJ135,498908.1849,5404818.216488899,36.35893124678114,111.68104259310488,316.34024971280604,4
WF-3-BJ136,498908.1849,5404843.883155566,38.061632475888935,113.05910329552867,316.76279415236263,4
WF-3-BJ137,498908.1849,5404869.549822232,39.76433370493495,114.43716399790249,317.18533859190387,4
WF-3-BJ138,498908.1849,5404895.216488899,40.46438766121556,115.02104401828882,317.53647847083215,4
WF-3-BJ139,498908.1849,5404920.883155566,41.00851779647068,115.48141930287834,317.8765140738764,4
WF-3-BJ140,498908.1849,5404946.549822232,40.725699572102265,115.37344858199185,318.4348726174963,4
WF-3-BJ141,498883.1449929472,5404972.216488899,37.855052135956214,113.52273768695424,319.65387713805654,4
WF-3-BJ142,498858.10508589435,5404972.216488899,35.85606559287237,112.21094658365257,320.1476968121169,4
WF-3-BJ143,498833.0651788415,5404972.216488899,33.99231037311908,111.06519837265454,320.5741610692391,4
WF-3-BJ144,498808.0252717887,5404972.216488899,32.12855515336587,109.91945016165653,321.0006253263613,4
WF-3-BJ145,498782.9853647359,5404972.216488899,30.5472171979088,108.97227042872683,321.36099179867443,4
WF-3-BJ146,498757.94545768306,5404972.216488899,29.179550380895243,108.17532355381162,321.67135003596036,4
WF-3-BJ147,498732.90555063024,5404972.216488899,27.811883563881693,107.37837667889643,321.98170827324617,4
WF-3-BJ148,498707.8656435774,5404972.216488899,26.81867478377479,106.72993476550968,322.3091055166428,4
WF-3-BJ149,498682.8257365246,5404972.216488899,25.879267499069584,106.10282979302775,322.63895089552744,4
WF-3-BJ150,498657.7858294718,5404972.216488899,24.988516340026877,105.46827148602951,323.0017591073458,4
WF-3-BJ151,498632.74592241895,5404972.216488899,24.320241310597492,104.79963342045367,323.5152871595202,4
WF-3-BJ152,498607.70601536613,5404972.216488899,23.651966281168146,104.13099535487784,324.0288152116945,4
WF-3-BJ153,498582.6661083133,5404972.216488899,23.051191785695465,103.39351183627157,324.6872129924633,4
WF-3-BJ154,498557.6262012605,5404972.216488899,22.52222556177265,102.58278929722502,325.49972577352133,4
WF-3-BJ155,498532.58629420766,5404972.216488899,21.993259337849846,101.7720667581785,326.3122385545794,4
WF-3-BJ156,498507.54638715484,5404972.216488899,21.508820050737903,100.88640324366354,327.3901521041803,4
WF-3-BJ157,498482.506480102,5404972.216488899,21.036243986793423,99.9807733541845,328.5387758524057,4
WF-3-BJ158,498457.4665730492,5404972.216488899,20.565092689988848,99.0796903283417,329.7157104573982,4
WF-3-BJ159,498432.4266659964,5404972.216488899,20.107560727809933,98.22207072583635,331.16326825480763,4
WF-3-BJ160,498407.38675894355,5404972.216488899,19.650028765631006,97.364451123331,332.61082605221713,4
WF-3-BJ161,498382.34685189073,5404972.216488899,19.192131346515982,96.58842183817286,334.1413345728364,4
WF-3-BJ162,498357.30694483797,5404972.216488899,18.733685261166304,95.93488537738665,335.79637831650166,4
WF-3-BJ163,498332.26703778515,5404972.216488899,18.275239175815575,95.28134891659896,337.45142206017067,4
WF-3-BJ164,498307.2271307323,5404972.216488899,17.81415908523868,94.84596786867827,339.16869665915965,4
WF-3-BJ165,498282.1872236795,5404972.216488899,17.351976149992034,94.50192738905274,340.91202700260953,4
WF-3-BJ166,498257.1473166267,5404972.216488899,16.889837934013485,94.16095007514545,342.6551837168044,4
WF-3-BJ167,498232.10740957386,5404972.216488899,16.432146356027786,94.12455710804488,344.3810756931184,4
WF-3-BJ168,498207.06750252104,5404972.216488899,15.974454778042107,94.08816414094433,346.10696766943227,4
WF-3-BJ169,498182.0275954682,5404972.216488899,15.525972872291067,94.09081833359178,347.8197291644017,4
WF-3-BJ170,498156.9876884154,5404972.216488899,15.097514608286666,94.17836874383492,349.50394240621864,4
WF-3-BJ171,498131.94778136257,5404972.216488899,14.669056344282271,94.26591915407806,351.1881556480356,4
WF-3-BJ172,498106.90787430975,5404972.216488899,14.282991631368816,94.21310590851297,352.89638546041397,4
WF-3-BJ173,498081.8679672569,5404972.216488899,13.922896403575713,94.0743085503377,354.61932736828305,4
WF-3-BJ174,498056.8280602041,5404972.216488899,13.562801175782603,93.93551119216242,356.3422692761521,4
WF-3-BJ175,498031.7881531513,5404972.216488899,13.31383041618999,93.45924010367628,357.93993332361964,4
WF-3-BJ176,498006.74824609846,5404972.216488899,13.073842812415709,92.95568808279901,359.5274700736629,4
WF-3-BJ177,497981.70833904564,5404972.216488899,12.886170472314346,92.45965967974898,360.86218701939794,4
WF-3-BJ178,497956.6684319928,5404972.216488899,12.873353100351721,91.9887777036326,361.3518962996159,4
WF-3-BJ179,497931.62852494,5404972.216488899,12.860535728389095,91.51789572751622,361.8416055798339,4
WF-3-BJ180,497906.5886178872,5404972.216488899,13.004262922498837,91.25242916561682,361.3813028364204,4
WF-3-BJ181,497881.54871083435,5404972.216488899,13.283847487470615,91.16523259296224,360.09653113150864,4
WF-3-BJ182,497856.50880378153,5404972.216488899,13.563432052442392,91.07803602030766,358.81175942659684,4
WF-3-BJ183,497831.4688967287,5404972.216488899,13.973288326294657,91.30371729830382,356.6677816643642,4
WF-3-BJ184,497806.4289896759,5404972.216488899,14.40787371781217,91.58879131206805,354.36070319613214,4
WF-3-BJ185,497781.38908262306,5404972.216488899,14.833537542916442,91.92077957536458,352.0895021778828,4
WF-3-BJ186,497756.34917557024,5404972.216488899,15.206823905836467,92.52819585398515,350.02893342897994,4
WF-3-BJ187,497731.3092685174,5404972.216488899,15.58011026875651,93.13561213260576,347.9683646800769,4
WF-3-BJ188,497706.2693614646,5404972.216488899,15.849300416733664,93.88368070050745,346.5072998353434,4
WF-3-BJ189,497681.2294544118,5404972.216488899,15.991582848040526,94.80322390739488,345.7771133578476,4
WF-3-BJ190,497656.18954735895,5404972.216488899,16.13386527934739,95.72276711428236,345.04692688035186,4
WF-3-BJ191,497631.14964030613,5404972.216488899,16.04204910558832,96.79102701821583,345.840041184399,4
WF-3-BJ192,497606.1097332533,5404972.216488899,15.874558003914576,97.9073612168487,347.1255790840636,4
WF-3-BJ193,497581.0698262005,5404972.216488899,15.696727883553587,99.01080989715189,348.48865333930974,4
WF-3-BJ194,497556.02991914767,5404972.216488899,15.359165971000131,99.91518485504513,351.04961894302375,4
WF-3-BJ195,497530.99001209484,5404972.216488899,15.021604058446675,100.81955981293838,353.61058454673764,4
WF-3-BJ196,497505.950105042,5404972.216488899,14.768949152214947,101.47250358789182,355.5316457953696,4
WF-3-BJ197,497480.9101979892,5404972.216488899,14.663452215983723,101.68967528608584,356.34364632018435,4
WF-3-BJ198,497455.8702909364,5404972.216488899,14.5579552797525,101.90684698427984,357.155646844999,4
WF-3-BJ199,497430.83038388356,5404972.216488899,14.72563792154739,101.79556677760078,355.5078790518003,4
WF-3-BJ200,497405.79047683073,5404972.216488899,15.027288581895192,101.52321285082992,352.65383409086985,4
WF-3-BJ201,497380.7505697779,5404972.216488899,15.328939242242997,101.25085892405905,349.79978912993937,4
WF-3-BJ202,497355.7106627251,5404972.216488899,15.769914385065709,101.06541173790839,344.9789314817097,4
WF-3-BJ203,497330.67075567227,5404972.216488899,16.214309229780543,100.88209766677141,340.1097986635405,4
WF-3-BJ204,497305.63084861945,5404972.216488899,16.63017942247948,100.7857940425233,335.2497904448479,4
WF-3-BJ205,497280.5909415666,5404972.216488899,16.9731088046653,100.91198612183892,330.4131148747378,4
WF-3-BJ206,497255.55103451386,5404972.216488899,17.31603818685032,101.03817820115424,325.576439304639,4
WF-3-BJ207,497230.51112746104,5404972.216488899,17.56003975638703,101.3096061762501,321.2419221706344,4
WF-3-BJ208,497205.4712204082,5404972.216488899,17.73421090370834,101.68355217586895,317.26186486620924,4
WF-3-BJ209,497180.4313133554,5404972.216488899,17.90838205102966,102.05749817548784,313.2818075617841,4
WF-3-BJ210,497155.3914063026,5404972.216488899,17.94654130889704,102.55166321226578,310.16443639602517,4
WF-3-BJ211,497130.35149924975,5404972.216488899,17.968111954129434,103.060490695443,307.1522822538468,4
WF-3-BJ212,497105.31159219693,5404972.216488899,17.9673445498319,103.57747575266927,304.3032969247014,4
WF-3-BJ213,497080.2716851441,5404972.216488899,17.875164595616305,104.12784352059141,302.12203673630614,4
WF-3-BJ214,497055.2317780913,5404972.216488899,17.782984641400713,104.67821128851357,299.9407765479109,4
WF-3-BJ215,497030.19187103846,5404972.216488899,17.656275007284062,105.2127950391331,298.0581303093954,4
WF-3-BJ216,497005.15196398564,5404972.216488899,17.495236895726855,105.73168674501183,296.4723580144337,4
WF-3-BJ217,496980.1120569328,5404972.216488899,17.334198784169644,106.25057845089057,294.8865857194722,4
WF-3-BJ218,496955.07214988,5404972.216488899,17.154037980200584,106.69666365187551,293.54498561238734,4
WF-3-BJ219,496930.0322428272,5404972.216488899,16.969290462720785,107.12528569587018,292.2619519377356,4
WF-3-BJ220,496904.99233577435,5404972.216488899,16.785924339897594,107.53941368869759,290.979685934342,4
WF-3-BJ221,496879.95242872153,5404972.216488899,16.613551791322486,107.83819345218299,289.70352930087654,4
WF-3-BJ222,496854.9125216687,5404972.216488899,16.441179242747374,108.13697321566836,288.42737266741113,4
WF-3-BJ223,496829.8726146159,5404972.216488899,16.28079364754474,108.37809916912562,287.0693764127726,4
WF-3-BJ224,496804.83270756307,5404972.216488899,16.137186677996734,108.53852474226387,285.59682591530776,4
WF-3-BJ225,496779.79280051024,5404972.216488899,15.993579708448724,108.69895031540213,284.1242754178428,4
WF-3-BJ226,496754.7528934574,5404972.216488899,15.868207158467346,108.77626579574915,282.4904523745215,4
WF-3-BJ227,496729.7129864046,5404972.216488899,15.749862781100859,108.8215477871199,280.79446934381036,4
WF-3-BJ228,496704.6730793518,5404972.216488899,15.631960853534117,108.86465168286267,279.0964093207609,4
WF-3-BJ229,496679.63317229896,5404972.216488899,15.530077372202975,108.82889983557442,277.3231538967399,4
WF-3-BJ230,496654.59326524613,5404972.216488899,15.428193890871825,108.79314798828617,275.54989847271884,4
WF-3-BJ231,496629.5533581933,5404972.216488899,15.33230742307896,108.73624609599885,273.8261230726019,4
WF-3-BJ232,496604.5134511405,5404972.216488899,15.248489280936106,108.63678208025938,272.2019207412857,4
WF-3-BJ233,496579.47354408767,5404972.216488899,15.16467113879325,108.5373180645199,270.5777184099694,4
WF-3-BJ234,496554.43363703485,5404972.216488899,15.099970004122024,108.39016256270824,269.17061373548745,4
WF-3-BJ235,496529.393729982,5404972.216488899,15.046160696624199,108.21583505582667,267.88719945352636,4
WF-3-BJ236,496504.3538229292,5404972.216488899,14.99235138912637,108.0415075489451,266.6037851715653,4
WF-3-BJ237,496479.3139158764,5404972.216488899,14.973808658587153,107.76706879058288,265.727054213526,4
WF-3-BJ238,496454.27400882356,5404972.216488899,14.95743218288542,107.48648068341768,264.8753038403277,4
WF-3-BJ239,496429.23410177074,5404972.216488899,14.948054237713627,107.169690302177,264.1309406616083,4
WF-3-BJ240,496404.1941947179,5404972.216488899,14.959987467224465,106.74266063807114,263.7135814518539,4
WF-3-BJ241,496379.1542876651,5404972.216488899,14.971920696735303,106.31563097396528,263.29622224209953,4
WF-3-BJ242,496354.1143806123,5404972.216488899,14.986993053536743,105.77999347898178,263.1092717424198,4
WF-3-BJ243,496329.07447355945,5404972.216488899,15.004610052937418,105.1563161922098,263.10909538874137,4
WF-3-BJ244,496304.0345665066,5404972.216488899,15.022227052338096,104.53263890543786,263.10891903506285,4
WF-3-BJ245,496278.9946594538,5404972.216488899,15.023862448771524,103.67779301646411,263.49225671482156,4
WF-3-BJ246,496253.954752401,5404972.216488899,15.022839407411311,102.78449370388475,263.93938950968675,4
WF-3-BJ247,496228.91484534816,5404972.216488899,15.015926996858347,101.83018303362412,264.47625993624246,4
WF-3-BJ248,496203.87493829534,5404972.216488899,14.978653614381008,100.56134561915663,265.47574726235894,4
WF-3-BJ249,496178.8350312426,5404972.216488899,14.941380231903754,99.29250820469208,266.4752345884731,4
WF-3-BJ250,496153.79512418975,5404972.216488899,14.883196162327945,97.79134233392611,267.80290832534695,4
WF-3-BJ251,496128.75521713693,5404972.216488899,14.801198571797666,96.02559603419917,269.50432750314025,4
WF-3-BJ252,496103.7153100841,5404972.216488899,14.719200981267386,94.25984973447223,271.2057466809336,4
WF-3-BJ253,496078.6754030313,5404972.216488899,14.605993588854048,92.08704095496839,273.48587497558,4
WF-3-BJ254,496053.63549597847,5404972.216488899,14.483601808609835,89.79444225498769,275.9363051833996,4
WF-3-BJ255,496028.59558892564,5404972.216488899,14.36041260919209,87.48827205533672,278.4118381271289,4
WF-3-BJ256,496003.5556818728,5404972.216488899,14.227759953675294,85.0210406527568,281.1852804353816,4
WF-3-BJ257,495978.51577482,5404972.216488899,14.0951072981585,82.55380925017688,283.95872274363444,4
WF-3-BJ258,495953.4758677672,5404972.216488899,13.982000553655464,80.40713115395343,286.38341507393363,4
WF-3-BJ259,495928.43596071436,5404972.216488899,13.900408524251173,78.77729497503293,288.2458027775433,4
WF-3-BJ260,495903.39605366153,5404972.216488899,13.818816494846882,77.14745879611243,290.10819048115303,4
WF-3-BJ261,495878.3561466087,5404972.216488899,13.795420248216118,76.78604811333919,290.5373989880766,4
WF-3-BJ262,495853.3162395559,5404972.216488899,13.798429662278693,77.00017077112425,290.3163190758594,4
WF-3-BJ263,495828.27633250307,5404972.216488899,13.80143907634127,77.21429342890931,290.0952391636422,4
WF-3-BJ264,495803.23642545025,5404972.216488899,13.820052103446546,78.95591712924248,288.3358107962998,4
WF-3-BJ265,495778.1965183974,5404972.216488899,13.838775675785595,80.70836255140243,286.5654838576371,4
WF-3-BJ266,495753.1566113446,5404972.216488899,13.828922489660233,82.57341490562082,284.81363040399634,4
WF-3-BJ267,495728.1167042918,5404972.216488899,13.751766605556437,84.70367404835741,283.105284872522,4
WF-3-BJ268,495703.07679723896,5404972.216488899,13.674610721452641,86.833933191094,281.39693934104764,4
WF-3-BJ269,495678.03689018614,5404972.216488899,13.504219379060459,88.74315945596638,280.33796805743,4
WF-3-BJ270,495652.9969831333,5404946.549822232,13.125534330678136,90.97592341767974,279.4816388844608,4
WF-3-BJ271,495652.9969831333,5404920.883155566,12.98057974420971,91.61349600583584,279.0318022035989,4
WF-3-BJ272,495652.9969831333,5404895.216488899,12.838669758464212,92.50911329513897,278.23730435088123,4
WF-3-BJ273,495652.9969831333,5404869.549822232,12.706989520584663,93.40852216970464,277.35766629559606,4
WF-3-BJ274,495652.9969831333,5404843.883155566,12.641090307903298,94.33231232605854,275.93054555714735,4
WF-3-BJ275,495652.9969831333,5404818.216488899,12.575191095219541,95.256102482446,274.50342481864686,4
WF-3-BJ276,495652.9969831333,5404792.549822232,12.62557634769138,96.01900645270733,272.33610533347894,4
WF-3-BJ277,495652.9969831333,5404766.883155566,12.692725837123163,96.75871614548967,270.06207454201405,4
WF-3-BJ278,495652.9969831333,5404741.216488899,12.828714530031371,97.37900891976463,267.22085864634647,4
WF-3-BJ279,495652.9969831333,5404715.549822232,13.008086794890307,97.92404323351246,264.0221935860721,4
WF-3-BJ280,495652.9969831333,5404689.883155566,13.198861106279537,98.40254599750361,260.5748612334708,4
WF-4-BJ1,495678.30485174124,5405002.216488899,13.623156271213507,88.5505868002987,280.46950554307006,4
WF-4-BJ2,495703.3426815727,5405002.216488899,13.755137352806198,86.68045266289221,281.6275455813498,4
WF-4-BJ3,495728.38051140413,5405002.216488899,13.809958850274656,84.6018736793078,283.328678359998,4
WF-4-BJ4,495753.4183412356,5405002.216488899,13.86478034774324,82.52329469571858,285.02981113865013,4
WF-4-BJ5,495778.4561710671,5405002.216488899,13.862668407497303,80.71344717856243,286.72376947197864,4
WF-4-BJ6,495803.49400089856,5405002.216488899,13.83756984694627,79.01209878654086,288.41483115516314,4
WF-4-BJ7,495828.53183073003,5405002.216488899,13.812845862472273,77.33657490247967,290.0803430875677,4
WF-4-BJ8,495853.56966056145,5405002.216488899,13.809474673001562,77.13318300534007,290.2893856290081,4
WF-4-BJ9,495878.6074903929,5405002.216488899,13.806103483530842,76.92979110819999,290.4984281704489,4
WF-4-BJ10,495903.6453202244,5405002.216488899,13.830093080084913,77.30685903455021,290.07487697374955,4
WF-4-BJ11,495928.6831500559,5405002.216488899,13.911666943990008,78.90557876696,288.31995149165346,4
WF-4-BJ12,495953.72097988735,5405002.216488899,13.993240807895106,80.5042984993698,286.5650260095573,4
WF-4-BJ13,495978.75880971877,5405002.216488899,14.107564470082082,82.63244885262576,284.2638025621161,4
WF-4-BJ14,496003.79663955024,5405002.216488899,14.241374215725235,85.07560967322271,281.63753260131693,4
WF-4-BJ15,496028.8344693817,5405002.216488899,14.37518396136839,87.51877049381966,279.0112626405178,4
WF-4-BJ16,496053.8722992132,5405002.216488899,14.502182625698024,89.82256225575175,276.66766763401614,4
WF-4-BJ17,496078.9101290446,5405002.216488899,14.628682930889928,92.1161565408514,274.3447556350945,4
WF-4-BJ18,496103.9479588761,5405002.216488899,14.746505249616728,94.28715176526161,272.1958684622676,4
WF-4-BJ19,496128.98578870756,5405002.216488899,14.83634003902223,96.06275056682152,270.6082318678475,4
WF-4-BJ20,496154.02361853904,5405002.216488899,14.926174828427731,97.83834936838144,269.0205952734273,4
WF-4-BJ21,496179.0614483705,5405002.216488899,14.994123424321073,99.34137511433528,267.819077245193,4
WF-4-BJ22,496204.09927820193,5405002.216488899,15.043543465957192,100.6136442124014,266.9444419523837,4
WF-4-BJ23,496229.1371080334,5405002.216488899,15.092963507593428,101.88591331047047,266.0698066595723,4
WF-4-BJ24,496254.1749378649,5405002.216488899,15.114807048704332,102.8319255671518,265.68728855240965,4
WF-4-BJ25,496279.21276769636,5405002.216488899,15.13164614978391,103.7187304274474,265.3940773151197,4
WF-4-BJ26,496304.25059752783,5405002.216488899,15.14562638250765,104.56415783339267,265.17362925514186,4
WF-4-BJ27,496329.28842735925,5405002.216488899,15.14356509404218,105.17741039667114,265.36146583977285,4
WF-4-BJ28,496354.3262571907,5405002.216488899,15.141503805576708,105.79066295995102,265.5493024244043,4
WF-4-BJ29,496379.3640870222,5405002.216488899,15.138239807037241,106.31752527608242,265.9381324722741,4
WF-4-BJ30,496404.4019168537,5405002.216488899,15.133541688929915,106.74137528144448,266.56662847528526,4
WF-4-BJ31,496429.43974668515,5405002.216488899,15.12884357082259,107.16522528680649,267.19512447829635,4
WF-4-BJ32,496454.47757651657,5405002.216488899,15.132058898328244,107.49158079293713,268.15634332167326,4
WF-4-BJ33,496479.51540634804,5405002.216488899,15.13775980295979,107.78731372212309,269.2220688896479,4
WF-4-BJ34,496504.5532361795,5405002.216488899,15.144387336644797,108.07761445574637,270.31514740636044,4
WF-4-BJ35,496529.591066011,5405002.216488899,15.164162251853995,108.29084103838136,271.79632043783835,4
WF-4-BJ36,496554.62889584247,5405002.216488899,15.183937167063199,108.50406762101633,273.27749346931625,4
WF-4-BJ37,496579.6667256739,5405002.216488899,15.207249820840016,108.6971226854141,274.8748314430711,4
WF-4-BJ38,496604.70455550536,5405002.216488899,15.236568143757243,108.85593455680315,276.66937115904483,4
WF-4-BJ39,496629.74238533684,5405002.216488899,15.265886466674472,109.01474642819221,278.46391087501866,4
WF-4-BJ40,496654.7802151683,5405002.216488899,15.300783313837155,109.13614099652382,280.32995353592173,4
WF-4-BJ41,496679.81804499973,5405002.216488899,15.338359269879636,109.23956575340114,282.23033577594015,4
WF-4-BJ42,496704.8558748312,5405002.216488899,15.375935225922206,109.34299051027872,284.13071801596305,4
WF-4-BJ43,496729.8937046627,5405002.216488899,15.434756845508861,109.3560241790642,285.87938412339304,4
WF-4-BJ44,496754.93153449416,5405002.216488899,15.494002769543854,109.36725261636386,287.6250202557972,4
WF-4-BJ45,496779.96936432563,5405002.216488899,15.566033719108933,109.33653355446316,289.2746582067798,4
WF-4-BJ46,496805.00719415705,5405002.216488899,15.67009540081403,109.20072208522436,290.6837888527224,4
WF-4-BJ47,496830.0450239885,5405002.216488899,15.77415708251937,109.06491061598523,292.09291949866827,4
WF-4-BJ48,496855.08285382,5405002.216488899,15.910717068588022,108.82303183182607,293.3206738024561,4
WF-4-BJ49,496880.1206836515,5405002.216488899,16.0698475845829,108.50748780412577,294.42245968300494,4
WF-4-BJ50,496905.15851348295,5405002.216488899,16.228978100577777,108.19194377642549,295.52424556355385,4
WF-4-BJ51,496930.19634331437,5405002.216488899,16.419007139335708,107.73138952234511,296.57501336979954,4
WF-4-BJ52,496955.23417314584,5405002.216488899,16.612661157080517,107.25382283606831,297.6197957945236,4
WF-4-BJ53,496980.2720029773,5405002.216488899,16.80400717927611,106.75585180221074,298.7229852390887,4
WF-4-BJ54,497005.3098328088,5405002.216488899,16.98611311616424,106.1761917406799,300.06000782344034,4
WF-4-BJ55,497030.34766264027,5405002.216488899,17.16821905305237,105.59653167914907,301.39703040779193,4
WF-4-BJ56,497055.3854924717,5405002.216488899,17.317696979078157,105.0041782986597,303.0409512438729,4
WF-4-BJ57,497080.42332230316,5405002.216488899,17.43515710589606,104.39936899066963,304.986030696182,4
WF-4-BJ58,497105.46115213464,5405002.216488899,17.552617232713963,103.79455968267955,306.9311101484912,4
WF-4-BJ59,497130.4989819661,5405002.216488899,17.579733509797677,103.23555262844457,309.5483378048482,4
WF-4-BJ60,497155.5368117976,5405002.216488899,17.5856001073048,102.68731867297662,312.3236607162339,4
WF-4-BJ61,497180.574641629,5405002.216488899,17.574685151432575,102.15602339836006,315.2052592995264,4
WF-4-BJ62,497205.6124714605,5405002.216488899,17.433910653357085,101.75580355466346,318.90924361733073,4
WF-4-BJ63,497230.65030129196,5405002.216488899,17.293136155281594,101.35558371096687,322.613227935135,4
WF-4-BJ64,497255.68813112343,5405002.216488899,17.087135732524114,101.05959401234165,326.64152139571496,4
WF-4-BJ65,497280.7259609549,5405002.216488899,16.790802009494943,100.90795570525285,331.11896012051363,4
WF-4-BJ66,497305.7637907863,5405002.216488899,16.494468286466454,100.7563173981644,335.59639884530185,4
WF-4-BJ67,497330.8016206178,5405002.216488899,16.134634189582236,100.8164555964048,340.0509030392528,4
WF-4-BJ68,497355.8394504493,5405002.216488899,15.750612099924798,100.95726180129563,344.49667121744915,4
WF-4-BJ69,497380.87728028075,5405002.216488899,15.37024216136065,101.100313974847,348.8886478975588,4
WF-4-BJ70,497405.91511011217,5405002.216488899,15.112071232672307,101.31851505092573,351.4807900040162,4
WF-4-BJ71,497430.95293994364,5405002.216488899,14.85390030398336,101.53671612700498,354.07293211047966,4
WF-4-BJ72,497455.9907697751,5405002.216488899,14.708956503396664,101.60551278318302,355.593717614144,4
WF-4-BJ73,497481.0285996066,5405002.216488899,14.789911203628392,101.3762339248001,354.97704847711736,4
WF-4-BJ74,497506.06642943807,5405002.216488899,14.870865903860125,101.14695506641722,354.36037934009084,4
WF-4-BJ75,497531.1042592695,5405002.216488899,15.066347160627178,100.51122441403955,352.8089112971618,4
WF-4-BJ76,497556.14208910096,5405002.216488899,15.326602719762196,99.64561143394099,350.7287366483944,4
WF-4-BJ77,497581.17991893244,5405002.216488899,15.586858278897218,98.77999845384241,348.6485619996269,4
WF-4-BJ78,497606.2177487639,5405002.216488899,15.686623827761808,97.69885459686738,347.74304609084004,4
WF-4-BJ79,497631.2555785954,5405002.216488899,15.776796637678004,96.60482812225331,346.90774137231415,4
WF-4-BJ80,497656.2934084268,5405002.216488899,15.791549865078354,95.54457090381115,346.5697670225324,4
WF-4-BJ81,497681.3312382583,5405002.216488899,15.578173960046223,94.58645892213194,347.7361174352207,4
WF-4-BJ82,497706.36906808976,5405002.216488899,15.364798055014095,93.62834694045277,348.902467847909,4
WF-4-BJ83,497731.40689792123,5405002.216488899,15.015308908072774,92.79903680518541,350.8813575956075,4
WF-4-BJ84,497756.4447277527,5405002.216488899,14.555939092505835,92.07370503973306,353.5161891470805,4
WF-4-BJ85,497781.4825575841,5405002.216488899,14.096569276939947,91.34837327428238,356.1510206985476,4
WF-4-BJ86,497806.5203874156,5405002.216488899,13.570070353293664,90.82426590560132,359.13699551926226,4
WF-4-BJ87,497831.5582172471,5405002.216488899,13.032477853231883,90.33341234121052,362.18099933517095,4
WF-4-BJ88,497856.59604707855,5405002.216488899,12.52840869180227,89.89671195461258,365.0219412484264,4
WF-4-BJ89,497881.63387691,5405002.216488899,12.196430969595689,89.73800590524746,366.82046863780636,4
WF-4-BJ90,497906.67170674144,5405002.216488899,11.864453247389893,89.57929985588271,368.61899602718205,4
WF-4-BJ91,497931.7095365729,5405002.216488899,11.73444026600987,89.64568465873822,369.2168540702297,4
WF-4-BJ92,497956.7473664044,5405002.216488899,11.834103800151103,89.96804524430793,368.4492977809033,4
WF-4-BJ93,497981.78519623587,5405002.216488899,11.933767334292334,90.29040582987766,367.6817414915767,4
WF-4-BJ94,498006.8230260673,5405002.216488899,12.265333056075276,90.8016294388551,365.6329699896488,4
WF-4-BJ95,498031.86085589876,5405002.216488899,12.665092780042189,91.36839079657862,363.207439674469,4
WF-4-BJ96,498056.89868573024,5405002.216488899,13.070183422906139,91.92140933072614,360.77770396145354,4
WF-4-BJ97,498081.9365155617,5405002.216488899,13.538623287418535,92.31111696226826,358.29799399732696,4
WF-4-BJ98,498106.9743453932,5405002.216488899,14.007063151930947,92.70082459381041,355.8182840332003,4
WF-4-BJ99,498132.0121752246,5405002.216488899,14.476097876965747,93.01341986465397,353.4739328226953,4
WF-4-BJ100,498157.0500050561,5405002.216488899,14.946093015739429,93.20151574842335,351.34812091908617,4
WF-4-BJ101,498182.08783488756,5405002.216488899,15.416088154513098,93.38961163219274,349.2223090154771,4
WF-4-BJ102,498207.12566471903,5405002.216488899,15.884095333689414,93.59252746465239,347.2500165130018,4
WF-4-BJ103,498232.1634945505,5405002.216488899,16.351198219621782,93.80218467127996,345.3475577020396,4
WF-4-BJ104,498257.2013243819,5405002.216488899,16.818301105553058,94.01184187790702,343.4450988910818,4
WF-4-BJ105,498282.2391542134,5405002.216488899,17.279916346392426,94.407247459118,341.68760173177714,4
WF-4-BJ106,498307.2769840449,5405002.216488899,17.741488444219648,94.80411336515677,339.93124423842914,4
WF-4-BJ107,498332.31481387635,5405002.216488899,18.20141285765533,95.26666026720552,338.22610185793167,4
WF-4-BJ108,498357.3526437078,5405002.216488899,18.657438307271704,95.88463003322738,336.6421512985315,4
WF-4-BJ109,498382.39047353924,5405002.216488899,19.113463756886993,96.50259979924776,335.05820073913503,4
WF-4-BJ110,498407.4283033707,5405002.216488899,19.570101199480224,97.21635548637411,333.6176175984122,4
WF-4-BJ111,498432.4661332022,5405002.216488899,20.027143384747376,97.99345936750693,332.271850762088,4
WF-4-BJ112,498457.50396303367,5405002.216488899,20.484185570014507,98.77056324863972,330.9260839257639,4
WF-4-BJ113,498482.54179286514,5405002.216488899,20.958624247635456,99.59501587421336,329.84650747592764,4
WF-4-BJ114,498507.57962269656,5405002.216488899,21.434851354095038,100.42433613967256,328.794296460135,4
WF-4-BJ115,498532.61745252804,5405002.216488899,21.923468380783554,101.24433358791035,327.8070719015569,4
WF-4-BJ116,498557.6552823595,5405002.216488899,22.458238072691007,102.02960338219293,327.06192301001704,4
WF-4-BJ117,498582.693112191,5405002.216488899,22.99300776459846,102.81487317647552,326.3167741184772,4
WF-4-BJ118,498607.7309420224,5405002.216488899,23.59500664187437,103.56228161941837,325.7052828843276,4
WF-4-BJ119,498632.7687718539,5405002.216488899,24.259939468332238,104.27424765222659,325.2189099923285,4
WF-4-BJ120,498657.80660168536,5405002.216488899,24.924872294790095,104.98621368503481,324.73253710032947,4
WF-4-BJ121,498682.84443151683,5405002.216488899,25.78558706203262,105.69254245310577,324.3639019345287,4
WF-4-BJ122,498707.8822613483,5405002.216488899,26.688883185807136,106.39764515109758,324.02087399315536,4
WF-4-BJ123,498732.9200911797,5405002.216488899,27.637932960445653,107.11888436733807,323.67585833848733,4
WF-4-BJ124,498757.9579210112,5405002.216488899,28.90372205534946,107.95183204236493,323.31708231833557,4
WF-4-BJ125,498782.9957508427,5405002.216488899,30.169511150253317,108.7847797173918,322.95830629818374,4
WF-4-BJ126,498808.03358067415,5405002.216488899,31.61022099775517,109.71786019652833,322.5381572618143,4
WF-4-BJ127,498833.0714105056,5405002.216488899,33.28178394837177,110.78309176813943,322.0370106820951,4
WF-4-BJ128,498858.10924033704,5405002.216488899,34.95334689898449,111.84832333974802,321.5358641023771,4
WF-4-BJ129,498883.1470701685,5405002.216488899,36.72287117170011,112.99795215858441,320.9610157895654,4
WF-4-BJ130,498908.1849,5405027.883155566,36.89953267611188,113.39438635764733,321.84909842544477,4
WF-4-BJ131,498908.1849,5405053.549822232,35.220995972447334,112.70701796504788,323.5957656521635,4
WF-4-BJ132,498908.1849,5405079.216488899,33.39288418527116,112.30417295371345,326.1041281107442,4
WF-4-BJ133,498908.1849,5405104.883155566,31.564772398094956,111.90132794237901,328.612490569325,4
WF-4-BJ134,498908.1849,5405130.549822232,29.84938269715036,112.28485290048195,332.232283255725,4
WF-4-BJ135,498908.1849,5405156.216488899,28.134911919425768,112.67478843613434,335.86113644803396,4
WF-4-BJ136,498908.1849,5405181.883155566,26.59897547204845,113.7340714667038,340.23516090452165,4
WF-4-BJ137,498908.1849,5405207.549822232,25.128627437757164,115.03925364655801,344.88293999704933,4
WF-4-BJ138,498908.1849,5405233.216488899,23.81994176509069,116.65197818922806,349.711748900894,4
WF-4-BJ139,498908.1849,5405258.883155566,22.693010711342925,118.61046809352007,354.744086962649,4
WF-4-BJ140,498908.1849,5405284.549822232,21.659662802287027,120.546589306801,359.5701785290759,4
WF-4-BJ141,498883.1470701685,5405310.216488899,20.84401259123357,122.58989808338737,364.18205421083553,4
WF-4-BJ142,498858.10924033704,5405310.216488899,20.766118461342135,122.5216267176298,364.25838660535675,4
WF-4-BJ143,498833.0714105056,5405310.216488899,20.844613351726682,121.73005607600447,362.98421791065334,4
WF-4-BJ144,498808.03358067415,5405310.216488899,20.92310824211141,120.93848543437728,361.710049215947,4
WF-4-BJ145,498782.9957508427,5405310.216488899,21.02207644583333,119.73957285836102,359.85136397189143,4
WF-4-BJ146,498757.9579210112,5405310.216488899,21.13655757673188,118.23201137632299,357.5497820401211,4
WF-4-BJ147,498732.9200911797,5405310.216488899,21.251038707630432,116.72444989428504,355.2482001083509,4
WF-4-BJ148,498707.8822613483,5405310.216488899,21.275437090463008,115.01959521699726,352.97660744477867,4
WF-4-BJ149,498682.84443151683,5405310.216488899,21.286822833751373,113.28624112900263,350.7093467931075,4
WF-4-BJ150,498657.80660168536,5405310.216488899,21.274573540988985,111.57163621997381,348.55307800722886,4
WF-4-BJ151,498632.7687718539,5405310.216488899,21.153654313649483,109.94323689350503,346.90713121825115,4
WF-4-BJ152,498607.7309420224,5405310.216488899,21.032735086309977,108.31483756703622,345.2611844292734,4
WF-4-BJ153,498582.693112191,5405310.216488899,20.861734705156938,106.7951152503613,343.98262955944824,4
WF-4-BJ154,498557.6552823595,5405310.216488899,20.637235136090915,105.39148713930271,343.0965410731459,4
WF-4-BJ155,498532.61745252804,5405310.216488899,20.412735567024896,103.98785902824412,342.2104525868436,4
WF-4-BJ156,498507.57962269656,5405310.216488899,20.13471892734453,102.7649652718872,341.8766492022178,4
WF-4-BJ157,498482.54179286514,5405310.216488899,19.84233535495155,101.5905905821256,341.69110959218335,4
WF-4-BJ158,498457.50396303367,5405310.216488899,19.54593144743694,100.43425858959753,341.56136699211544,4
WF-4-BJ159,498432.4661332022,5405310.216488899,19.21042073978726,99.45343240280147,341.97437579243075,4
WF-4-BJ160,498407.4283033707,5405310.216488899,18.87491003213757,98.47260621600535,342.3873845927461,4
WF-4-BJ161,498382.39047353924,5405310.216488899,18.52750186622672,97.55192635041142,343.0033173097435,4
WF-4-BJ162,498357.3526437078,5405310.216488899,18.16210409514767,96.72219099977772,343.9260820458419,4
WF-4-BJ163,498332.31481387635,5405310.216488899,17.79670632406775,95.89245564914208,344.8488467819425,4
WF-4-BJ164,498307.2769840449,5405310.216488899,17.41468032512364,95.14232379932616,346.08091902635385,4
WF-4-BJ165,498282.2391542134,5405310.216488899,17.025627312649608,94.42583202720584,347.44370321815745,4
WF-4-BJ166,498257.2013243819,5405310.216488899,16.636433472022457,93.71000362799845,348.80935371398857,4
WF-4-BJ167,498232.1634945505,5405310.216488899,16.22932676705566,93.07855401766291,350.5395883790444,4
WF-4-BJ168,498207.12566471903,5405310.216488899,15.822220062087908,92.4471044073259,352.26982304410427,4
WF-4-BJ169,498182.08783488756,5405310.216488899,15.414011655038554,91.8384436041723,354.07581760751975,4
WF-4-BJ170,498157.0500050561,5405310.216488899,15.003381313244915,91.27988074021602,356.04835949176993,4
WF-4-BJ171,498132.0121752246,5405310.216488899,14.592750971451272,90.72131787625972,358.0209013760202,4
WF-4-BJ172,498106.9743453932,5405310.216488899,14.202850148495749,90.21520096230304,359.98695170902386,4
WF-4-BJ173,498081.9365155617,5405310.216488899,13.825788763316691,89.74156799150703,361.94898130865636,4
WF-4-BJ174,498056.89868573024,5405310.216488899,13.448727378137647,89.26793502071104,363.91101090828874,4
WF-4-BJ175,498031.86085589876,5405310.216488899,13.164997789806566,88.90594434451515,365.4764623759892,4
WF-4-BJ176,498006.8230260673,5405310.216488899,12.889122192835835,88.55334851173652,367.0085412812072,4
WF-4-BJ177,497981.78519623587,5405310.216488899,12.652256798805256,88.2363330163828,368.34531685021113,4
WF-4-BJ178,497956.7473664044,5405310.216488899,12.548050452673497,88.04031288457304,369.0179391290276,4
WF-4-BJ179,497931.7095365729,5405310.216488899,12.443844106541736,87.84429275276331,369.69056140784414,4
WF-4-BJ180,497906.67170674144,5405310.216488899,12.434426241523315,87.73350393046542,369.852460134333,4
WF-4-BJ181,497881.63387691,5405310.216488899,12.50836008957801,87.6976627766169,369.56525700273426,4
WF-4-BJ182,497856.59604707855,5405310.216488899,12.58229393763288,87.66182162276829,369.2780538711348,4
WF-4-BJ183,497831.5582172471,5405310.216488899,12.747328749788277,87.75245755236699,368.39425858693596,4
WF-4-BJ184,497806.5203874156,5405310.216488899,12.930109990720412,87.86773116363514,367.39424740700656,4
WF-4-BJ185,497781.4825575841,5405310.216488899,13.118401351421008,88.00611544825898,366.32517659373616,4
WF-4-BJ186,497756.4447277527,5405310.216488899,13.340035379229747,88.28434632800844,364.83821425326255,4
WF-4-BJ187,497731.40689792123,5405310.216488899,13.561669407038995,88.56257720775855,363.3512519127854,4
WF-4-BJ188,497706.36906808976,5405310.216488899,13.785822974594938,88.91496031988004,361.6973569835349,4
WF-4-BJ189,497681.3312382583,5405310.216488899,14.013097589076867,89.3591985405398,359.83667649207007,4
WF-4-BJ190,497656.2934084268,5405310.216488899,14.2403722035588,89.80343676119956,357.97599600060516,4
WF-4-BJ191,497631.2555785954,5405310.216488899,14.458767256873804,90.34235972839795,355.94369009257224,4
WF-4-BJ192,497606.2177487639,5405310.216488899,14.674226723712675,90.91258551071161,353.8546447531038,4
WF-4-BJ193,497581.17991893244,5405310.216488899,14.888159580886521,91.4863365313753,351.7626719303791,4
WF-4-BJ194,497556.14208910096,5405310.216488899,15.076551703329976,92.11906607131752,349.62172124842203,4
WF-4-BJ195,497531.1042592695,5405310.216488899,15.264943825773429,92.75179561125975,347.480770566465,4
WF-4-BJ196,497506.06642943807,5405310.216488899,15.439480955564926,93.3908383866455,345.36446402321485,4
WF-4-BJ197,497481.0285996066,5405310.216488899,15.589521262678478,94.04104350712464,343.29173044394645,4
WF-4-BJ198,497455.9907697751,5405310.216488899,15.739561569792023,94.69124862760377,341.21899686467816,4
WF-4-BJ199,497430.95293994364,5405310.216488899,15.858267788831924,95.35073563786099,339.2273137609716,4
WF-4-BJ200,497405.91511011217,5405310.216488899,15.961268419780588,96.0148750106577,337.27625559521687,4
WF-4-BJ201,497380.87728028075,5405310.216488899,16.06426905072901,96.67901438345285,335.3251974294667,4
WF-4-BJ202,497355.8394504493,5405310.216488899,16.109110314950996,97.39019067747358,333.5414110869628,4
WF-4-BJ203,497330.8016206178,5405310.216488899,16.152213375279246,98.10277275983458,331.76262398277333,4
WF-4-BJ204,497305.7637907863,5405310.216488899,16.17258015097895,98.84464841979562,330.0606155830146,4
WF-4-BJ205,497280.7259609549,5405310.216488899,16.133257700395145,99.66342806871293,328.5601731619319,4
WF-4-BJ206,497255.68813112343,5405310.216488899,16.093935249811256,100.48220771763215,327.0597307408458,4
WF-4-BJ207,497230.65030129196,5405310.216488899,15.987159795362226,101.40342969781472,325.82405559710986,4
WF-4-BJ208,497205.6124714605,5405310.216488899,15.831679328072443,102.3986210310834,324.77955790885005,4
WF-4-BJ209,497180.574641629,5405310.216488899,15.676198860782662,103.39381236435204,323.7350602205902,4
WF-4-BJ210,497155.5368117976,5405310.216488899,15.379956173056955,104.61292976513502,323.30181200782727,4
WF-4-BJ211,497130.4989819661,5405310.216488899,15.065522995236588,105.86098479492611,322.9475546456939,4
WF-4-BJ212,497105.46115213464,5405310.216488899,14.713168076982146,107.16863812140815,322.7713435339371,4
WF-4-BJ213,497080.42332230316,5405310.216488899,14.199587385553711,108.7296759538191,323.35210306880913,4
WF-4-BJ214,497055.3854924717,5405310.216488899,13.686006694125282,110.29071378623004,323.9328626036811,4
WF-4-BJ215,497030.34766264027,5405310.216488899,13.07680830005621,111.98407460858525,325.0271021850266,4
WF-4-BJ216,497005.3098328088,5405310.216488899,12.370169872081053,113.81228030036348,326.644607979173,4
WF-4-BJ217,496980.2720029773,5405310.216488899,11.663531444105896,115.64048599214169,328.26211377331936,4
WF-4-BJ218,496955.23417314584,5405310.216488899,10.927526137911613,117.39812054517319,330.34963858778804,4
WF-4-BJ219,496930.19634331437,5405310.216488899,10.184185550497645,119.13812778539207,332.55456511131604,4
WF-4-BJ220,496905.15851348295,5405310.216488899,9.476478566596246,120.78910449586832,334.6711091929393,4
WF-4-BJ221,496880.1206836515,5405310.216488899,9.072504573517786,121.68120457283672,336.03430079910555,4
WF-4-BJ222,496855.08285382,5405310.216488899,8.668530580439324,122.5733046498051,337.39749240527175,4
WF-4-BJ223,496830.0450239885,5405310.216488899,8.52938512498743,122.90566676746465,337.77249639591093,4
WF-4-BJ224,496805.00719415705,5405310.216488899,8.771554527804716,122.43208703862015,336.72465289460285,4
WF-4-BJ225,496779.96936432563,5405310.216488899,9.013723930621435,121.95850730977676,335.6768093932971,4
WF-4-BJ226,496754.93153449416,5405310.216488899,9.582777321548518,120.88385630166243,332.98835229461616,4
WF-4-BJ227,496729.8937046627,5405310.216488899,10.282306035832516,119.5692884656338,329.6450463889969,4
WF-4-BJ228,496704.8558748312,5405310.216488899,10.9823359518582,118.25653775566,326.28330566288287,4
WF-4-BJ229,496679.81804499973,5405310.216488899,11.707461912983195,117.03477371558657,321.9985013317198,4
WF-4-BJ230,496654.7802151683,5405310.216488899,12.432587874106497,115.81300967551597,317.71369700056675,4
WF-4-BJ231,496629.74238533684,5405310.216488899,13.089593290454618,114.77252266212054,313.43106358621117,4
WF-4-BJ232,496604.70455550536,5405310.216488899,13.604755979355566,114.10949633950126,309.15295052268414,4
WF-4-BJ233,496579.6667256739,5405310.216488899,14.119918668256503,113.44647001688199,304.87483745915733,4
WF-4-BJ234,496554.62889584247,5405310.216488899,14.485464189055929,113.1542435464971,300.78245639317936,4
WF-4-BJ235,496529.591066011,5405310.216488899,14.762875246634103,113.08044285140399,296.7994838269925,4
WF-4-BJ236,496504.5532361795,5405310.216488899,15.040286304212273,113.00664215631087,292.81651126080567,4
WF-4-BJ237,496479.51540634804,5405310.216488899,15.14360270748104,113.35448383187438,289.14993724188565,4
WF-4-BJ238,496454.47757651657,5405310.216488899,15.234648898279119,113.73204291315098,285.5056630311694,4
WF-4-BJ239,496429.43974668515,5405310.216488899,15.296673253490138,114.17086858489645,281.9570308110031,4
WF-4-BJ240,496404.4019168537,5405310.216488899,15.266299462969092,114.80475150372158,278.7128983718206,4
WF-4-BJ241,496379.3640870222,5405310.216488899,15.235925672448044,115.4386344225467,275.468765932638,4
WF-4-BJ242,496354.3262571907,5405310.216488899,15.172863593824175,116.0826545953999,272.5245397726478,4
WF-4-BJ243,496329.28842735925,5405310.216488899,15.082387808363015,116.73517627525119,269.83182702292186,4
WF-4-BJ244,496304.25059752783,5405310.216488899,14.991912022902069,117.38769795510095,267.13911427320215,4
WF-4-BJ245,496279.21276769636,5405310.216488899,14.895315821294414,117.8317694160186,265.08746559890466,4
WF-4-BJ246,496254.1749378649,5405310.216488899,14.7976288587895,118.2386915487867,263.1500653040274,4
WF-4-BJ247,496229.1371080334,5405310.216488899,14.704537647218665,118.57378828981646,261.3515327849452,4
WF-4-BJ248,496204.09927820193,5405310.216488899,14.63677089298064,118.5130979016956,260.318218205971,4
WF-4-BJ249,496179.0614483705,5405310.216488899,14.569004138742777,118.45240751357484,259.28490362699915,4
WF-4-BJ250,496154.02361853904,5405310.216488899,14.521190963024916,118.14158532765859,258.6560242128703,4
WF-4-BJ251,496128.98578870756,5405310.216488899,14.496947239876995,117.53530388171971,258.5048694046715,4
WF-4-BJ252,496103.9479588761,5405310.216488899,14.472703516729071,116.92902243578082,258.35371459647274,4
WF-4-BJ253,496078.9101290446,5405310.216488899,14.475257125772053,115.99490657196014,258.7073954076229,4
WF-4-BJ254,496053.8722992132,5405310.216488899,14.486119681395886,114.95914034062966,259.2176086736974,4
WF-4-BJ255,496028.8344693817,5405310.216488899,14.498155972985046,113.91119502430791,259.7504568324785,4
WF-4-BJ256,496003.79663955024,5405310.216488899,14.526233730456344,112.69679798281194,260.5926563869861,4
WF-4-BJ257,495978.75880971877,5405310.216488899,14.554311487927642,111.48240094131596,261.43485594149377,4
WF-4-BJ258,495953.72097988735,5405310.216488899,14.583433169118884,110.29800307468295,262.2880706188935,4
WF-4-BJ259,495928.6831500559,5405310.216488899,14.614309348146033,109.16402410969692,263.1597981520804,4
WF-4-BJ260,495903.6453202244,5405310.216488899,14.64518552717318,108.03004514471094,264.0315256852673,4
WF-4-BJ261,495878.6074903929,5405310.216488899,14.673319063132098,107.0613286767258,264.7982714198592,4
WF-4-BJ262,495853.56966056145,5405310.216488899,14.70014945026957,106.171135597617,265.5151357430867,4
WF-4-BJ263,495828.53183073003,5405310.216488899,14.72697983740698,105.28094251851024,266.23200006631254,4
WF-4-BJ264,495803.49400089856,5405310.216488899,14.747573584076369,104.66924222345477,266.7444581248642,4
WF-4-BJ265,495778.4561710671,5405310.216488899,14.76805792603691,104.0624273185563,267.25333043753415,4
WF-4-BJ266,495753.4183412356,5405310.216488899,14.78640640345954,103.52371230501171,267.7120178195573,4
WF-4-BJ267,495728.38051140413,5405310.216488899,14.799464755190717,103.15366762539615,268.0464067799217,4
WF-4-BJ268,495703.3426815727,5405310.216488899,14.812523106921864,102.78362294578145,268.3807957402854,4
WF-4-BJ269,495678.30485174124,5405310.216488899,14.821036896473455,102.50868270350904,268.64809966705786,4
WF-4-BJ270,495653.26702190976,5405284.549822232,14.74634040908834,100.95387801801918,269.91617225071747,4
WF-4-BJ271,495653.26702190976,5405258.883155566,14.649208883449237,99.61502402185305,270.99243379739477,4
WF-4-BJ272,495653.26702190976,5405233.216488899,14.54754140129562,98.2778796690693,272.07650502548745,4
WF-4-BJ273,495653.26702190976,5405207.549822232,14.437320225270579,96.97801216244099,273.1612184942415,4
WF-4-BJ274,495653.26702190976,5405181.883155566,14.319490932545254,95.71130069349476,274.24650320644207,4
WF-4-BJ275,495653.26702190976,5405156.216488899,14.199720545393117,94.49063430094873,275.3111800135428,4
WF-4-BJ276,495653.26702190976,5405130.549822232,14.07466642020183,93.39530448096193,276.31976126391663,4
WF-4-BJ277,495653.26702190976,5405104.883155566,13.949607422455442,92.30274911913061,277.32649055867824,4
WF-4-BJ278,495653.26702190976,5405079.216488899,13.823950719653595,91.55052979277501,278.1060449630038,4
WF-4-BJ279,495653.26702190976,5405053.549822232,13.69829401685175,90.79831046641941,278.8855993673293,4
WF-4-BJ280,495653.26702190976,5405027.883155566,13.56883998713922,90.46677792688986,279.3401916802982,4
WF-5-BJ1,495678.6630967037,5405340.216488899,14.901396050900331,104.23108426808355,267.3149202979266,4
WF-5-BJ2,495703.7891327212,5405340.216488899,14.881683812974762,104.67054568333984,266.9181490568654,4
WF-5-BJ3,495728.91516873863,5405340.216488899,14.85678119040328,105.21671676125392,266.43722634112885,4
WF-5-BJ4,495754.0412047561,5405340.216488899,14.831878567831739,105.76288783916927,265.9563036253912,4
WF-5-BJ5,495779.1672407736,5405340.216488899,14.799101777679958,106.4923800828734,265.3291061795362,4
WF-5-BJ6,495804.2932767911,5405340.216488899,14.763532140116666,107.28689355429847,264.6500273129198,4
WF-5-BJ7,495829.4193128086,5405340.216488899,14.727363723453417,108.09601606221204,263.9593881221735,4
WF-5-BJ8,495854.5453488261,5405340.216488899,14.680388882052183,109.16879415415963,263.0601147745813,4
WF-5-BJ9,495879.67138484353,5405340.216488899,14.633414040651061,110.24157224610474,262.16084142699117,4
WF-5-BJ10,495904.797420861,5405340.216488899,14.58306789544304,111.39651311846225,261.203679777402,4
WF-5-BJ11,495929.9234568785,5405340.216488899,14.5269024808028,112.6932766754271,260.1465960663198,4
WF-5-BJ12,495955.049492896,5405340.216488899,14.470737066162558,113.99004023239193,259.08951235523745,4
WF-5-BJ13,495980.1755289135,5405340.216488899,14.4151429944952,115.3168169579204,258.06118001343646,4
WF-5-BJ14,496005.30156493094,5405340.216488899,14.359816379764236,116.65764344075876,257.0463067557715,4
WF-5-BJ15,496030.42760094843,5405340.216488899,14.30448976503314,117.99846992360025,256.0314334981042,4
WF-5-BJ16,496055.5536369659,5405340.216488899,14.271341622195498,119.09397411753936,255.40131927058516,4
WF-5-BJ17,496080.6796729834,5405340.216488899,14.238294522449833,120.18836064554012,254.77295797006025,4
WF-5-BJ18,496105.8057090009,5405340.216488899,14.220491608466219,121.11516346801852,254.38746871848696,4
WF-5-BJ19,496130.93174501834,5405340.216488899,14.236653245110919,121.66858424572493,254.54310643371807,4
WF-5-BJ20,496156.05778103584,5405340.216488899,14.252814881755656,122.22200502343263,254.69874414894952,4
WF-5-BJ21,496181.18381705333,5405340.216488899,14.30873226895022,122.35142530119036,255.5133161249805,4
WF-5-BJ22,496206.3098530708,5405340.216488899,14.388594062374528,122.2254752219052,256.7247562119406,4
WF-5-BJ23,496231.4358890883,5405340.216488899,14.468455855798837,122.09952514262005,257.9361962989007,4
WF-5-BJ24,496256.56192510575,5405340.216488899,14.593906996930476,121.4366905194329,260.1433679431368,4
WF-5-BJ25,496281.68796112324,5405340.216488899,14.722349288399993,120.73863050993161,262.4158702607363,4
WF-5-BJ26,496306.81399714074,5405340.216488899,14.851611702090137,119.96890666755704,264.8979431121117,4
WF-5-BJ27,496331.94003315823,5405340.216488899,14.983298784524218,118.9873106782409,267.9996054711447,4
WF-5-BJ28,496357.0660691757,5405340.216488899,15.114985866958298,118.00571468892473,271.1012678301777,4
WF-5-BJ29,496382.1921051932,5405340.216488899,15.213084832236246,117.04881418654561,274.49903524102126,4
WF-5-BJ30,496407.31814121065,5405340.216488899,15.28554111475848,116.11076733214412,278.12286259652694,4
WF-5-BJ31,496432.44417722814,5405340.216488899,15.357997397280881,115.17272047774047,281.74668995204087,4
WF-5-BJ32,496457.57021324564,5405340.216488899,15.318289304947019,114.5131807729232,285.6232096093731,4
WF-5-BJ33,496482.6962492631,5405340.216488899,15.263487546993106,113.89111904446017,289.53373340673016,4
WF-5-BJ34,496507.8222852806,5405340.216488899,15.170587123514371,113.37050802630488,293.47776059500325,4
WF-5-BJ35,496532.94832129806,5405340.216488899,14.921121001918431,113.26680665747948,297.5594692929949,4
WF-5-BJ36,496558.07435731555,5405340.216488899,14.671654880321906,113.1631052886538,301.6411779909961,4
WF-5-BJ37,496583.20039333304,5405340.216488899,14.297782048649335,113.38835165195236,305.77705255196713,4
WF-5-BJ38,496608.32642935053,5405340.216488899,13.804398443240977,113.92960024664792,309.96496131744084,4
WF-5-BJ39,496633.452465368,5405340.216488899,13.311014837832625,114.4708488413435,314.15287008291466,4
WF-5-BJ40,496658.5785013855,5405340.216488899,12.644573280157969,115.49995554322877,318.2172741759764,4
WF-5-BJ41,496683.70453740295,5405340.216488899,11.941258958857427,116.63300821485508,322.2553636239456,4
WF-5-BJ42,496708.83057342045,5405340.216488899,11.241795479080402,117.78122186632464,326.1603308960967,4
WF-5-BJ43,496733.95660943794,5405340.216488899,10.566249204889706,119.02359890243929,329.2384891638837,4
WF-5-BJ44,496759.08264545543,5405340.216488899,9.89070293069901,120.26597593855398,332.3166474316706,4
WF-5-BJ45,496784.2086814729,5405340.216488899,9.41526738059974,121.14530638529472,334.44953144335074,4
WF-5-BJ46,496809.33471749036,5405340.216488899,9.181466354546556,121.58625657916173,335.4409928950735,4
WF-5-BJ47,496834.46075350785,5405340.216488899,8.947665328492828,122.02720677302976,336.4324543467986,4
WF-5-BJ48,496859.58678952535,5405340.216488899,9.182588883855356,121.47599248540008,335.7853166183172,4
WF-5-BJ49,496884.71282554284,5405340.216488899,9.559645835739193,120.62391984031665,334.64129932291394,4
WF-5-BJ50,496909.83886156033,5405340.216488899,9.962774922178625,119.70598186091544,333.4347060894976,4
WF-5-BJ51,496934.96489757777,5405340.216488899,10.65917461139438,118.04716222273592,331.5242317441895,4
WF-5-BJ52,496960.09093359526,5405340.216488899,11.355574300611737,116.38834258455257,329.61375739887694,4
WF-5-BJ53,496985.21696961275,5405340.216488899,12.039399664898895,114.69036641742564,327.8975868627573,4
WF-5-BJ54,497010.34300563025,5405340.216488899,12.70404316335737,112.93265779637505,326.47782266404585,4
WF-5-BJ55,497035.46904164774,5405340.216488899,13.36868666181584,111.1749491753245,325.05805846533445,4
WF-5-BJ56,497060.5950776652,5405340.216488899,13.905553678267216,109.58570688689835,324.29283823226024,4
WF-5-BJ57,497085.72111368267,5405340.216488899,14.390302748769594,108.06517927178028,323.79459582239167,4
WF-5-BJ58,497110.84714970016,5405340.216488899,14.870421876615788,106.55164027133029,323.31768198440216,4
WF-5-BJ59,497135.97318571765,5405340.216488899,15.16701809224656,105.31511785866091,323.6861958148083,4
WF-5-BJ60,497161.09922173514,5405340.216488899,15.46361430787734,104.07859544599152,324.0547096452145,4
WF-5-BJ61,497186.22525775264,5405340.216488899,15.708563664350716,102.91947221084456,324.6515836452402,4
WF-5-BJ62,497211.3512937701,5405340.216488899,15.852777239931491,101.91131394656831,325.69386788678844,4
WF-5-BJ63,497236.47732978757,5405340.216488899,15.996990815512595,100.90315568228978,326.7361521283391,4
WF-5-BJ64,497261.60336580506,5405340.216488899,16.06673703376154,99.99677064290809,328.0943801549764,4
WF-5-BJ65,497286.72940182255,5405340.216488899,16.096955450105025,99.14440755377579,329.62031338557927,4
WF-5-BJ66,497311.85543784004,5405340.216488899,16.127173866448505,98.29204446464351,331.14624661618217,4
WF-5-BJ67,497336.9814738575,5405340.216488899,16.07600394226741,97.52694669769487,333.00115271689884,4
WF-5-BJ68,497362.107509875,5405340.216488899,16.022106266431816,96.76477365098592,334.8670844299486,4
WF-5-BJ69,497387.23354589246,5405340.216488899,15.95024111912397,96.01366092020366,336.8030899126149,4
WF-5-BJ70,497412.35958190996,5405340.216488899,15.83260481998516,95.29072373990786,338.91760449454046,4
WF-5-BJ71,497437.48561792745,5405340.216488899,15.714968520846353,94.56778655961206,341.03211907646596,4
WF-5-BJ72,497462.61165394494,5405340.216488899,15.56784577871684,93.85287288121654,343.2538748509737,4
WF-5-BJ73,497487.7376899624,5405340.216488899,15.400753373522763,93.14339311119882,345.5482596124049,4
WF-5-BJ74,497512.86372597987,5405340.216488899,15.233660968328296,92.43391334117942,347.8426443738413,4
WF-5-BJ75,497537.98976199736,5405340.216488899,15.03537606167817,91.74921958520454,350.19762442546244,4
WF-5-BJ76,497563.11579801486,5405340.216488899,14.834026353510156,91.06696116496495,352.55855823291154,4
WF-5-BJ77,497588.24183403235,5405340.216488899,14.63013148309004,90.40408014326471,354.88479312367446,4
WF-5-BJ78,497613.3678700498,5405340.216488899,14.417462760507926,89.80799817531533,357.09141160689114,4
WF-5-BJ79,497638.4939060673,5405340.216488899,14.204794037925312,89.21191620736455,359.29803009011306,4
WF-5-BJ80,497663.61994208477,5405340.216488899,14.001705727287451,88.70662383256428,361.26181778839526,4
WF-5-BJ81,497688.74597810226,5405340.216488899,13.80680553475776,88.27892685929756,363.01806460442185,4
WF-5-BJ82,497713.87201411976,5405340.216488899,13.611905342228066,87.85122988603081,364.7743114204485,4
WF-5-BJ83,497738.9980501372,5405340.216488899,13.452801283636667,87.61229002457038,365.96551197337726,4
WF-5-BJ84,497764.1240861547,5405340.216488899,13.299841491309365,87.4057495824506,367.0597245471537,4
WF-5-BJ85,497789.2501221722,5405340.216488899,13.156873293882395,87.23348731719685,368.0401860262746,4
WF-5-BJ86,497814.37615818967,5405340.216488899,13.063450549998029,87.23120070011377,368.4565884505705,4
WF-5-BJ87,497839.50219420716,5405340.216488899,12.970027806113672,87.22891408303072,368.87299087486633,4
WF-5-BJ88,497864.6282302246,5405340.216488899,12.918751176044491,87.2981892159623,368.98742772649905,4
WF-5-BJ89,497889.7542662421,5405340.216488899,12.912742589889886,87.44432696205213,368.77753121577246,4
WF-5-BJ90,497914.8803022596,5405340.216488899,12.906734003735277,87.59046470814197,368.5676347050459,4
WF-5-BJ91,497940.0063382771,5405340.216488899,12.996974952080706,87.82922477707332,367.8528534270011,4
WF-5-BJ92,497965.13237429457,5405340.216488899,13.111812379209557,88.09165439423134,367.0090493175013,4
WF-5-BJ93,497990.25841031206,5405340.216488899,13.240308832172968,88.36629940777497,366.10260224337526,4
WF-5-BJ94,498015.3844463295,5405340.216488899,13.478438572623865,88.73899051039781,364.69335546500116,4
WF-5-BJ95,498040.510482347,5405340.216488899,13.716568313075312,89.1116816130215,363.28410868662377,4
WF-5-BJ96,498065.6365183645,5405340.216488899,13.991756248259476,89.52690818744074,361.73563687787976,4
WF-5-BJ97,498090.762554382,5405340.216488899,14.317059769749955,89.99965753444032,359.9988843372849,4
WF-5-BJ98,498115.88859039947,5405340.216488899,14.642363291240427,90.4724068814399,358.2621317966902,4
WF-5-BJ99,498141.0146264169,5405340.216488899,14.998527272743878,91.00815523109952,356.49745386333683,4
WF-5-BJ100,498166.1406624344,5405340.216488899,15.365566349193314,91.56610416153869,354.7229351402589,4
WF-5-BJ101,498191.2666984519,5405340.216488899,15.73309519775761,92.12841200689026,352.95838403048793,4
WF-5-BJ102,498216.3927344694,5405340.216488899,16.10924632352166,92.7674571174404,351.369309478785,4
WF-5-BJ103,498241.5187704869,5405340.216488899,16.485397449285717,93.40650222799054,349.78023492708195,4
WF-5-BJ104,498266.64480650437,5405340.216488899,16.858316964167948,94.08030590825975,348.3115085193668,4
WF-5-BJ105,498291.7708425218,5405340.216488899,17.225688240989577,94.8137853435826,347.0494035699029,4
WF-5-BJ106,498316.8968785393,5405340.216488899,17.593059517812076,95.54726477890716,345.7872986204361,4
WF-5-BJ107,498342.0229145568,5405340.216488899,17.94748362800822,96.36512405986647,344.8147164602702,4
WF-5-BJ108,498367.1489505743,5405340.216488899,18.295881716247447,97.22225639702361,343.9768873882291,4
WF-5-BJ109,498392.2749865918,5405340.216488899,18.644279804486658,98.07938873418072,343.1390583161879,4
WF-5-BJ110,498417.4010226092,5405340.216488899,18.96363331526741,99.10148340866319,342.8161025726067,4
WF-5-BJ111,498442.5270586267,5405340.216488899,19.282891076106772,100.124121907009,342.49484418859134,4
WF-5-BJ112,498467.6530946442,5405340.216488899,19.587911257226352,101.21391993684526,342.36871475847414,4
WF-5-BJ113,498492.7791306617,5405340.216488899,19.861394257256457,102.45248077245233,342.674808871684,4
WF-5-BJ114,498517.9051666792,5405340.216488899,20.134877257286576,103.69104160805945,342.9809029848939,4
WF-5-BJ115,498543.0312026966,5405340.216488899,20.36216215183035,105.09400066742602,343.7586899740167,4
WF-5-BJ116,498568.1572387141,5405340.216488899,20.56177038056219,106.59544849925526,344.8190618430955,4
WF-5-BJ117,498593.2832747316,5405340.216488899,20.761378609294027,108.09689633108447,345.87943371217415,4
WF-5-BJ118,498618.4093107491,5405340.216488899,20.85486502829548,109.85060885616123,347.72789677245265,4
WF-5-BJ119,498643.5353467666,5405340.216488899,20.941539078523373,111.62051522605947,349.62695044963897,4
WF-5-BJ120,498668.661382784,5405340.216488899,20.991727172410336,113.42671994919229,351.70457022445555,4
WF-5-BJ121,498693.7874188015,5405340.216488899,20.93475562683218,115.33953331950045,354.30664051564924,4
WF-5-BJ122,498718.913454819,5405340.216488899,20.877784081254028,117.25234668980865,356.908710806843,4
WF-5-BJ123,498744.0394908365,5405340.216488899,20.757795730244162,119.03157536908864,359.53774285974134,4
WF-5-BJ124,498769.165526854,5405340.216488899,20.589941815320923,120.70933735988054,362.1872542104915,4
WF-5-BJ125,498794.2915628715,5405340.216488899,20.422087900397695,122.38709935067237,364.8367655612415,4
WF-5-BJ126,498819.4175988889,5405340.216488899,20.289856822474935,123.34679556217245,366.4545862819174,4
WF-5-BJ127,498844.5436349064,5405340.216488899,20.16236220470407,124.21101678524948,367.93523203366595,4
WF-5-BJ128,498869.6696709239,5405365.883155566,19.871118519345995,125.73174189143063,370.70367957254825,4
WF-5-BJ129,498869.6696709239,5405391.549822232,19.66235502020698,126.61103037691919,372.40245878176404,4
WF-5-BJ130,498869.6696709239,5405417.216488899,19.69936419194834,126.28613694471969,371.8520796820561,4
WF-5-BJ131,498869.6696709239,5405442.883155566,19.777106843961946,125.76166672388692,370.9289331575682,4
WF-5-BJ132,498869.6696709239,5405468.549822232,19.909296996126862,124.67793880639906,369.07371620060496,4
WF-5-BJ133,498869.6696709239,5405494.216488899,20.078204348224837,123.21707003571842,366.5899485053264,4
WF-5-BJ134,498869.6696709239,5405519.883155566,20.238205580182335,121.65514675815658,363.9692678249699,4
WF-5-BJ135,498869.6696709239,5405545.549822232,20.38065855547768,119.8941097930901,361.0788193711055,4
WF-5-BJ136,498869.6696709239,5405571.216488899,20.518665497212275,118.13989782767851,358.2050679755068,4
WF-5-BJ137,498869.6696709239,5405596.883155566,20.602676461314296,116.46857379522913,355.53409822267884,4
WF-5-BJ138,498869.6696709239,5405622.549822232,20.686687425413275,114.7972497628404,352.8631284699478,4
WF-5-BJ139,498844.5436349064,5405648.216488899,20.67273854805343,112.96230793553013,350.3064973054238,4
WF-5-BJ140,498819.4175988889,5405648.216488899,20.618782804010266,112.53844921511791,349.9859968569385,4
WF-5-BJ141,498794.2915628715,5405648.216488899,20.564277165426823,112.079365306616,349.6245100558855,4
WF-5-BJ142,498769.165526854,5405648.216488899,20.505635779270037,111.35535335199137,348.95476558774146,4
WF-5-BJ143,498744.0394908365,5405648.216488899,20.44699439311325,110.63134139736673,348.2850211195974,4
WF-5-BJ144,498718.913454819,5405648.216488899,20.3782732021592,109.82465759841364,347.5683438700583,4
WF-5-BJ145,498693.7874188015,5405648.216488899,20.29628157112741,108.90913322384009,346.789877858166,4
WF-5-BJ146,498668.661382784,5405648.216488899,20.214289940095625,107.99360884926658,346.01141184627375,4
WF-5-BJ147,498643.5353467666,5405648.216488899,20.106620378258516,107.02323023558115,345.32252946963615,4
WF-5-BJ148,498618.4093107491,5405648.216488899,19.99020793648083,106.03417472653055,344.6641487316829,4
WF-5-BJ149,498593.2832747316,5405648.216488899,19.871577794627164,105.04589116188848,344.022420383343,4
WF-5-BJ150,498568.1572387141,5405648.216488899,19.71840073475954,104.06963280321649,343.64009985346377,4
WF-5-BJ151,498543.0312026966,5405648.216488899,19.565223674891918,103.09337444454448,343.25777932358454,4
WF-5-BJ152,498517.9051666792,5405648.216488899,19.39941779094248,102.1383341913253,343.0093099227596,4
WF-5-BJ153,498492.7791306617,5405648.216488899,19.21253177577076,101.21871136448233,342.98426586591575,4
WF-5-BJ154,498467.6530946442,5405648.216488899,19.025645760599048,100.29908853763939,342.95922180907183,4
WF-5-BJ155,498442.5270586267,5405648.216488899,18.818647315798287,99.42490919555186,343.20438544650835,4
WF-5-BJ156,498417.4010226092,5405648.216488899,18.602569038548662,98.5712454865868,343.5715353698244,4
WF-5-BJ157,498392.2749865918,5405648.216488899,18.386405419657127,97.7177540827437,343.9400413620588,4
WF-5-BJ158,498367.1489505743,5405648.216488899,18.144354454117167,96.9165293360995,344.71989432628385,4
WF-5-BJ159,498342.0229145568,5405648.216488899,17.9023034885772,96.11530458945529,345.4997472905089,4
WF-5-BJ160,498316.8968785393,5405648.216488899,17.652086237163044,95.32173199617631,346.42084556335067,4
WF-5-BJ161,498291.7708425218,5405648.216488899,17.384323370301914,94.54460038259805,347.64541543966766,4
WF-5-BJ162,498266.64480650437,5405648.216488899,17.116560503441413,93.7674687690216,348.86998531598175,4
WF-5-BJ163,498241.5187704869,5405648.216488899,16.830099880413414,92.98034887785722,350.4161209628338,4
WF-5-BJ164,498216.3927344694,5405648.216488899,16.53274861577203,92.18741124307937,352.1495548892643,4
WF-5-BJ165,498191.2666984519,5405648.216488899,16.23539735113065,91.39447360830152,353.8829888156947,4
WF-5-BJ166,498166.1406624344,5405648.216488899,15.901620326747322,90.53837055346585,356.20368933217276,4
WF-5-BJ167,498141.0146264169,5405648.216488899,15.565774206118222,89.67867950665882,358.55774841427433,4
WF-5-BJ168,498115.88859039947,5405648.216488899,15.216407580578748,88.78618465513037,361.1145408897732,4
WF-5-BJ169,498090.762554382,5405648.216488899,14.82867356576214,87.80060183433854,364.24663370170117,4
WF-5-BJ170,498065.6365183645,5405648.216488899,14.440939550945526,86.81501901354667,367.3787265136292,4
WF-5-BJ171,498040.510482347,5405648.216488899,14.016682880503062,85.72857337791145,371.0376554469559,4
WF-5-BJ172,498015.3844463295,5405648.216488899,13.565419368794352,84.56754428213445,375.08615570964287,4
WF-5-BJ173,497990.25841031206,5405648.216488899,13.114155857086692,83.40651518636015,379.1346559723204,4
WF-5-BJ174,497965.13237429457,5405648.216488899,12.616378803629622,82.10549158405303,383.9016048403834,4
WF-5-BJ175,497940.0063382771,5405648.216488899,12.112806706687529,80.78702630298932,388.7580640048765,4
WF-5-BJ176,497914.8803022596,5405648.216488899,11.61404840534355,79.4772979949459,393.61252861519984,4
WF-5-BJ177,497889.7542662421,5405648.216488899,11.13412717371087,78.20175871019909,398.4591882501835,4
WF-5-BJ178,497864.6282302246,5405648.216488899,10.654205942078182,76.92621942545225,403.30584788516734,4
WF-5-BJ179,497839.50219420716,5405648.216488899,10.271566663218199,75.9054041890931,407.20934572345584,4
WF-5-BJ180,497814.37615818967,5405648.216488899,9.979500245455537,75.12174584766862,410.23472732363916,4
WF-5-BJ181,497789.2501221722,5405648.216488899,9.687433827692857,74.33808750624411,413.2601089238226,4
WF-5-BJ182,497764.1240861547,5405648.216488899,9.681277738424777,74.32657549200574,413.2861309727168,4
WF-5-BJ183,497738.9980501372,5405648.216488899,9.732779819097189,74.47077853845175,412.7072865110815,4
WF-5-BJ184,497713.87201411976,5405648.216488899,9.831507860102853,74.74489033646785,411.61741003353654,4
WF-5-BJ185,497688.74597810226,5405648.216488899,10.205371568848344,75.77584288173958,407.55029108296276,4
WF-5-BJ186,497663.61994208477,5405648.216488899,10.57923527759383,76.80679542701127,403.48317213238886,4
WF-5-BJ187,497638.4939060673,5405648.216488899,11.021558623496723,78.03329634134644,398.6529463907967,4
WF-5-BJ188,497613.3678700498,5405648.216488899,11.543982368159291,79.48859634064864,392.92985646243943,4
WF-5-BJ189,497588.24183403235,5405648.216488899,12.066406112820635,80.94389633994743,387.20676653409544,4
WF-5-BJ190,497563.11579801486,5405648.216488899,12.583467918354504,82.40079517850897,381.52226873054644,4
WF-5-BJ191,497537.98976199736,5405648.216488899,13.098974306174934,83.85815781623806,375.84896592065303,4
WF-5-BJ192,497512.86372597987,5405648.216488899,13.60780667793183,85.29857285763549,370.25078277478366,4
WF-5-BJ193,497487.7376899624,5405648.216488899,14.048713197211114,86.56650106092572,365.4171418727591,4
WF-5-BJ194,497462.61165394494,5405648.216488899,14.489619716489374,87.83442926421299,360.5835009707457,4
WF-5-BJ195,497437.48561792745,5405648.216488899,14.897099586691414,89.01068947475143,356.15466112541856,4
WF-5-BJ196,497412.35958190996,5405648.216488899,15.255222941504057,90.05159622271236,352.32353508437836,4
WF-5-BJ197,497387.23354589246,5405648.216488899,15.6133462963167,91.09250297067328,348.49240904333817,4
WF-5-BJ198,497362.107509875,5405648.216488899,15.923436575959734,91.98236052265162,345.3274921519323,4
WF-5-BJ199,497336.9814738575,5405648.216488899,16.214671465836254,92.8129236935371,342.42409574694153,4
WF-5-BJ200,497311.85543784004,5405648.216488899,16.50449267135919,93.63728427361565,339.547042525004,4
WF-5-BJ201,497286.72940182255,5405648.216488899,16.752133562071272,94.2765772095193,337.4559948578008,4
WF-5-BJ202,497261.60336580506,5405648.216488899,16.999774452783356,94.91587014542296,335.3649471905976,4
WF-5-BJ203,497236.47732978757,5405648.216488899,17.241575771534762,95.48915088930752,333.52425430309404,4
WF-5-BJ204,497211.3512937701,5405648.216488899,17.472375783082132,95.93806970932093,332.15521068372567,4
WF-5-BJ205,497186.22525775264,5405648.216488899,17.70317579462896,96.38698852933331,330.7861670643605,4
WF-5-BJ206,497161.09922173514,5405648.216488899,17.943911037965172,96.69302156137573,329.85934871453077,4
WF-5-BJ207,497135.97318571765,5405648.216488899,18.189740037584894,96.92579758283497,329.15925761106195,4
WF-5-BJ208,497110.84714970016,5405648.216488899,18.43556903720461,97.15857360429422,328.45916650759307,4
WF-5-BJ209,497085.72111368267,5405648.216488899,18.735240118437307,97.12509442140082,328.3954086838704,4
WF-5-BJ210,497060.5950776652,5405648.216488899,19.03626953551673,97.0848981135818,328.34770436845287,4
WF-5-BJ211,497035.46904164774,5405648.216488899,19.367513837989552,96.94062692150601,328.49504499550807,4
WF-5-BJ212,497010.34300563025,5405648.216488899,19.772835345339203,96.54119750450229,329.1205732435038,4
WF-5-BJ213,496985.21696961275,5405648.216488899,20.178156852688858,96.14176808749858,329.74610149149953,4
WF-5-BJ214,496960.09093359526,5405648.216488899,20.67497372523857,95.46996616400818,330.80696766553086,4
WF-5-BJ215,496934.96489757777,5405648.216488899,21.231768728273988,94.61961537414562,332.1532117368584,4
WF-5-BJ216,496909.83886156033,5405648.216488899,21.788563731308123,93.76926458428503,333.49945580818274,4
WF-5-BJ217,496884.71282554284,5405648.216488899,22.4891484740517,92.49611147766615,335.4881698848952,4
WF-5-BJ218,496859.58678952535,5405648.216488899,23.202516309972264,91.18537070017787,337.534000373105,4
WF-5-BJ219,496834.46075350785,5405648.216488899,23.924884126249694,89.82940952520022,339.65025532972163,4
WF-5-BJ220,496809.33471749036,5405648.216488899,24.67693189198844,88.32432145673057,341.99875464468954,4
WF-5-BJ221,496784.2086814729,5405648.216488899,25.42897965772545,86.81923338826444,344.3472539596521,4
WF-5-BJ222,496759.08264545543,5405648.216488899,26.042684875775016,85.5982774962136,346.21606344517164,4
WF-5-BJ223,496733.95660943794,5405648.216488899,26.54182108718083,84.61262695129986,347.6876156286174,4
WF-5-BJ224,496708.83057342045,5405648.216488899,27.040957298586626,83.62697640638612,349.1591678120632,4
WF-5-BJ225,496683.70453740295,5405648.216488899,27.05527645040434,83.85775295188154,348.4263340617341,4
WF-5-BJ226,496658.5785013855,5405648.216488899,26.991536580719163,84.28438297763056,347.33857837621065,4
WF-5-BJ227,496633.452465368,5405648.216488899,26.82081481068188,85.03078026894309,345.6357481731201,4
WF-5-BJ228,496608.32642935053,5405648.216488899,26.14798615244097,87.27796737734394,341.0461385147046,4
WF-5-BJ229,496583.20039333304,5405648.216488899,25.475157494200058,89.52515448574482,336.45652885628897,4
WF-5-BJ230,496558.07435731555,5405648.216488899,24.60640176376163,92.56918853470597,330.31566940284466,4
WF-5-BJ231,496532.94832129806,5405648.216488899,23.53369251762747,96.44271354260323,322.5600109026436,4
WF-5-BJ232,496507.8222852806,5405648.216488899,22.460983271495806,100.31623855049145,314.80435240246067,4
WF-5-BJ233,496482.6962492631,5405648.216488899,21.248481238911797,105.21780740453212,305.2384558732835,4
WF-5-BJ234,496457.57021324564,5405648.216488899,20.00196205775844,110.36954024155207,295.2320563858249,4
WF-5-BJ235,496432.44417722814,5405648.216488899,18.753473995747076,115.62432714521847,285.09288753238997,4
WF-5-BJ236,496407.31814121065,5405648.216488899,17.490354743661282,121.64493166090665,273.9670800909756,4
WF-5-BJ237,496382.1921051932,5405648.216488899,16.227235491578423,127.66553617658086,262.8412726495871,4
WF-5-BJ238,496357.0660691757,5405648.216488899,15.029388993468913,133.67713532901422,252.00637238178777,4
WF-5-BJ239,496331.94003315823,5405648.216488899,13.917040137262129,139.67693878912786,241.55251743292354,4
WF-5-BJ240,496306.81399714074,5405648.216488899,12.804691281055355,145.67674224924144,231.09866248405942,4
WF-5-BJ241,496281.68796112324,5405648.216488899,11.970332485119755,150.47269633868652,223.05329490489618,4
WF-5-BJ242,496256.56192510575,5405648.216488899,11.230001306817153,154.86145929258333,215.8225763432238,4
WF-5-BJ243,496231.4358890883,5405648.216488899,10.521489553744114,159.06498124376023,208.9007713198477,4
WF-5-BJ244,496206.3098530708,5405648.216488899,10.297950696329732,160.4451691832267,206.68724408888306,4
WF-5-BJ245,496181.18381705333,5405648.216488899,10.074411838915346,161.8253571226932,204.47371685791848,4
WF-5-BJ246,496156.05778103584,5405648.216488899,10.012431918065777,162.1124131195862,203.89258957392485,4
WF-5-BJ247,496130.93174501834,5405648.216488899,10.218694054235236,160.58450321546587,206.02179406707543,4
WF-5-BJ248,496105.8057090009,5405648.216488899,10.424956190404213,159.0565933113491,208.15099856022113,4
WF-5-BJ249,496080.6796729834,5405648.216488899,10.768169850003265,156.43976832836864,211.69917314157775,4
WF-5-BJ250,496055.5536369659,5405648.216488899,11.172850963901979,153.33420954988236,215.88421890819166,4
WF-5-BJ251,496030.42760094843,5405648.216488899,11.577591809552178,150.22729131520546,220.06999710662058,4
WF-5-BJ252,496005.30156493094,5405648.216488899,11.99544348688243,146.82197899612964,224.41654055980496,4
WF-5-BJ253,495980.1755289135,5405648.216488899,12.413295164211712,143.41666667706176,228.76308401297928,4
WF-5-BJ254,495955.049492896,5405648.216488899,12.809550932975469,140.12627200393771,232.89110114762724,4
WF-5-BJ255,495929.9234568785,5405648.216488899,13.159673403515585,137.08136503583557,236.55230116311066,4
WF-5-BJ256,495904.797420861,5405648.216488899,13.509795874055705,134.0364580677334,240.21350117859413,4
WF-5-BJ257,495879.67138484353,5405648.216488899,13.808111353846725,131.34067824744443,243.33894533123583,4
WF-5-BJ258,495854.5453488261,5405648.216488899,14.076413254241114,128.84715984436917,246.1540076050208,4
WF-5-BJ259,495829.4193128086,5405648.216488899,14.344715154636125,126.35364144128812,248.96906987881232,4
WF-5-BJ260,495804.2932767911,5405648.216488899,14.546677010921925,124.36048554986704,251.08606983359323,4
WF-5-BJ261,495779.1672407736,5405648.216488899,14.744962995412365,122.39505451857777,253.16439047146514,4
WF-5-BJ262,495754.0412047561,5405648.216488899,14.929389064035469,120.54452552571546,255.09354297235743,4
WF-5-BJ263,495728.91516873863,5405648.216488899,15.074738418428598,119.01795189903495,256.6021301020909,4
WF-5-BJ264,495703.7891327212,5405648.216488899,15.220087772821389,117.49137827235802,258.1107172318209,4
WF-5-BJ265,495678.6630967037,5405648.216488899,15.34366763421729,116.16332130204842,259.3771298543553,4
WF-5-BJ266,495653.5370606862,5405622.549822232,15.390379384164179,114.65680612373065,260.4370716484813,4
WF-5-BJ267,495653.5370606862,5405596.883155566,15.343319490415075,114.11207505727576,260.6455987732581,4
WF-5-BJ268,495653.5370606862,5405571.216488899,15.296259596664266,113.56734399080112,260.85412589804235,4
WF-5-BJ269,495653.5370606862,5405545.549822232,15.259637558893914,112.77995316946613,261.31634012835275,4
WF-5-BJ270,495653.5370606862,5405519.883155566,15.223874975107915,111.97258172251924,261.7994429773143,4
WF-5-BJ271,495653.5370606862,5405494.216488899,15.189594218077792,111.01621324329278,262.43320040118766,4
WF-5-BJ272,495653.5370606862,5405468.549822232,15.156065520205722,109.98422554469128,263.1434182832106,4
WF-5-BJ273,495653.5370606862,5405442.883155566,15.11930986914558,108.88516459638615,263.9200202033723,4
WF-5-BJ274,495653.5370606862,5405417.216488899,15.077769007484516,107.68664152176198,264.79506222617124,4
WF-5-BJ275,495653.5370606862,5405391.549822232,15.033848391101156,106.47345462293436,265.6853421260937,4
WF-5-BJ276,495653.5370606862,5405365.883155566,14.975569102928368,105.17179094250343,266.6675624576426,4
WF-1-ZX1,496381.86411087646,5404142.216488899,21.663154948125403,96.78096395638327,221.46297420774331,22.22497277762659
WF-1-ZX2,496406.86411087646,5404142.216488899,22.6474141316408,96.70543129293206,223.7485888938532,21.728728901831783
WF-1-ZX3,496431.86411087646,5404142.216488899,23.631673315156206,96.62989862948085,226.0342035799631,21.232485026036976
WF-1-ZX4,496456.86411087646,5404142.216488899,24.697243663919796,96.10607593967265,228.31862855517932,20.609914704692258
WF-1-ZX5,496481.86411087646,5404142.216488899,25.77631612247486,95.50781253639266,230.60285597318358,19.966367269907145
WF-1-ZX6,496506.86411087646,5404142.216488899,26.848059936421144,94.83559591007989,232.88504070964933,19.312640261690223
WF-1-ZX7,496531.86411087646,5404142.216488899,27.88085820475223,93.77038047228703,235.15637032197068,18.604817433223516
WF-1-ZX8,496556.86411087646,5404142.216488899,28.913656473083304,92.70516503449417,237.42769993429204,17.89699460475682
WF-1-ZX9,496581.86411087646,5404142.216488899,29.74745097628088,91.73828497971837,239.33278911612615,17.304812817449235
WF-1-ZX10,496606.86411087646,5404142.216488899,30.346837211734268,90.88723502883795,240.80648050590943,16.848845619448824
WF-1-ZX11,496631.86411087646,5404142.216488899,30.94622344718764,90.03618507795753,242.28017189569266,16.392878421448415
WF-1-ZX12,496656.86411087646,5404142.216488899,30.993981442285488,90.22148987197049,242.05767629363135,16.40744545121665
WF-1-ZX13,496681.86411087646,5404142.216488899,30.867481629487393,90.7341762118073,241.2993599968392,16.57065291864291
WF-1-ZX14,496706.86411087646,5404142.216488899,30.71920385230959,91.34110343917527,240.39460479107703,16.7639056078959
WF-1-ZX15,496731.86411087646,5404142.216488899,30.234039042672343,93.40585897332014,237.22456121311617,17.421932940192303
WF-1-ZX16,496756.86411087646,5404142.216488899,29.748874233035103,95.47061450746502,234.05451763515535,18.07996027248871
WF-1-ZX17,496781.86411087646,5404142.216488899,29.331111491859367,97.79847333032737,230.42554238883955,18.768417502478034
WF-1-ZX18,496806.86411087646,5404142.216488899,29.032397132625608,100.59103630130211,225.98598263396724,19.510621303836572
WF-1-ZX19,496831.86411087646,5404142.216488899,28.73368277339185,103.3835992722768,221.546422879095,20.252825105195104
WF-1-ZX20,496856.86411087646,5404142.216488899,28.6698063174984,106.25417052043247,216.8009920343703,20.91960418620107
WF-1-ZX21,496881.86411087646,5404142.216488899,28.725680431168534,109.1645204222477,211.8995887648287,21.547922043133248
WF-1-ZX22,496906.86411087646,5404142.216488899,28.781554544838666,112.07487032406283,206.99818549528732,22.1762399000654
WF-1-ZX23,496931.86411087646,5404142.216488899,29.09741236567836,114.84466030071678,202.02877385349717,22.67434112851246
WF-1-ZX24,496956.86411087646,5404142.216488899,29.423241044059612,117.60905954344707,197.05675396444917,23.14
WF-1-ZX25,496981.86411087646,5404142.216488899,29.771160265236183,120.2619843291126,192.24687224981625,23.14
WF-1-ZX26,497006.86411087646,5404142.216488899,30.18071395312428,122.6038860323298,187.88936963723933,23.14
WF-1-ZX27,497031.86411087646,5404142.216488899,30.590267641012378,124.94578773554707,183.53186702466235,23.14
WF-1-ZX28,497056.86411087646,5404142.216488899,30.910657763736488,126.82039102999016,180.24176897710598,23.14
WF-1-ZX29,497081.86411087646,5404142.216488899,31.162295894952607,128.33467117929382,177.7747222449037,23.14
WF-1-ZX30,497106.86411087646,5404142.216488899,31.413934026168718,129.84895132859745,175.30767551270145,23.14
WF-1-ZX31,497131.86411087646,5404142.216488899,31.372549401084587,130.37205488177386,175.46688130429226,23.14
WF-1-ZX32,497156.86411087646,5404142.216488899,31.285593332109713,130.74100880777956,176.0345267714976,23.14
WF-1-ZX33,497181.86411087646,5404142.216488899,31.149012206307745,130.92011274752957,177.08170661897793,23.14
WF-1-ZX34,497206.86411087646,5404142.216488899,30.763454615417473,130.14671040321264,180.5347834572698,23.14
WF-1-ZX35,497231.86411087646,5404142.216488899,30.377897024527208,129.37330805889576,183.9878602955617,23.14
WF-1-ZX36,497256.86411087646,5404142.216488899,29.943584853738137,128.1442228478299,188.25278494082784,23.14
WF-1-ZX37,497281.86411087646,5404142.216488899,29.45362176413977,126.39499839501757,193.44439332504135,23.14
WF-1-ZX38,497306.86411087646,5404142.216488899,28.963658674541414,124.64577394220527,198.63600170925474,23.14
WF-1-ZX39,497331.86411087646,5404142.216488899,28.493606911721038,122.26003318449071,204.41509362365736,23.14
WF-1-ZX40,497356.86411087646,5404142.216488899,28.02957830158482,119.6817470010933,210.37189860767143,23.14
WF-1-ZX41,497381.86411087646,5404142.216488899,27.567118036286256,117.06241811362608,216.33908727460056,22.963495625781775
WF-1-ZX42,497406.86411087646,5404142.216488899,27.125972697106327,113.88528957396238,222.44739760614414,22.807252037817868
WF-1-ZX43,497431.86411087646,5404142.216488899,26.684827357926423,110.7081610342988,228.5557079376875,22.65100844985396
WF-1-ZX44,497456.86411087646,5404142.216488899,26.221957308530463,107.44153088875541,234.5167811844731,22.5081991033507
WF-1-ZX45,497481.86411087646,5404142.216488899,25.721988183680388,104.02205972499908,240.22641909965955,22.38833127977965
WF-1-ZX46,497506.86411087646,5404142.216488899,25.222019058830313,100.60258856124278,245.936057014846,22.2684634562086
WF-1-ZX47,497531.86411087646,5404142.216488899,24.62667209900411,97.26807598442304,251.0454521233617,22.15900035256317
WF-1-ZX48,497556.86411087646,5404142.216488899,23.984369280256182,93.97538972315533,255.85933919737573,22.054659639891177
WF-1-ZX49,497581.86411087646,5404142.216488899,23.34206646150826,90.68270346188763,260.67322627138975,21.950318927219186
WF-1-ZX50,497606.86411087646,5404142.216488899,22.58578618246021,87.85710499733267,264.28437660345077,21.85576322836271
WF-1-ZX51,497631.86411087646,5404142.216488899,21.826087561929015,85.04551514103753,267.8594551991568,21.761500995587614
WF-1-ZX52,497656.86411087646,5404142.216488899,21.098790729770947,82.48761668320631,271.0571341615523,21.67402666238896
WF-1-ZX53,497681.86411087646,5404142.216488899,20.458363827734154,80.609870623235,273.24299614039313,21.604750842034292
WF-1-ZX54,497706.86411087646,5404142.216488899,19.81793692569738,78.73212456326375,275.42885811923384,21.535475021679623
WF-1-ZX55,497731.86411087646,5404142.216488899,19.415214459544526,77.59540108637444,276.9204073553044,21.491948405846248
WF-1-ZX56,497756.86411087646,5404142.216488899,19.19003144662414,77.01214117336045,277.8933802161998,21.46765365531182
WF-1-ZX57,497781.86411087646,5404142.216488899,18.964848433703754,76.42888126034646,278.86635307709514,21.443358904777394
WF-1-ZX58,497806.86411087646,5404142.216488899,19.083192358351468,76.74466690945223,279.1984065983169,21.44565925949266
WF-1-ZX59,497831.86411087646,5404142.216488899,19.251408663847638,77.19097374269441,279.43741305421213,21.451820625012804
WF-1-ZX60,497856.86411087646,5404142.216488899,19.440043034742455,77.70186937652123,279.5926813989175,21.454908728460076
WF-1-ZX61,497881.86411087646,5404142.216488899,19.7255986083098,78.51935743767216,279.35045868423043,21.443408561646926
WF-1-ZX62,497906.86411087646,5404142.216488899,20.011154181877146,79.33684549882311,279.1082359695434,21.431908394833776
WF-1-ZX63,497931.86411087646,5404142.216488899,20.26974196748106,80.15956379892157,278.5163001070971,21.39160435454189
WF-1-ZX64,497956.86411087646,5404142.216488899,20.49849820199666,80.98806774746032,277.53751436108644,21.319437700067944
WF-1-ZX65,497981.86411087646,5404142.216488899,20.727254436512254,81.81657169599904,276.5587286150759,21.247271045594005
WF-1-ZX66,498006.86411087646,5404142.216488899,20.90374900446808,82.68708732505587,274.6085563618913,21.1093190036146
WF-1-ZX67,498031.86411087646,5404142.216488899,21.065120586216008,83.56975989641609,272.3772934792349,20.952330609114973
WF-1-ZX68,498056.86411087646,5404142.216488899,21.224825627484456,84.4694284465069,270.034031202557,20.78923603190509
WF-1-ZX69,498081.86411087646,5404142.216488899,21.36437070191996,85.57469558344279,266.3359239061658,20.552275597591905
WF-1-ZX70,498106.86411087646,5404142.216488899,21.50391577635547,86.67996272037873,262.6378166097745,20.315315163278708
WF-1-ZX71,498131.86411087646,5404142.216488899,21.63607191888594,87.79292843019135,258.89134274660006,20.081478491692227
WF-1-ZX72,498156.86411087646,5404142.216488899,21.756024756227234,88.91860883754657,255.06498832924092,19.852800918928494
WF-1-ZX73,498181.86411087646,5404142.216488899,21.87597759356854,90.04428924490179,251.23863391188172,19.624123346164755
WF-1-ZX74,498206.86411087646,5404142.216488899,21.927528429111646,90.51756710375332,249.5937104673301,19.526066541513362
WF-1-ZX75,498231.86411087646,5404142.216488899,21.94658106791522,90.68088464247859,248.98519781580123,19.490068438490432
WF-1-ZX76,498256.86411087646,5404142.216488899,21.965633706718787,90.84420218120383,248.37668516427232,19.454070335467502
WF-1-ZX77,498281.86411087646,5404142.216488899,21.863619091124725,89.4287438179229,251.90638392707893,19.65099561231806
WF-1-ZX78,498306.86411087646,5404142.216488899,21.758969511662542,87.97892424377336,255.52614864215028,19.852990341623453
WF-1-ZX79,498331.86411087646,5404142.216488899,21.653312362452606,86.25472298694021,259.50008347628784,20.076834261113305
WF-1-ZX80,498356.86411087646,5404142.216488899,21.54505763541576,83.82314859128493,264.387091028511,20.357006759429332
WF-1-ZX81,498381.86411087646,5404142.216488899,21.436802908378915,81.3915741956297,269.27409858073406,20.63717925774536
WF-1-ZX82,498406.86411087646,5404142.216488899,21.397056939805946,78.78825828369173,273.62353543439906,20.903049172107156
WF-1-ZX83,498431.86411087646,5404142.216488899,21.40686731018173,76.06071182104294,277.5841163761487,21.158573202027732
WF-1-ZX84,498456.86411087646,5404142.216488899,21.41667768055752,73.3331653583941,281.54469731789834,21.41409723194831
WF-1-ZX85,498481.86411087646,5404142.216488899,21.61959898771527,70.55007353747337,284.28800091718557,21.650293160948223
WF-1-ZX86,498506.86411087646,5404142.216488899,21.84859349601995,67.75948216565645,286.8669517484186,21.88387947357171
WF-1-ZX87,498531.86411087646,5404142.216488899,22.143485685229145,64.97618611053502,289.1949708360619,22.121284442130317
WF-1-ZX88,498556.86411087646,5404142.216488899,22.73490179616163,62.22571724883041,290.39385664203473,22.375872455950198
WF-1-ZX89,498581.86411087646,5404142.216488899,23.326317907094086,59.47524838712598,291.59274244800764,22.630460469770057
WF-1-ZX90,498606.86411087646,5404142.216488899,24.15540482136494,56.820436338970204,292.1281833740685,22.91366192975689
WF-1-ZX91,498631.86411087646,5404142.216488899,25.239292929196676,54.26817567668989,291.9523608849811,23.14
WF-1-ZX92,498656.86411087646,5404142.216488899,26.32318103702837,51.71591501440968,291.7765383958938,23.14
WF-1-ZX93,498681.86411087646,5404142.216488899,27.55629657714642,49.63230590069702,290.919047662284,23.14
WF-1-ZX94,498706.86411087646,5404142.216488899,28.83067413766311,47.678280935559755,289.8730727566979,23.14
WF-1-ZX95,498731.86411087646,5404142.216488899,30.03880168663214,45.84380881046224,288.8745499368296,23.14
WF-2-ZX1,495806.72694435687,5404480.216488899,14.250914059749455,104.71344839154462,231.91098962875597,4
WF-2-ZX2,495831.72694435687,5404480.216488899,14.068096771557421,106.3052331171709,232.33933037573928,4
WF-2-ZX3,495856.72694435687,5404480.216488899,13.623848315073007,108.250790233457,232.14928406219093,4
WF-2-ZX4,495881.72694435687,5404480.216488899,13.179599858588597,110.19634734974306,231.95923774864264,4
WF-2-ZX5,495906.72694435687,5404480.216488899,12.6831237478999,112.09382553821906,231.60308641150544,4
WF-2-ZX6,495931.72694435687,5404480.216488899,12.121734103074381,113.93154662733443,231.0404838315678,4
WF-2-ZX7,495956.72694435687,5404480.216488899,11.560344458248863,115.76926771644979,230.47788125163012,4
WF-2-ZX8,495981.72694435687,5404480.216488899,11.24969040474004,116.72986255437372,230.14540076363537,4
WF-2-ZX9,496006.72694435687,5404480.216488899,11.024122091282234,117.3928094365013,229.89101093836723,4
WF-2-ZX10,496031.72694435687,5404480.216488899,10.826854219078303,117.98077399924446,229.66955222301664,4
WF-2-ZX11,496056.72694435687,5404480.216488899,11.198144870337446,117.06233672137309,230.10968259960958,4
WF-2-ZX12,496081.72694435687,5404480.216488899,11.569435521596585,116.14389944350171,230.54981297620256,4
WF-2-ZX13,496106.72694435687,5404480.216488899,12.032248788130259,115.0340949868506,231.0989869440842,4
WF-2-ZX14,496131.72694435687,5404480.216488899,12.666386401551904,113.56606369389367,231.8522833794436,4
WF-2-ZX15,496156.72694435687,5404480.216488899,13.300524014973554,112.09803240093672,232.605579814803,4
WF-2-ZX16,496181.72694435687,5404480.216488899,13.845579018844957,110.90183728480132,233.2647726697938,4
WF-2-ZX17,496206.72694435687,5404480.216488899,14.342450865928253,109.852673392769,233.87306661656768,4
WF-2-ZX18,496231.72694435687,5404480.216488899,14.83932271301156,108.8035095007367,234.48136056334152,4
WF-2-ZX19,496256.72694435687,5404480.216488899,15.09058525424448,108.3325599800929,234.82629876440419,4
WF-2-ZX20,496281.72694435687,5404480.216488899,15.328855875208927,107.89219608805611,235.1573063172014,4
WF-2-ZX21,496306.72694435687,5404480.216488899,15.515488709300437,107.55960920080892,235.42871046786473,4
WF-2-ZX22,496331.72694435687,5404480.216488899,15.547655442049214,107.54941982035673,235.52182066536093,4
WF-2-ZX23,496356.72694435687,5404480.216488899,15.57982217479799,107.53923043990453,235.61493086285714,4
WF-2-ZX24,496381.72694435687,5404480.216488899,15.583332990151046,107.61761819715174,235.6349670435844,4
WF-2-ZX25,496406.72694435687,5404480.216488899,15.563523199214888,107.76809132950623,235.59553451662703,4
WF-2-ZX26,496431.72694435687,5404480.216488899,15.54371340827873,107.91856446186073,235.55610198966966,4
WF-2-ZX27,496456.72694435687,5404480.216488899,15.667263797875073,107.99076724496808,235.5085186621133,4
WF-2-ZX28,496481.72694435687,5404480.216488899,15.815696205525173,108.04938519415708,235.45952065743455,4
WF-2-ZX29,496506.72694435687,5404480.216488899,16.010814442084556,108.08132423213503,235.41140003104192,4
WF-2-ZX30,496531.72694435687,5404480.216488899,16.46460714656733,107.96544211488172,235.3681407376626,4
WF-2-ZX31,496556.72694435687,5404480.216488899,16.91839985105012,107.84955999762842,235.32488144428328,4
WF-2-ZX32,496581.72694435687,5404480.216488899,17.47496869407105,107.73022942522822,235.20023961609024,4
WF-2-ZX33,496606.72694435687,5404480.216488899,18.155305522424474,107.60674605674019,234.97759301248524,4
WF-2-ZX34,496631.72694435687,5404480.216488899,18.835642350777896,107.48326268825215,234.7549464088802,4
WF-2-ZX35,496656.72694435687,5404480.216488899,19.561495442655115,107.54615519769033,234.1702144870437,4
WF-2-ZX36,496681.72694435687,5404480.216488899,20.3021625716383,107.66970688601317,233.4676357798049,4
WF-2-ZX37,496706.72694435687,5404480.216488899,21.042349287757457,107.81633328477051,232.72077135810818,4
WF-2-ZX38,496731.72694435687,5404480.216488899,21.774318461917904,108.3576564441346,231.21639242339762,4
WF-2-ZX39,496756.72694435687,5404480.216488899,22.506287636078355,108.89897960349873,229.71201348868706,4
WF-2-ZX40,496781.72694435687,5404480.216488899,23.248585933516722,109.6156179603097,227.80331349399208,4
WF-2-ZX41,496806.72694435687,5404480.216488899,24.009568310977627,110.64937937685481,225.16324774479043,4
WF-2-ZX42,496831.72694435687,5404480.216488899,24.770550688438526,111.68314079339991,222.52318199558877,4
WF-2-ZX43,496856.72694435687,5404480.216488899,25.59206265139276,113.04769919060432,218.95213820969735,4
WF-2-ZX44,496881.72694435687,5404480.216488899,26.445203869555705,114.58511292851972,214.89461922864018,4
WF-2-ZX45,496906.72694435687,5404480.216488899,27.298345087718637,116.12252666643509,210.83710024758312,4
WF-2-ZX46,496931.72694435687,5404480.216488899,28.246684577852285,118.04479152320803,205.48893647484763,4
WF-2-ZX47,496956.72694435687,5404480.216488899,29.199241477876818,119.98410579570654,200.0835954236033,4
WF-2-ZX48,496981.72694435687,5404480.216488899,30.14417085602007,121.92385778131838,194.61256567993092,4
WF-2-ZX49,497006.72694435687,5404480.216488899,31.067204883220814,123.86486625394892,188.95297181332924,4
WF-2-ZX50,497031.72694435687,5404480.216488899,31.9902389104216,125.80587472657953,183.29337794672736,4
WF-2-ZX51,497056.72694435687,5404480.216488899,32.73381093703569,127.26069420452357,178.99843648702677,4
WF-2-ZX52,497081.72694435687,5404480.216488899,33.33588504430222,128.33217497603985,175.77946361999713,4
WF-2-ZX53,497106.72694435687,5404480.216488899,33.937959151568755,129.40365574755617,172.5604907529675,4
WF-2-ZX54,497131.72694435687,5404480.216488899,34.05657848222057,128.90787800625213,173.99742194013126,4
WF-2-ZX55,497156.72694435687,5404480.216488899,34.096445659640615,128.15680237872246,176.19277457071468,4
WF-2-ZX56,497181.72694435687,5404480.216488899,34.0717526058038,127.09694593180832,179.27303126134208,4
WF-2-ZX57,497206.72694435687,5404480.216488899,33.70988824871319,124.42445537152746,186.97477473061136,4
WF-2-ZX58,497231.72694435687,5404480.216488899,33.34802389162258,121.75196481124662,194.67651819988052,4
WF-2-ZX59,497256.72694435687,5404480.216488899,33.02525860372236,118.54454224664062,203.5984871092494,4
WF-2-ZX60,497281.72694435687,5404480.216488899,32.74811841016961,114.71290218345506,213.94434927189812,4
WF-2-ZX61,497306.72694435687,5404480.216488899,32.47097821661686,110.88126212026938,224.29021143454713,4
WF-2-ZX62,497331.72694435687,5404480.216488899,32.59808514835172,106.67558268665152,234.61265992507109,4
WF-2-ZX63,497356.72694435687,5404480.216488899,32.851266226582275,102.35325011827238,244.92780630125753,4
WF-2-ZX64,497381.72694435687,5404480.216488899,33.156209555995254,98.01287447401167,255.16644451713137,4
WF-2-ZX65,497406.72694435687,5404480.216488899,34.230361046699464,93.40437136415747,264.268140270625,4
WF-2-ZX66,497431.72694435687,5404480.216488899,35.30451253740369,88.79586825430317,273.36983602411885,4
WF-2-ZX67,497456.72694435687,5404480.216488899,36.697997635469534,84.15891675917963,281.8152898010039,4
WF-2-ZX68,497481.72694435687,5404480.216488899,38.64984481923041,79.47222261446515,289.11328953505483,4
WF-2-ZX69,497506.72694435687,5404480.216488899,40.60169200299126,74.78552846975074,296.4112892691056,4
WF-2-ZX70,497531.72694435687,5404480.216488899,42.61953178675436,70.84299863955214,301.73962148406326,4
WF-2-ZX71,497556.72694435687,5404480.216488899,44.670673669380264,67.27599930173199,306.0739928239309,4
WF-2-ZX72,497581.72694435687,5404480.216488899,46.7218155520062,63.70899996391179,310.4083641637986,4
WF-2-ZX73,497606.72694435687,5404480.216488899,46.95248970781487,63.23892668190386,311.06155778907817,4
WF-2-ZX74,497631.72694435687,5404480.216488899,47.11790890051452,62.87986322036479,311.58279899772083,4
WF-2-ZX75,497656.72694435687,5404480.216488899,46.63166835527406,63.23878949537115,311.71181810099216,4
WF-2-ZX76,497681.72694435687,5404480.216488899,44.348867732970376,65.57714095398032,310.75952047587504,4
WF-2-ZX77,497706.72694435687,5404480.216488899,42.06606711066674,67.91549241258943,309.807222850758,4
WF-2-ZX78,497731.72694435687,5404480.216488899,39.471485503644615,70.169849864545,309.6474391404104,4
WF-2-ZX79,497756.72694435687,5404480.216488899,36.63876654088193,72.36005295294758,310.0929751169619,4
WF-2-ZX80,497781.72694435687,5404480.216488899,33.80604757811925,74.55025604135018,310.53851109351336,4
WF-2-ZX81,497806.72694435687,5404480.216488899,31.569612360161933,75.55873281351421,312.45391989084385,4
WF-2-ZX82,497831.72694435687,5404480.216488899,29.42406174005184,76.38709278398375,314.59336431109165,4
WF-2-ZX83,497856.72694435687,5404480.216488899,27.410376560977575,77.01392015879946,316.89614797432284,4
WF-2-ZX84,497881.72694435687,5404480.216488899,26.04730734375012,76.64639812307372,320.00483739911016,4
WF-2-ZX85,497906.72694435687,5404480.216488899,24.68423812652266,76.27887608734801,323.1135268238974,4
WF-2-ZX86,497931.72694435687,5404480.216488899,23.59309249159178,75.59257497159588,326.2790344914975,4
WF-2-ZX87,497956.72694435687,5404480.216488899,22.809442289389164,74.54579349467186,329.5087931152412,4
WF-2-ZX88,497981.72694435687,5404480.216488899,22.02579208718653,73.49901201774782,332.73855173898494,4
WF-2-ZX89,498006.72694435687,5404480.216488899,21.539088030659524,72.5615757098334,335.1175682065453,4
WF-2-ZX90,498031.72694435687,5404480.216488899,21.14103931353059,71.65678516348643,337.2425896797437,4
WF-2-ZX91,498056.72694435687,5404480.216488899,20.75891625550912,70.82353530075234,339.20188556316293,4
WF-2-ZX92,498081.72694435687,5404480.216488899,20.585592582065445,70.92824666209357,338.98837334355915,4
WF-2-ZX93,498106.72694435687,5404480.216488899,20.412268908621762,71.03295802343479,338.77486112395536,4
WF-2-ZX94,498131.72694435687,5404480.216488899,20.27772069747445,71.49874116615499,337.79084014298,4
WF-2-ZX95,498156.72694435687,5404480.216488899,20.208730572574034,72.57499220746628,335.50411180945497,4
WF-2-ZX96,498181.72694435687,5404480.216488899,20.13974044767362,73.65124324877756,333.21738347593,4
WF-2-ZX97,498206.72694435687,5404480.216488899,20.092057423008043,74.87039637796374,330.553330075055,4
WF-2-ZX98,498231.72694435687,5404480.216488899,20.05475398122114,76.15916311239337,327.7054657958537,4
WF-2-ZX99,498256.72694435687,5404480.216488899,20.017450539434236,77.44792984682297,324.8576015166524,4
WF-2-ZX100,498281.72694435687,5404480.216488899,19.962438470819063,78.43623785216637,322.54193767845555,4
WF-2-ZX101,498306.72694435687,5404480.216488899,19.906938974993565,79.41627577753363,320.24092257495795,4
WF-2-ZX102,498331.72694435687,5404480.216488899,19.83304927693503,80.25774939034537,318.1835813021524,4
WF-2-ZX103,498356.72694435687,5404480.216488899,19.71043083396816,80.73206744095316,316.77190557375815,4
WF-2-ZX104,498381.72694435687,5404480.216488899,19.587812391001293,81.20638549156095,315.36022984536396,4
WF-2-ZX105,498406.72694435687,5404480.216488899,19.391083910849026,81.26400615259658,314.44366965157474,4
WF-2-ZX106,498431.72694435687,5404480.216488899,19.139528199919614,81.01335056914523,313.8934001075829,4
WF-2-ZX107,498456.72694435687,5404480.216488899,18.887972488990215,80.76269498569391,313.34313056359105,4
WF-2-ZX108,498481.72694435687,5404480.216488899,18.445907666493,79.41804936557713,313.4700064881383,4
WF-2-ZX109,498506.72694435687,5404480.216488899,17.97676592623113,77.91791575848498,313.6931245924715,4
WF-2-ZX110,498531.72694435687,5404480.216488899,17.455586075076532,76.0858415522041,314.0381079339822,4
WF-2-ZX111,498556.72694435687,5404480.216488899,16.691342274746674,72.7033115060339,314.9523095908279,4
WF-2-ZX112,498581.72694435687,5404480.216488899,15.927098474416766,69.3207814598635,315.8665112476737,4
WF-2-ZX113,498606.72694435687,5404480.216488899,15.141367582963934,65.5866637992601,316.87599040017204,4
WF-2-ZX114,498631.72694435687,5404480.216488899,14.332088902560056,61.46723986825016,317.9898845405612,4
WF-2-ZX115,498656.72694435687,5404480.216488899,13.522810222156172,57.34781593724021,319.10377868095037,4
WF-2-ZX116,498681.72694435687,5404480.216488899,13.263845200556975,55.54779408114348,319.49631539929635,4
WF-2-ZX117,498706.72694435687,5404480.216488899,13.16199892548329,54.40997920622651,319.6828990722564,4
WF-2-ZX118,498731.72694435687,5404480.216488899,13.123369706378748,53.52626117405532,319.78738676838543,4
WF-3-ZX1,495806.9969831333,5404818.216488899,14.01290798477906,90.67618829978484,272.1659550488257,4
WF-3-ZX2,495831.9969831333,5404818.216488899,14.09893779907673,90.25571102350078,272.21225057978927,4
WF-3-ZX3,495856.9969831333,5404818.216488899,14.14836370231821,90.39398953823849,271.7852898984179,4
WF-3-ZX4,495881.9969831333,5404818.216488899,14.197789605559686,90.53226805297619,271.3583292170465,4
WF-3-ZX5,495906.9969831333,5404818.216488899,14.246972810039122,90.99996557879615,270.54473388313426,4
WF-3-ZX6,495931.9969831333,5404818.216488899,14.295867241083016,91.85962002586027,269.2711039945727,4
WF-3-ZX7,495956.9969831333,5404818.216488899,14.34476167212691,92.71927447292438,267.99747410601117,4
WF-3-ZX8,495981.9969831333,5404818.216488899,14.395088922760282,93.85739760971013,266.4112222577358,4
WF-3-ZX9,496006.9969831333,5404818.216488899,14.445875026001442,95.08469881567086,264.7248549430615,4
WF-3-ZX10,496031.9969831333,5404818.216488899,14.495747710192987,96.3106708621819,263.0456107224783,4
WF-3-ZX11,496056.9969831333,5404818.216488899,14.530843958638405,97.51514101510679,261.4815972299976,4
WF-3-ZX12,496081.9969831333,5404818.216488899,14.56594020708382,98.7196111680317,259.91758373751696,4
WF-3-ZX13,496106.9969831333,5404818.216488899,14.58548150536815,99.86111572851173,258.46585202147855,4
WF-3-ZX14,496131.9969831333,5404818.216488899,14.5772490690121,100.89019372137649,257.2146020962248,4
WF-3-ZX15,496156.9969831333,5404818.216488899,14.569016632656048,101.91927171424123,255.96335217097098,4
WF-3-ZX16,496181.9969831333,5404818.216488899,14.509075293983829,102.84771702389449,254.8645888542028,4
WF-3-ZX17,496206.9969831333,5404818.216488899,14.422469985540873,103.7242705566407,253.84445606597006,4
WF-3-ZX18,496231.9969831333,5404818.216488899,14.335864677097922,104.6008240893869,252.82432327773725,4
WF-3-ZX19,496256.9969831333,5404818.216488899,14.148860877845738,105.38664633806256,251.88394651244028,4
WF-3-ZX20,496281.9969831333,5404818.216488899,13.957735033776105,106.16874344688534,250.94684427745094,4
WF-3-ZX21,496306.9969831333,5404818.216488899,13.744354632860464,106.92766816433577,250.01835894147038,4
WF-3-ZX22,496331.9969831333,5404818.216488899,13.468074543547747,107.62109905026132,249.1142281799866,4
WF-3-ZX23,496356.9969831333,5404818.216488899,13.19179445423503,108.31452993618687,248.21009741850284,4
WF-3-ZX24,496381.9969831333,5404818.216488899,12.927702363973301,108.91290197883936,247.42502325641763,4
WF-3-ZX25,496406.9969831333,5404818.216488899,12.673104252705972,109.43722686596693,246.73268957200278,4
WF-3-ZX26,496431.9969831333,5404818.216488899,12.418506141438652,109.96155175309448,246.04035588758794,4
WF-3-ZX27,496456.9969831333,5404818.216488899,12.332899664682584,110.23754140414528,245.86389728708997,4
WF-3-ZX28,496481.9969831333,5404818.216488899,12.274141353031618,110.47407735419547,245.76939717800883,4
WF-3-ZX29,496506.9969831333,5404818.216488899,12.264321814539086,110.65961301401045,245.8150751674178,4
WF-3-ZX30,496531.9969831333,5404818.216488899,12.504537181928505,110.58458119438248,246.57694229277422,4
WF-3-ZX31,496556.9969831333,5404818.216488899,12.744752549317925,110.50954937475447,247.3388094181307,4
WF-3-ZX32,496581.9969831333,5404818.216488899,13.090565096445259,110.34644241460653,248.4185206075133,4
WF-3-ZX33,496606.9969831333,5404818.216488899,13.558129833483733,110.08178595037472,249.86470191419914,4
WF-3-ZX34,496631.9969831333,5404818.216488899,14.025694570522207,109.8171294861429,251.31088322088502,4
WF-3-ZX35,496656.9969831333,5404818.216488899,14.549221325234592,109.52059307369102,252.9649827818006,4
WF-3-ZX36,496681.9969831333,5404818.216488899,15.08991487189387,109.21427723474382,254.6828629131938,4
WF-3-ZX37,496706.9969831333,5404818.216488899,15.628331698574868,108.90985310840307,256.39850487560125,4
WF-3-ZX38,496731.9969831333,5404818.216488899,16.13454746058051,108.63218464835803,258.08249102396417,4
WF-3-ZX39,496756.9969831333,5404818.216488899,16.64076322258615,108.354516188313,259.76647717232703,4
WF-3-ZX40,496781.9969831333,5404818.216488899,17.12001119815683,108.08663258727746,261.4045159152747,4
WF-3-ZX41,496806.9969831333,5404818.216488899,17.552708419320815,107.83563923304634,262.96324201644256,4
WF-3-ZX42,496831.9969831333,5404818.216488899,17.985405640484807,107.58464587881521,264.5219681176105,4
WF-3-ZX43,496856.9969831333,5404818.216488899,18.365854148793453,107.32941702828239,266.04505737061413,4
WF-3-ZX44,496881.9969831333,5404818.216488899,18.72028761753415,107.07207929127455,267.55040276038346,4
WF-3-ZX45,496906.9969831333,5404818.216488899,19.07472108627484,106.81474155426672,269.0557481501528,4
WF-3-ZX46,496931.9969831333,5404818.216488899,19.354072788699597,106.51575555570251,270.67221175996855,4
WF-3-ZX47,496956.9969831333,5404818.216488899,19.630972851715853,106.21540961950845,272.2923037048732,4
WF-3-ZX48,496981.9969831333,5404818.216488899,19.885574372432107,105.89621122343797,273.99993406151407,4
WF-3-ZX49,497006.9969831333,5404818.216488899,20.07962990072714,105.52582379099711,275.94525260163545,4
WF-3-ZX50,497031.9969831333,5404818.216488899,20.273685429022173,105.15543635855624,277.8905711417568,4
WF-3-ZX51,497056.9969831333,5404818.216488899,20.413750921798734,104.74059542164296,280.1355029375565,4
WF-3-ZX52,497081.9969831333,5404818.216488899,20.513077619708195,104.2922115877407,282.6065113203658,4
WF-3-ZX53,497106.9969831333,5404818.216488899,20.61240431761765,103.84382775383844,285.0775197031751,4
WF-3-ZX54,497131.9969831333,5404818.216488899,20.616771000443823,103.34624290489245,288.11958075151114,4
WF-3-ZX55,497156.9969831333,5404818.216488899,20.607039105443572,102.8413532515072,291.24642517357404,4
WF-3-ZX56,497181.9969831333,5404818.216488899,20.576976296475628,102.33672849651465,294.4824850590798,4
WF-3-ZX57,497206.9969831333,5404818.216488899,20.448701266130836,101.83338338195671,298.24613033944075,4
WF-3-ZX58,497231.9969831333,5404818.216488899,20.320426235786048,101.33003826739876,302.0097756198017,4
WF-3-ZX59,497256.9969831333,5404818.216488899,20.141864839739405,100.86633264246855,305.9374753988842,4
WF-3-ZX60,497281.9969831333,5404818.216488899,19.907115908255857,100.44691825229108,310.0484816832559,4
WF-3-ZX61,497306.9969831333,5404818.216488899,19.672366976772306,100.02750386211359,314.1594879676276,4
WF-3-ZX62,497331.9969831333,5404818.216488899,19.40882987756689,99.70792952533213,317.98836380857415,4
WF-3-ZX63,497356.9969831333,5404818.216488899,19.136842182333517,99.41766264454483,321.73442192983754,4
WF-3-ZX64,497381.9969831333,5404818.216488899,18.87317641367183,99.12946135893026,325.37699338345374,4
WF-3-ZX65,497406.9969831333,5404818.216488899,18.71387311437456,98.86716400446429,327.72177350366536,4
WF-3-ZX66,497431.9969831333,5404818.216488899,18.554569815077297,98.60486664999831,330.0665536238771,4
WF-3-ZX67,497456.9969831333,5404818.216488899,18.483000676517317,98.26723942009247,331.70906359406774,4
WF-3-ZX68,497481.9969831333,5404818.216488899,18.557884108204988,97.80386580152918,332.179290526335,4
WF-3-ZX69,497506.9969831333,5404818.216488899,18.632767539892654,97.3404921829659,332.64951745860225,4
WF-3-ZX70,497531.9969831333,5404818.216488899,18.79708440214331,96.70119097502487,332.4797206270538,4
WF-3-ZX71,497556.9969831333,5404818.216488899,19.004380380572783,95.97734406358873,332.0023469136942,4
WF-3-ZX72,497581.9969831333,5404818.216488899,19.211676359002254,95.25349715215259,331.52497320033456,4
WF-3-ZX73,497606.9969831333,5404818.216488899,19.314552829770467,94.49766259054628,331.4321454366247,4
WF-3-ZX74,497631.9969831333,5404818.216488899,19.414883176273477,93.74104805464104,331.34869429032483,4
WF-3-ZX75,497656.9969831333,5404818.216488899,19.44910361266332,93.04811682604013,331.5211255312714,4
WF-3-ZX76,497681.9969831333,5404818.216488899,19.31075151799339,92.52142375309482,332.36150914343045,4
WF-3-ZX77,497706.9969831333,5404818.216488899,19.172399423323462,91.9947306801495,333.20189275558937,4
WF-3-ZX78,497731.9969831333,5404818.216488899,18.901787856037974,91.71200573955402,334.4717445235664,4
WF-3-ZX79,497756.9969831333,5404818.216488899,18.534518189598504,91.60757801624473,336.05546096049744,4
WF-3-ZX80,497781.9969831333,5404818.216488899,18.167248523159028,91.5031502929354,337.6391773974285,4
WF-3-ZX81,497806.9969831333,5404818.216488899,17.642665726466515,92.00663817489749,339.47512364025516,4
WF-3-ZX82,497831.9969831333,5404818.216488899,17.096334460450088,92.59417011517505,341.3459405400148,4
WF-3-ZX83,497856.9969831333,5404818.216488899,16.517955190526266,93.40475172171536,343.16597061781846,4
WF-3-ZX84,497881.9969831333,5404818.216488899,15.792907974590543,95.23612190853505,344.75357439904917,4
WF-3-ZX85,497906.9969831333,5404818.216488899,15.067860758654806,97.0674920953548,346.34117818028,4
WF-3-ZX86,497931.9969831333,5404818.216488899,14.264782241519406,99.69271932008823,347.4932604806061,4
WF-3-ZX87,497956.9969831333,5404818.216488899,13.377205508430244,103.17759520369025,348.17372706287784,4
WF-3-ZX88,497981.9969831333,5404818.216488899,12.489628775341103,106.6624710872922,348.8541936451495,4
WF-3-ZX89,498006.9969831333,5404818.216488899,11.952832454131617,109.02760804042585,348.9749929069311,4
WF-3-ZX90,498031.9969831333,5404818.216488899,11.51446328912695,111.07855208287998,348.938752434135,4
WF-3-ZX91,498056.9969831333,5404818.216488899,11.168172135402033,112.68901883652558,348.9256774512258,4
WF-3-ZX92,498081.9969831333,5404818.216488899,11.857258541976417,109.34650827978773,349.1730884200531,4
WF-3-ZX93,498106.9969831333,5404818.216488899,12.546344948550814,106.0039977230498,349.4204993888805,4
WF-3-ZX94,498131.9969831333,5404818.216488899,13.30867075794039,102.63472131968143,349.33973534226925,4
WF-3-ZX95,498156.9969831333,5404818.216488899,14.189257468358585,99.22222565157774,348.7290615540566,4
WF-3-ZX96,498181.9969831333,5404818.216488899,15.069844178776748,95.80972998347417,348.118387765844,4
WF-3-ZX97,498206.9969831333,5404818.216488899,15.796076343580616,94.01027754958021,346.63760350450747,4
WF-3-ZX98,498231.9969831333,5404818.216488899,16.450744952132197,92.9586820043145,344.7534090323392,4
WF-3-ZX99,498256.9969831333,5404818.216488899,17.105413560683772,91.90708645904878,342.8692145601708,4
WF-3-ZX100,498281.9969831333,5404818.216488899,17.639592383333728,92.45463948887247,340.33856583415735,4
WF-3-ZX101,498306.9969831333,5404818.216488899,18.171813768139156,93.0281717659538,337.7974150227447,4
WF-3-ZX102,498331.9969831333,5404818.216488899,18.6907323401539,93.89470551359416,335.2236936029571,4
WF-3-ZX103,498356.9969831333,5404818.216488899,19.176243713532042,95.49705043754827,332.56817799416467,4
WF-3-ZX104,498381.9969831333,5404818.216488899,19.661755086910187,97.09939536150239,329.91266238537224,4
WF-3-ZX105,498406.9969831333,5404818.216488899,20.127795059114277,99.09213170367624,327.39529158509134,4
WF-3-ZX106,498431.9969831333,5404818.216488899,20.58005480987884,101.36115428447684,324.97568807104716,4
WF-3-ZX107,498456.9969831333,5404818.216488899,21.03231456064338,103.63017686527728,322.55608455700303,4
WF-3-ZX108,498481.9969831333,5404818.216488899,21.433529187182344,106.0036341834525,320.59629002266155,4
WF-3-ZX109,498506.9969831333,5404818.216488899,21.828199278567926,108.3904811606861,318.6954479559095,4
WF-3-ZX110,498531.9969831333,5404818.216488899,22.209650043203293,110.6278727737339,316.9400434989979,4
WF-3-ZX111,498556.9969831333,5404818.216488899,22.53368177934884,112.21609503222324,315.8163570123511,4
WF-3-ZX112,498581.9969831333,5404818.216488899,22.857713515494403,113.8043172907127,314.6926705257042,4
WF-3-ZX113,498606.9969831333,5404818.216488899,23.193497706914663,114.67180932568736,313.9763891032755,4
WF-3-ZX114,498631.9969831333,5404818.216488899,23.541616161439023,114.78289123221516,313.6876814205083,4
WF-3-ZX115,498656.9969831333,5404818.216488899,23.889734615963388,114.89397313874294,313.3989737377411,4
WF-3-ZX116,498681.9969831333,5404818.216488899,24.440035416011288,114.17182261414204,313.5433057724154,4
WF-3-ZX117,498706.9969831333,5404818.216488899,25.044501311334532,113.22644728768358,313.80365010031204,4
WF-3-ZX118,498731.9969831333,5404818.216488899,25.693622013141837,112.28868832457165,314.0775178970471,4
WF-4-ZX1,495807.26702190976,5405156.216488899,14.35318933630027,90.66704622925009,277.9546900483223,4
WF-4-ZX2,495832.26702190976,5405156.216488899,14.365925783831337,90.35638426535685,278.20769981405334,4
WF-4-ZX3,495857.26702190976,5405156.216488899,14.389583377461472,90.5590133079363,278.0427200626919,4
WF-4-ZX4,495882.26702190976,5405156.216488899,14.413240971091604,90.76164235051574,277.8777403113305,4
WF-4-ZX5,495907.26702190976,5405156.216488899,14.448961504804865,91.29505228989775,277.44213735847154,4
WF-4-ZX6,495932.26702190976,5405156.216488899,14.49842464720387,92.20530173889773,276.698229072598,4
WF-4-ZX7,495957.26702190976,5405156.216488899,14.547887789602877,93.11555118789772,275.95432078672445,4
WF-4-ZX8,495982.26702190976,5405156.216488899,14.611791923820299,94.37034050441007,274.98810184298054,4
WF-4-ZX9,496007.26702190976,5405156.216488899,14.68005264004626,95.72907117113597,273.95481585671195,4
WF-4-ZX10,496032.26702190976,5405156.216488899,14.74856926601395,97.09135722794275,272.93084541158555,4
WF-4-ZX11,496057.26702190976,5405156.216488899,14.820537812707178,98.50160130551404,272.03253063443594,4
WF-4-ZX12,496082.26702190976,5405156.216488899,14.892506359400405,99.91184538308532,271.1342158572863,4
WF-4-ZX13,496107.26702190976,5405156.216488899,14.961950000085531,101.23792132352627,270.3973151305465,4
WF-4-ZX14,496132.26702190976,5405156.216488899,15.027090794124042,102.42056119726185,269.9354899524778,4
WF-4-ZX15,496157.26702190976,5405156.216488899,15.092231588162555,103.60320107099741,269.47366477440914,4
WF-4-ZX16,496182.26702190976,5405156.216488899,15.149181878200617,104.56771400251975,269.3901073319574,4
WF-4-ZX17,496207.26702190976,5405156.216488899,15.20210865235316,105.42507391671785,269.49237071849853,4
WF-4-ZX18,496232.26702190976,5405156.216488899,15.255035426505707,106.28243383091592,269.59463410503975,4
WF-4-ZX19,496257.26702190976,5405156.216488899,15.290769418816222,106.85146865289374,270.26387798446797,4
WF-4-ZX20,496282.26702190976,5405156.216488899,15.325996562675096,107.41200356322824,270.949836621727,4
WF-4-ZX21,496307.26702190976,5405156.216488899,15.353753747015508,107.91632278102117,271.78957384660794,4
WF-4-ZX22,496332.26702190976,5405156.216488899,15.36153249927945,108.27029293838109,273.0405924258288,4
WF-4-ZX23,496357.26702190976,5405156.216488899,15.369311251543394,108.62426309574103,274.2916110050495,4
WF-4-ZX24,496382.26702190976,5405156.216488899,15.352169060260463,108.9238991114992,275.85818772965996,4
WF-4-ZX25,496407.26702190976,5405156.216488899,15.316450248812664,109.18303326148242,277.6599884455212,4
WF-4-ZX26,496432.26702190976,5405156.216488899,15.280731437364864,109.44216741146565,279.4617891613824,4
WF-4-ZX27,496457.26702190976,5405156.216488899,15.186950609513335,109.71734712021235,281.74822940744633,4
WF-4-ZX28,496482.26702190976,5405156.216488899,15.084777163718917,109.9948461463497,284.10472223984715,4
WF-4-ZX29,496507.26702190976,5405156.216488899,14.966287228816926,110.29343289275936,286.5576209437577,4
WF-4-ZX30,496532.26702190976,5405156.216488899,14.770604610610853,110.69178483386574,289.46661212314154,4
WF-4-ZX31,496557.26702190976,5405156.216488899,14.574921992404784,111.09013677497212,292.3756033025254,4
WF-4-ZX32,496582.26702190976,5405156.216488899,14.326624344478942,111.57745543663317,295.5005921292932,4
WF-4-ZX33,496607.26702190976,5405156.216488899,14.020236754679374,112.16299834435554,298.8640544654026,4
WF-4-ZX34,496632.26702190976,5405156.216488899,13.7138491648798,112.74854125207791,302.22751680151214,4
WF-4-ZX35,496657.26702190976,5405156.216488899,13.344567408732402,113.45034655281005,305.65458565156024,4
WF-4-ZX36,496682.26702190976,5405156.216488899,12.957136299432893,114.18570166191984,309.1000094167186,4
WF-4-ZX37,496707.26702190976,5405156.216488899,12.573224987276806,114.91413033512205,312.4908160113183,4
WF-4-ZX38,496732.26702190976,5405156.216488899,12.231603123370515,115.55933968035345,315.22541149096617,4
WF-4-ZX39,496757.26702190976,5405156.216488899,11.889981259464227,116.20454902558483,317.960006970614,4
WF-4-ZX40,496782.26702190976,5405156.216488899,11.641174383042427,116.66222911770154,320.0948806781219,4
WF-4-ZX41,496807.26702190976,5405156.216488899,11.545343415082765,116.81082703854462,321.2413042936341,4
WF-4-ZX42,496832.26702190976,5405156.216488899,11.449512447123103,116.95942495938769,322.3877279091462,4
WF-4-ZX43,496857.26702190976,5405156.216488899,11.586234422505512,116.61356304159126,322.42424201087545,4
WF-4-ZX44,496882.26702190976,5405156.216488899,11.833199959022688,116.03329852855634,321.93459473370194,4
WF-4-ZX45,496907.26702190976,5405156.216488899,12.080165495539863,115.4530340155214,321.4449474565284,4
WF-4-ZX46,496932.26702190976,5405156.216488899,12.543387655337733,114.35019451223579,320.32364858439837,4
WF-4-ZX47,496957.26702190976,5405156.216488899,13.01120775900662,113.23624427191417,319.18891984114777,4
WF-4-ZX48,496982.26702190976,5405156.216488899,13.484171320303412,112.07895059285924,318.1712143831279,4
WF-4-ZX49,497007.26702190976,5405156.216488899,13.970363353280316,110.8101818141181,317.4544814083247,4
WF-4-ZX50,497032.26702190976,5405156.216488899,14.456555386257223,109.54141303537693,316.73774843352146,4
WF-4-ZX51,497057.26702190976,5405156.216488899,14.879027400695298,108.3330760407476,316.54306823903505,4
WF-4-ZX52,497082.26702190976,5405156.216488899,15.255498186344067,107.16836640830083,316.7252722630116,4
WF-4-ZX53,497107.26702190976,5405156.216488899,15.63196897199284,106.00365677585405,316.90747628698824,4
WF-4-ZX54,497132.26702190976,5405156.216488899,15.876893159095331,105.02091175702157,317.88515257431345,4
WF-4-ZX55,497157.26702190976,5405156.216488899,16.104137994586306,104.06262207508483,318.96973724236756,4
WF-4-ZX56,497182.26702190976,5405156.216488899,16.305980027055725,103.1455126581968,320.1770584316211,4
WF-4-ZX57,497207.26702190976,5405156.216488899,16.393884839446965,102.41310588682984,321.93488020995017,4
WF-4-ZX58,497232.26702190976,5405156.216488899,16.4817896518382,101.68069911546286,323.6927019882794,4
WF-4-ZX59,497257.26702190976,5405156.216488899,16.518833063016054,101.04825583842988,325.60682595725257,4
WF-4-ZX60,497282.26702190976,5405156.216488899,16.501454328198644,100.52277437827671,327.68819464295956,4
WF-4-ZX61,497307.26702190976,5405156.216488899,16.484075593381235,99.99729291812355,329.7695633286666,4
WF-4-ZX62,497332.26702190976,5405156.216488899,16.421849748199254,99.58791707198577,331.77800886824656,4
WF-4-ZX63,497357.26702190976,5405156.216488899,16.347258686334225,99.21055379173575,333.7663480844594,4
WF-4-ZX64,497382.26702190976,5405156.216488899,16.27177761750498,98.83620492020917,335.7181354831612,4
WF-4-ZX65,497407.26702190976,5405156.216488899,16.1866729880553,98.49445056339061,337.2746915569982,4
WF-4-ZX66,497432.26702190976,5405156.216488899,16.10156835860561,98.15269620657209,338.83124763083526,4
WF-4-ZX67,497457.26702190976,5405156.216488899,16.017215568149997,97.77335652049186,340.22381804594875,4
WF-4-ZX68,497482.26702190976,5405156.216488899,15.934061563779029,97.3340880862871,341.35491795034056,4
WF-4-ZX69,497507.26702190976,5405156.216488899,15.850907559408057,96.8948196520823,342.4860178547323,4
WF-4-ZX70,497532.26702190976,5405156.216488899,15.738200784022272,96.34420033299888,343.63618603080096,4
WF-4-ZX71,497557.26702190976,5405156.216488899,15.611980538218473,95.7426640664633,344.79507347468706,4
WF-4-ZX72,497582.26702190976,5405156.216488899,15.485760292414675,95.14112779992774,345.9539609185733,4
WF-4-ZX73,497607.26702190976,5405156.216488899,15.23789862554691,94.41435786393437,347.7463916951713,4
WF-4-ZX74,497632.26702190976,5405156.216488899,14.988434586215938,93.68593823508431,349.5471680861309,4
WF-4-ZX75,497657.26702190976,5405156.216488899,14.681132743121594,92.9380114358881,351.6696131998367,4
WF-4-ZX76,497682.26702190976,5405156.216488899,14.2306895224626,92.14180681398695,354.5881484327618,4
WF-4-ZX77,497707.26702190976,5405156.216488899,13.7802463018036,91.34560219208579,357.5066836656869,4
WF-4-ZX78,497732.26702190976,5405156.216488899,13.184967496761708,90.52192766208998,361.21311558174494,4
WF-4-ZX79,497757.26702190976,5405156.216488899,12.488440372818634,89.67905010248788,365.470332133878,4
WF-4-ZX80,497782.26702190976,5405156.216488899,11.79191324887557,88.83617254288579,369.727548686011,4
WF-4-ZX81,497807.26702190976,5405156.216488899,10.961970989626142,88.00694099530153,374.65592362336133,4
WF-4-ZX82,497832.26702190976,5405156.216488899,10.115428565287814,87.17940735142051,379.6678073767829,4
WF-4-ZX83,497857.26702190976,5405156.216488899,9.324564150627706,86.41416358302229,384.3407444919225,4
WF-4-ZX84,497882.26702190976,5405156.216488899,8.770870844412716,85.91425542734707,387.56987371289244,4
WF-4-ZX85,497907.26702190976,5405156.216488899,8.217177538197745,85.41434727167183,390.7990029338623,4
WF-4-ZX86,497932.26702190976,5405156.216488899,8.050156277521165,85.26330229956076,391.79144204069877,4
WF-4-ZX87,497957.26702190976,5405156.216488899,8.284131659420163,85.47404444638322,390.464330932829,4
WF-4-ZX88,497982.26702190976,5405156.216488899,8.518107041319155,85.68478659320562,389.13721982495923,4
WF-4-ZX89,498007.26702190976,5405156.216488899,9.194913775527834,86.30302672301185,385.3319365249538,4
WF-4-ZX90,498032.26702190976,5405156.216488899,9.98823951677987,87.02848884625145,380.87458972130514,4
WF-4-ZX91,498057.26702190976,5405156.216488899,10.785612576839931,87.75964811880237,376.40925203105485,4
WF-4-ZX92,498082.26702190976,5405156.216488899,11.622707116779504,88.5467207533774,371.8654896215216,4
WF-4-ZX93,498107.26702190976,5405156.216488899,12.459801656719064,89.33379338795243,367.32172721198856,4
WF-4-ZX94,498132.26702190976,5405156.216488899,13.240659975839492,90.08068351927093,363.17895254978305,4
WF-4-ZX95,498157.26702190976,5405156.216488899,13.934751551587528,90.76557615329435,359.6548610149475,4
WF-4-ZX96,498182.26702190976,5405156.216488899,14.628843127335552,91.45046878731775,356.1307694801121,4
WF-4-ZX97,498207.26702190976,5405156.216488899,15.235152529191925,92.09002572739644,353.25908962196655,4
WF-4-ZX98,498232.26702190976,5405156.216488899,15.802762993031664,92.70959634072874,350.6750266901085,4
WF-4-ZX99,498257.26702190976,5405156.216488899,16.370373456871402,93.32916695406101,348.0909637582505,4
WF-4-ZX100,498282.26702190976,5405156.216488899,16.860055486079844,93.95686390827404,346.1865094666141,4
WF-4-ZX101,498307.26702190976,5405156.216488899,17.34933139601579,94.58460321241573,344.28559691385453,4
WF-4-ZX102,498332.26702190976,5405156.216488899,17.82565581917228,95.2300774362963,342.5376794466425,4
WF-4-ZX103,498357.26702190976,5405156.216488899,18.27111709790999,95.91781363353007,341.1543463318704,4
WF-4-ZX104,498382.26702190976,5405156.216488899,18.716578376647718,96.60554983076386,339.7710132170982,4
WF-4-ZX105,498407.26702190976,5405156.216488899,19.148088605728972,97.34227752452165,338.6519905747919,4
WF-4-ZX106,498432.26702190976,5405156.216488899,19.570156959712513,98.11216197726337,337.7118495599976,4
WF-4-ZX107,498457.26702190976,5405156.216488899,19.992225313696025,98.88204643000503,336.77170854520335,4
WF-4-ZX108,498482.26702190976,5405156.216488899,20.404062953627083,99.72466707922936,336.20384491756374,4
WF-4-ZX109,498507.26702190976,5405156.216488899,20.814727872854895,100.57562529346143,335.67865449895123,4
WF-4-ZX110,498532.26702190976,5405156.216488899,21.224629657887228,101.4390369177936,335.2303577257137,4
WF-4-ZX111,498557.26702190976,5405156.216488899,21.63143924382849,102.3529094225577,335.09363192091314,4
WF-4-ZX112,498582.26702190976,5405156.216488899,22.03824882976977,103.26678192732186,334.9569061161126,4
WF-4-ZX113,498607.26702190976,5405156.216488899,22.446211089993398,104.193482852629,334.9796709528386,4
WF-4-ZX114,498632.26702190976,5405156.216488899,22.85533192190548,105.13307783228997,335.1627424301114,4
WF-4-ZX115,498657.26702190976,5405156.216488899,23.264452753817572,106.07267281195094,335.34581390738424,4
WF-4-ZX116,498682.26702190976,5405156.216488899,23.68359376976076,106.98028030528019,335.662082704728,4
WF-4-ZX117,498707.26702190976,5405156.216488899,24.1052475721355,107.87986621723088,336.01175372478076,4
WF-4-ZX118,498732.26702190976,5405156.216488899,24.53042473701821,108.76591904412761,336.3530597469976,4
WF-5-ZX1,495807.5370606862,5405494.216488899,14.513931314499938,119.28078064944776,254.50450925214176,4
WF-5-ZX2,495832.5370606862,5405494.216488899,14.357747923707105,121.09041808062548,252.68043010191462,4
WF-5-ZX3,495857.5370606862,5405494.216488899,14.155626540359336,123.31482789830673,250.34874467821373,4
WF-5-ZX4,495882.5370606862,5405494.216488899,13.953505157011564,125.53923771598798,248.0170592545129,4
WF-5-ZX5,495907.5370606862,5405494.216488899,13.720783364794798,128.0046722162678,245.36052842026533,4
WF-5-ZX6,495932.5370606862,5405494.216488899,13.45467876837313,130.7330469871232,242.34961504219066,4
WF-5-ZX7,495957.5370606862,5405494.216488899,13.188574171951462,133.4614217579786,239.33870166411606,4
WF-5-ZX8,495982.5370606862,5405494.216488899,12.885590120563243,136.4051332802322,235.95923990860578,4
WF-5-ZX9,496007.5370606862,5405494.216488899,12.572145819734214,139.40992152217817,232.47524548138225,4
WF-5-ZX10,496032.5370606862,5405494.216488899,12.260723585344596,142.38446239245803,229.01718653931331,4
WF-5-ZX11,496057.5370606862,5405494.216488899,11.972612025373934,145.01030718668662,225.858115621848,4
WF-5-ZX12,496082.5370606862,5405494.216488899,11.684500465403273,147.63615198091514,222.69904470438263,4
WF-5-ZX13,496107.5370606862,5405494.216488899,11.459714326111905,149.7070768501571,220.24276603023088,4
WF-5-ZX14,496132.5370606862,5405494.216488899,11.337985024795207,150.87491584669903,218.9302230876715,4
WF-5-ZX15,496157.5370606862,5405494.216488899,11.216255723478508,152.04275484324097,217.61768014511208,4
WF-5-ZX16,496182.5370606862,5405494.216488899,11.299814829032522,151.63529550505962,218.5675227200452,4
WF-5-ZX17,496207.5370606862,5405494.216488899,11.479367169054756,150.4912237847786,220.57526090023254,4
WF-5-ZX18,496232.5370606862,5405494.216488899,11.658919509076991,149.3471520644976,222.58299908041985,4
WF-5-ZX19,496257.5370606862,5405494.216488899,12.129238468590444,146.20542887753822,227.87043441900258,4
WF-5-ZX20,496282.5370606862,5405494.216488899,12.604837284616469,143.02743153667274,233.21742380966776,4
WF-5-ZX21,496307.5370606862,5405494.216488899,13.120774732017672,139.62250241713144,239.07430168991647,4
WF-5-ZX22,496332.5370606862,5405494.216488899,13.738939495534492,135.6424762780703,246.22335359866844,4
WF-5-ZX23,496357.5370606862,5405494.216488899,14.357104259051312,131.66245013900914,253.3724055074204,4
WF-5-ZX24,496382.5370606862,5405494.216488899,14.958006462100366,127.8771206692523,260.56759121487397,4
WF-5-ZX25,496407.5370606862,5405494.216488899,15.546598318258033,124.23063407522122,267.795676043318,4
WF-5-ZX26,496432.5370606862,5405494.216488899,16.135190174415687,120.58414748119017,275.0237608717619,4
WF-5-ZX27,496457.5370606862,5405494.216488899,16.59811289007834,117.7140537185039,281.4071334708154,4
WF-5-ZX28,496482.5370606862,5405494.216488899,17.044627151811614,114.94533254382165,287.68021310816846,4
WF-5-ZX29,496507.5370606862,5405494.216488899,17.45303108938936,112.36236863750182,293.69995348899783,4
WF-5-ZX30,496532.5370606862,5405494.216488899,17.693868610750485,110.59615663333454,298.6057922632858,4
WF-5-ZX31,496557.5370606862,5405494.216488899,17.934706132111614,108.82994462916727,303.5116310375738,4
WF-5-ZX32,496582.5370606862,5405494.216488899,18.059907221833072,107.52269849399113,307.7237343598495,4
WF-5-ZX33,496607.5370606862,5405494.216488899,18.0628459518336,106.70071681551386,311.2023514253942,4
WF-5-ZX34,496632.5370606862,5405494.216488899,18.06578468183413,105.87873513703659,314.68096849093905,4
WF-5-ZX35,496657.5370606862,5405494.216488899,17.899148072297162,105.65251798729908,317.15716522930995,4
WF-5-ZX36,496682.5370606862,5405494.216488899,17.686576739311285,105.58768207933275,319.3618254303878,4
WF-5-ZX37,496707.5370606862,5405494.216488899,17.465252493599763,105.55744867443651,321.47826340572624,4
WF-5-ZX38,496732.5370606862,5405494.216488899,17.152804828400484,105.88744945688032,322.6762515877009,4
WF-5-ZX39,496757.5370606862,5405494.216488899,16.840357163201208,106.21745023932414,323.8742397696755,4
WF-5-ZX40,496782.5370606862,5405494.216488899,16.55482657378524,106.52454506998959,324.7833765103641,4
WF-5-ZX41,496807.5370606862,5405494.216488899,16.311677938464122,106.79557361304695,325.2377057294863,4
WF-5-ZX42,496832.5370606862,5405494.216488899,16.068529303143002,107.06660215610432,325.6920349486086,4
WF-5-ZX43,496857.5370606862,5405494.216488899,15.937916071008555,107.10147813646208,325.8055184202789,4
WF-5-ZX44,496882.5370606862,5405494.216488899,15.85805131222815,107.02985978973446,325.7652955840443,4
WF-5-ZX45,496907.5370606862,5405494.216488899,15.778186553447744,106.95824144300683,325.7250727478098,4
WF-5-ZX46,496932.5370606862,5405494.216488899,15.827899265344339,106.54617376081794,325.49377593976305,4
WF-5-ZX47,496957.5370606862,5405494.216488899,15.878923131138414,106.13066117828677,325.26054571395827,4
WF-5-ZX48,496982.5370606862,5405494.216488899,15.943614618136822,105.653717901761,325.06339446391615,4
WF-5-ZX49,497007.5370606862,5405494.216488899,16.0416443117114,105.02693222501846,324.9542474341438,4
WF-5-ZX50,497032.5370606862,5405494.216488899,16.139674005285983,104.40014654827591,324.8451004043715,4
WF-5-ZX51,497057.5370606862,5405494.216488899,16.22699288840502,103.71621664464574,324.95336346851,4
WF-5-ZX52,497082.5370606862,5405494.216488899,16.30691611473341,102.99282949439716,325.2117449988525,4
WF-5-ZX53,497107.5370606862,5405494.216488899,16.38683934106181,102.26944234414859,325.47012652919494,4
WF-5-ZX54,497132.5370606862,5405494.216488899,16.42096099200895,101.5104589422418,326.1826670284515,4
WF-5-ZX55,497157.5370606862,5405494.216488899,16.44955602576098,100.74718034186517,326.9500083232269,4
WF-5-ZX56,497182.5370606862,5405494.216488899,16.465678449343166,99.97851749855462,327.8289849295279,4
WF-5-ZX57,497207.5370606862,5405494.216488899,16.42968522667492,99.18735709488993,329.1744193442027,4
WF-5-ZX58,497232.5370606862,5405494.216488899,16.393692004006674,98.39619669122527,330.5198537588774,4
WF-5-ZX59,497257.5370606862,5405494.216488899,16.32307574925001,97.5835739421489,332.1722535421981,4
WF-5-ZX60,497282.5370606862,5405494.216488899,16.21697999011062,96.74895793216598,334.1392121173199,4
WF-5-ZX61,497307.5370606862,5405494.216488899,16.110884230971227,95.91434192218301,336.10617069244176,4
WF-5-ZX62,497332.5370606862,5405494.216488899,15.94517458583961,95.01911851387436,338.61136524369425,4
WF-5-ZX63,497357.5370606862,5405494.216488899,15.764061951682388,94.10823541360399,341.2556287835815,4
WF-5-ZX64,497382.5370606862,5405494.216488899,15.575147805072373,93.18605334263886,343.97230388705157,4
WF-5-ZX65,497407.5370606862,5405494.216488899,15.312305202227414,92.15680030747787,347.375163258204,4
WF-5-ZX66,497432.5370606862,5405494.216488899,15.049462599382446,91.1275472723168,350.7780226293565,4
WF-5-ZX67,497457.5370606862,5405494.216488899,14.752232208344878,90.03712955234185,354.507846610173,4
WF-5-ZX68,497482.5370606862,5405494.216488899,14.402603577685902,88.8535124153734,358.73588146366717,4
WF-5-ZX69,497507.5370606862,5405494.216488899,14.052974947026932,87.66989527840494,362.9639163171613,4
WF-5-ZX70,497532.5370606862,5405494.216488899,13.650433006675339,86.38626846641921,367.694431815052,4
WF-5-ZX71,497557.5370606862,5405494.216488899,13.22489056025779,85.05916916801648,372.64336701068214,4
WF-5-ZX72,497582.5370606862,5405494.216488899,12.79934811384025,83.7320698696138,377.5923022063122,4
WF-5-ZX73,497607.5370606862,5405494.216488899,12.355934722967621,82.4066414788494,382.6418994373176,4
WF-5-ZX74,497632.5370606862,5405494.216488899,11.912481927584961,81.08121677235012,387.69171862291483,4
WF-5-ZX75,497657.5370606862,5405494.216488899,11.50406342181752,79.86620975802477,392.3318166447168,4
WF-5-ZX76,497682.5370606862,5405494.216488899,11.177946345124354,78.9105924433567,396.00941085460556,4
WF-5-ZX77,497707.5370606862,5405494.216488899,10.851829268431203,77.95497512868867,399.68700506449414,4
WF-5-ZX78,497732.5370606862,5405494.216488899,10.690204282720973,77.48453950908255,401.51822596278,4
WF-5-ZX79,497757.5370606862,5405494.216488899,10.638531900479933,77.33841729694106,402.1152625828209,4
WF-5-ZX80,497782.5370606862,5405494.216488899,10.586859518238889,77.19229508479957,402.7122992028619,4
WF-5-ZX81,497807.5370606862,5405494.216488899,10.796434881393852,77.80786347793968,400.44368224035105,4
WF-5-ZX82,497832.5370606862,5405494.216488899,11.034990989868106,78.5079277637058,397.8571724802455,4
WF-5-ZX83,497857.5370606862,5405494.216488899,11.302611179171128,79.28887147317425,394.9805037357637,4
WF-5-ZX84,497882.5370606862,5405494.216488899,11.685817387689456,80.3914675575194,390.94989098248277,4
WF-5-ZX85,497907.5370606862,5405494.216488899,12.069023596207774,81.49406364186453,386.91927822920195,4
WF-5-ZX86,497932.5370606862,5405494.216488899,12.458484455814117,82.59075175818685,382.96320521464355,4
WF-5-ZX87,497957.5370606862,5405494.216488899,12.854157367370195,83.68157214443784,379.0811642640236,4
WF-5-ZX88,497982.5370606862,5405494.216488899,13.249830278926268,84.7723925306888,375.19912331340373,4
WF-5-ZX89,498007.5370606862,5405494.216488899,13.621471654825204,85.74333381295547,371.87255698066815,4
WF-5-ZX90,498032.5370606862,5405494.216488899,13.987198363327575,86.6847703212459,368.68270465817704,4
WF-5-ZX91,498057.5370606862,5405494.216488899,14.350237867256915,87.61334271124471,365.5611970207176,4
WF-5-ZX92,498082.5370606862,5405494.216488899,14.689943916164395,88.43021377095923,363.03313792460733,4
WF-5-ZX93,498107.5370606862,5405494.216488899,15.02964996507189,89.24708483067377,360.50507882849683,4
WF-5-ZX94,498132.5370606862,5405494.216488899,15.362839973156788,90.03942271155341,358.1905795101874,4
WF-5-ZX95,498157.5370606862,5405494.216488899,15.686419351115536,90.7955761494529,356.1910634908092,4
WF-5-ZX96,498182.5370606862,5405494.216488899,16.009998729074283,91.55172958735237,354.191547471431,4
WF-5-ZX97,498207.5370606862,5405494.216488899,16.32519884145544,92.30695166417371,352.50664974722457,4
WF-5-ZX98,498232.5370606862,5405494.216488899,16.636889960842183,93.06178371403286,350.9535050249309,4
WF-5-ZX99,498257.5370606862,5405494.216488899,16.94850808344868,93.81689473885422,349.40274918788805,4
WF-5-ZX100,498282.5370606862,5405494.216488899,17.247203816601736,94.62139182012825,348.27489016179743,4
WF-5-ZX101,498307.5370606862,5405494.216488899,17.545899549754807,95.4258889014023,347.1470311357068,4
WF-5-ZX102,498332.5370606862,5405494.216488899,17.83909732289734,96.26024313258768,346.1565924174564,4
WF-5-ZX103,498357.5370606862,5405494.216488899,18.119849255178035,97.16218558479915,345.4772347691464,4
WF-5-ZX104,498382.5370606862,5405494.216488899,18.40060118745874,98.06412803701065,344.79787712083623,4
WF-5-ZX105,498407.5370606862,5405494.216488899,18.6651411912774,99.05452630382581,344.42450402338875,4
WF-5-ZX106,498432.5370606862,5405494.216488899,18.919192782503572,100.10215163538786,344.2490896218416,4
WF-5-ZX107,498457.5370606862,5405494.216488899,19.173244373729737,101.14977696694989,344.0736752202945,4
WF-5-ZX108,498482.5370606862,5405494.216488899,19.390733024390475,102.37167684073376,344.4257356457282,4
WF-5-ZX109,498507.5370606862,5405494.216488899,19.604515387904257,103.61124245709426,344.83126477858366,4
WF-5-ZX110,498532.5370606862,5405494.216488899,19.805987047585262,104.89691771821131,345.3731337567323,4
WF-5-ZX111,498557.5370606862,5405494.216488899,19.96079429057283,106.35737418645701,346.4318066023998,4
WF-5-ZX112,498582.5370606862,5405494.216488899,20.115601533560405,107.8178306547027,347.4904794480672,4
WF-5-ZX113,498607.5370606862,5405494.216488899,20.2302232378139,109.37651571088728,348.8803339737368,4
WF-5-ZX114,498632.5370606862,5405494.216488899,20.306161965956413,111.02975652619196,350.5889870876421,4
WF-5-ZX115,498657.5370606862,5405494.216488899,20.382100694098934,112.6829973414967,352.29764020154744,4
WF-5-ZX116,498682.5370606862,5405494.216488899,20.38832590779078,114.36769038374234,354.3573916217493,4
WF-5-ZX117,498707.5370606862,5405494.216488899,20.378231226052705,116.0597463750339,356.4993349625497,4
